Transaction_Date,SKU,Unit_Qty_Sold
2021-01-01 12:35:00,INT-CA-32OZ,1
2021-01-01 08:43:00,CHL-PS-17LB,1
2021-01-02 18:56:00,CHL-PS-1LB,3
2021-01-02 16:48:00,INT-CT-25LB,2
2021-01-02 12:49:00,CHL-PS-1LB,4
2021-01-03 09:18:00,CHL-PS-17LB,1
2021-01-03 14:10:00,INT-LS-1GAL,1
2021-01-03 15:00:00,AQU-CT-11LB,1
2021-01-04 12:32:00,INT-CT-25LB,1
2021-01-04 10:32:00,INT-LS-1GAL,1
2021-01-04 09:55:00,AQU-CT-11LB,2
2021-01-04 18:19:00,CHL-PS-17LB,1
2021-01-04 18:32:00,INT-CT-25LB,1
2021-01-05 10:23:00,CHL-PS-1LB,3
2021-01-05 10:34:00,HTH-S-5LB,2
2021-01-06 16:58:00,INT-LS-1GAL,1
2021-01-06 08:38:00,INT-BA-32OZ,1
2021-01-06 13:31:00,AQU-PS-5LB,1
2021-01-06 08:07:00,CHL-PS-1LB,3
2021-01-06 13:56:00,AQU-PS-25LB,1
2021-01-07 12:15:00,CHL-CT-21LB,1
2021-01-07 08:15:00,INT-AI-5LB,2
2021-01-07 17:05:00,INT-MA-1GAL,3
2021-01-07 09:46:00,INT-CT-25LB,3
2021-01-07 15:52:00,AQU-PS-5LB,1
2021-01-08 16:49:00,CHL-PS-1LB,1
2021-01-09 18:30:00,BIO-MA-32OZ,1
2021-01-10 10:16:00,AQU-PS-25LB,1
2021-01-10 16:55:00,CHL-PS-17LB,2
2021-01-10 17:27:00,AQU-PS-5LB,4
2021-01-10 11:59:00,INT-CA-32OZ,1
2021-01-11 11:45:00,INT-CA-32OZ,1
2021-01-11 12:25:00,CHL-CT-1LB,1
2021-01-11 18:41:00,AQU-BA-32OZ,1
2021-01-12 16:28:00,INT-LS-1GAL,1
2021-01-12 09:15:00,INT-LS-1GAL,1
2021-01-13 13:01:00,AQU-BA-32OZ,1
2021-01-14 11:37:00,AQU-PS-5LB,2
2021-01-14 11:00:00,INT-CA-32OZ,1
2021-01-14 09:45:00,INT-CA-32OZ,1
2021-01-14 18:03:00,CHL-CT-21LB,1
2021-01-15 08:55:00,INT-LS-1GAL,1
2021-01-16 16:15:00,AQU-BA-32OZ,1
2021-01-17 15:13:00,AQU-PS-25LB,1
2021-01-18 17:36:00,INT-LS-1GAL,1
2021-01-18 15:15:00,AQU-PD-5LB,2
2021-01-19 14:12:00,BIO-MA-32OZ,1
2021-01-19 09:06:00,AQU-BA-32OZ,1
2021-01-19 18:27:00,BIO-MA-32OZ,3
2021-01-19 13:27:00,INT-LS-1GAL,1
2021-01-19 14:29:00,AQU-PS-25LB,1
2021-01-20 08:43:00,BIO-MA-32OZ,3
2021-01-20 18:41:00,CHL-PS-1LB,1
2021-01-20 09:03:00,CHL-CT-1LB,1
2021-01-20 14:46:00,AQU-PS-5LB,1
2021-01-20 13:51:00,INT-MA-1GAL,1
2021-01-21 11:12:00,CHL-CT-1LB,4
2021-01-21 11:34:00,HTH-S-5LB,1
2021-01-21 15:08:00,CHL-CT-21LB,1
2021-01-21 14:11:00,INT-LS-1GAL,1
2021-01-21 12:29:00,INT-CT-25LB,1
2021-01-21 11:55:00,CHL-PS-1LB,1
2021-01-22 15:51:00,AQU-BA-32OZ,1
2021-01-22 16:06:00,CHL-PS-17LB,1
2021-01-22 08:41:00,INT-CHI-7LB,1
2021-01-22 16:53:00,INT-BA-32OZ,2
2021-01-22 08:05:00,AQU-PS-25LB,2
2021-01-23 11:10:00,INT-CT-25LB,1
2021-01-23 14:31:00,AQU-PS-5LB,2
2021-01-23 15:13:00,INT-LS-1GAL,1
2021-01-23 14:57:00,CHL-PS-1LB,1
2021-01-23 08:10:00,INT-BA-32OZ,1
2021-01-23 14:00:00,CHL-CT-21LB,1
2021-01-24 12:59:00,INT-BA-32OZ,1
2021-01-24 15:18:00,INT-BA-32OZ,1
2021-01-24 14:44:00,INT-MA-1GAL,1
2021-01-24 16:42:00,INT-LS-1GAL,1
2021-01-25 10:12:00,BIO-MA-32OZ,1
2021-01-25 12:13:00,CHL-CT-21LB,1
2021-01-25 08:37:00,AQU-PS-5LB,3
2021-01-25 16:03:00,AQU-BA-32OZ,1
2021-01-26 08:03:00,INT-LS-1GAL,1
2021-01-26 17:30:00,INT-CA-32OZ,3
2021-01-26 16:58:00,AQU-BA-32OZ,2
2021-01-27 10:03:00,CHL-PS-17LB,3
2021-01-27 16:05:00,INT-CT-25LB,1
2021-01-27 10:04:00,AQU-PS-5LB,1
2021-01-27 17:04:00,CHL-PS-1LB,1
2021-01-28 11:25:00,CHL-CT-21LB,1
2021-01-28 09:56:00,INT-BA-32OZ,1
2021-01-28 17:15:00,INT-CA-32OZ,1
2021-01-29 08:39:00,INT-BA-32OZ,2
2021-01-29 09:26:00,INT-BA-32OZ,1
2021-01-29 18:37:00,AQU-PS-5LB,1
2021-01-30 13:59:00,AQU-PS-25LB,1
2021-01-30 12:13:00,HTH-AI-11LB,1
2021-01-31 13:15:00,BIO-MA-32OZ,1
2021-01-31 12:25:00,INT-CT-25LB,1
2021-01-31 10:42:00,CHL-PS-17LB,2
2021-02-01 15:20:00,AQU-PS-25LB,1
2021-02-01 09:00:00,INT-BA-32OZ,1
2021-02-01 15:39:00,INT-MA-1GAL,4
2021-02-01 17:06:00,AQU-BA-32OZ,1
2021-02-02 11:32:00,HTH-S-5LB,3
2021-02-03 13:56:00,INT-LS-1GAL,1
2021-02-04 11:23:00,CHL-PS-17LB,1
2021-02-05 15:53:00,INT-MA-1GAL,1
2021-02-06 12:39:00,INT-CT-25LB,4
2021-02-06 18:33:00,AQU-PS-5LB,1
2021-02-07 16:19:00,AQU-BA-32OZ,2
2021-02-08 09:56:00,CHL-CT-1LB,1
2021-02-08 10:16:00,BIO-MA-32OZ,2
2021-02-08 09:56:00,AQU-BA-32OZ,3
2021-02-08 09:47:00,CHL-CT-21LB,1
2021-02-08 16:09:00,BIO-MA-32OZ,1
2021-02-08 12:18:00,INT-BA-32OZ,2
2021-02-09 13:13:00,AQU-BA-32OZ,1
2021-02-09 18:40:00,CHL-CT-1LB,1
2021-02-09 12:32:00,INT-CT-25LB,1
2021-02-10 08:05:00,INT-LS-1GAL,1
2021-02-10 18:27:00,CHL-PS-1LB,1
2021-02-10 12:02:00,BIO-MA-32OZ,1
2021-02-11 10:40:00,AQU-PS-5LB,1
2021-02-12 10:47:00,INT-CT-25LB,1
2021-02-12 15:35:00,CHL-PS-1LB,1
2021-02-12 14:35:00,CHL-CT-21LB,1
2021-02-12 08:07:00,INT-CA-32OZ,4
2021-02-13 10:34:00,CHL-CT-21LB,1
2021-02-14 13:37:00,AQU-CT-11LB,1
2021-02-15 14:08:00,CHL-PS-1LB,4
2021-02-15 08:19:00,BIO-MA-32OZ,1
2021-02-15 13:57:00,CHL-CT-1LB,1
2021-02-16 08:57:00,CHL-CT-21LB,2
2021-02-16 13:13:00,INT-BA-32OZ,1
2021-02-16 18:15:00,INT-MA-1GAL,2
2021-02-16 18:06:00,CHL-CT-21LB,1
2021-02-17 16:56:00,CHL-CT-1LB,1
2021-02-18 17:47:00,CHL-PS-1LB,1
2021-02-18 10:59:00,CHL-PS-1LB,1
2021-02-18 11:55:00,AQU-BA-32OZ,2
2021-02-18 10:51:00,AQU-CT-11LB,1
2021-02-18 10:56:00,AQU-CT-11LB,1
2021-02-19 10:47:00,CHL-PS-17LB,1
2021-02-20 14:51:00,INT-BA-32OZ,1
2021-02-20 18:55:00,CHL-CT-1LB,1
2021-02-20 11:17:00,CHL-CT-21LB,3
2021-02-20 10:50:00,INT-BA-32OZ,1
2021-02-20 09:24:00,AQU-PS-5LB,1
2021-02-20 08:54:00,CHL-PS-1LB,1
2021-02-21 11:52:00,INT-MA-1GAL,1
2021-02-22 13:19:00,AQU-CT-11LB,1
2021-02-22 11:14:00,INT-MA-1GAL,1
2021-02-22 08:42:00,CHL-S-1LB,3
2021-02-22 11:25:00,CHL-PS-17LB,1
2021-02-22 13:17:00,AQU-PS-5LB,1
2021-02-22 09:49:00,AQU-PS-5LB,1
2021-02-23 18:32:00,AQU-PS-5LB,1
2021-02-24 16:21:00,AQU-PS-5LB,1
2021-02-25 09:56:00,INT-CT-25LB,3
2021-02-25 12:11:00,INT-CA-32OZ,2
2021-02-25 17:16:00,INT-LS-1GAL,1
2021-02-25 08:06:00,INT-CA-32OZ,2
2021-02-25 17:27:00,AQU-CHI-11LB,1
2021-02-26 13:27:00,INT-LS-1GAL,3
2021-02-26 17:32:00,AQU-BA-32OZ,1
2021-02-27 17:12:00,INT-CA-32OZ,2
2021-02-28 14:00:00,INT-LS-1GAL,3
2021-03-01 16:43:00,CHL-CT-1LB,1
2021-03-01 18:12:00,AQU-BA-32OZ,1
2021-03-02 09:42:00,INT-MA-1GAL,1
2021-03-02 13:39:00,INT-CT-25LB,1
2021-03-03 09:46:00,INT-LS-1GAL,1
2021-03-04 16:19:00,BIO-MA-32OZ,2
2021-03-04 18:26:00,AQU-PS-5LB,1
2021-03-04 13:25:00,CHL-PS-1LB,1
2021-03-04 12:35:00,AQU-CT-11LB,3
2021-03-04 10:12:00,INT-LS-1GAL,1
2021-03-05 14:43:00,CHL-PS-17LB,2
2021-03-05 10:39:00,INT-CT-25LB,1
2021-03-06 14:35:00,AQU-PS-5LB,2
2021-03-06 08:19:00,INT-CA-32OZ,1
2021-03-06 12:13:00,AQU-PS-5LB,4
2021-03-07 17:38:00,CHL-CT-1LB,1
2021-03-07 18:20:00,BIO-MA-32OZ,3
2021-03-08 15:43:00,BIO-MA-32OZ,1
2021-03-08 11:32:00,AQU-CT-11LB,3
2021-03-09 10:42:00,AQU-PS-5LB,1
2021-03-09 09:18:00,CHL-PS-1LB,1
2021-03-10 18:39:00,INT-CA-32OZ,1
2021-03-10 13:05:00,CHL-S-1LB,1
2021-03-10 11:43:00,INT-LS-1GAL,3
2021-03-11 11:09:00,AQU-PS-25LB,4
2021-03-12 11:30:00,AQU-PS-5LB,1
2021-03-13 09:29:00,INT-AI-5LB,1
2021-03-13 14:56:00,INT-CT-25LB,1
2021-03-13 18:36:00,AQU-CT-11LB,1
2021-03-14 14:31:00,CHL-PS-1LB,1
2021-03-15 10:41:00,INT-MA-1GAL,3
2021-03-15 08:57:00,AQU-CT-11LB,1
2021-03-16 09:49:00,AQU-CT-11LB,1
2021-03-16 14:14:00,INT-CT-25LB,1
2021-03-16 10:51:00,HTH-AI-11LB,4
2021-03-17 16:29:00,INT-BA-32OZ,1
2021-03-17 08:35:00,INT-LS-1GAL,2
2021-03-17 11:58:00,INT-BA-32OZ,1
2021-03-17 09:29:00,AQU-BA-32OZ,2
2021-03-18 15:42:00,AQU-PD-5LB,3
2021-03-19 16:38:00,CHL-PS-1LB,1
2021-03-19 13:48:00,CHL-CT-1LB,2
2021-03-19 15:39:00,AQU-CHI-11LB,1
2021-03-20 16:27:00,INT-AI-5LB,2
2021-03-20 16:28:00,BIO-MA-32OZ,1
2021-03-20 10:47:00,CHL-CT-1LB,1
2021-03-21 15:16:00,CHL-PS-1LB,3
2021-03-21 11:53:00,BIO-MA-32OZ,4
2021-03-21 18:17:00,HTH-F-2LB,1
2021-03-21 16:31:00,INT-CA-32OZ,3
2021-03-21 18:15:00,AQU-BA-32OZ,1
2021-03-22 09:45:00,INT-MA-1GAL,1
2021-03-23 12:21:00,AQU-PS-25LB,1
2021-03-24 16:05:00,AQU-PS-5LB,1
2021-03-25 11:24:00,CHL-CT-21LB,2
2021-03-26 11:04:00,CHL-CT-21LB,1
2021-03-26 14:26:00,AQU-BA-32OZ,1
2021-03-26 13:34:00,AQU-PS-5LB,1
2021-03-26 15:26:00,INT-CA-32OZ,1
2021-03-27 14:24:00,INT-BA-32OZ,1
2021-03-28 17:44:00,CHL-CT-1LB,1
2021-03-28 08:54:00,AQU-BA-32OZ,1
2021-03-28 17:24:00,CHL-CT-21LB,2
2021-03-28 15:00:00,CHL-CT-1LB,1
2021-03-28 13:19:00,AQU-BA-32OZ,3
2021-03-29 14:34:00,CHL-PS-17LB,3
2021-03-29 16:51:00,AQU-CT-11LB,1
2021-03-30 11:31:00,AQU-CT-11LB,1
2021-03-30 11:17:00,INT-CT-25LB,1
2021-03-30 14:31:00,AQU-PS-5LB,1
2021-03-31 13:42:00,AQU-PS-5LB,1
2021-04-01 14:46:00,CHL-PS-17LB,1
2021-04-01 10:53:00,AQU-BA-32OZ,1
2021-04-01 15:58:00,INT-BA-32OZ,1
2021-04-01 10:39:00,CHL-PS-17LB,1
2021-04-01 16:01:00,CHL-PS-17LB,1
2021-04-01 14:37:00,CHL-PS-17LB,1
2021-04-01 17:42:00,AQU-PS-5LB,1
2021-04-01 08:05:00,CHL-PS-17LB,1
2021-04-01 18:27:00,CHL-CT-21LB,1
2021-04-02 15:11:00,CHL-PS-1LB,2
2021-04-02 08:16:00,INT-CT-25LB,1
2021-04-02 14:20:00,AQU-BA-32OZ,3
2021-04-02 11:29:00,CHL-PS-1LB,1
2021-04-02 13:21:00,BIO-MA-32OZ,2
2021-04-03 14:17:00,CHL-CT-1LB,1
2021-04-03 14:16:00,INT-CT-25LB,1
2021-04-03 09:30:00,AQU-CT-11LB,2
2021-04-03 08:47:00,CHL-PS-1LB,1
2021-04-03 16:03:00,INT-CA-32OZ,3
2021-04-03 13:14:00,CHL-CT-21LB,1
2021-04-03 18:04:00,AQU-PS-5LB,1
2021-04-03 18:02:00,CHL-CT-21LB,1
2021-04-04 11:12:00,AQU-PS-25LB,1
2021-04-04 08:39:00,CHL-PS-1LB,1
2021-04-04 10:15:00,AQU-PS-25LB,1
2021-04-04 10:30:00,AQU-PS-5LB,3
2021-04-04 18:07:00,INT-CT-25LB,1
2021-04-04 17:13:00,BIO-MA-32OZ,1
2021-04-04 15:44:00,AQU-PS-5LB,1
2021-04-04 12:49:00,INT-CT-25LB,2
2021-04-05 17:38:00,INT-LS-1GAL,1
2021-04-05 09:49:00,INT-BA-32OZ,1
2021-04-05 10:19:00,CHL-CT-1LB,4
2021-04-05 09:37:00,INT-CT-25LB,1
2021-04-05 08:59:00,AQU-PS-5LB,1
2021-04-05 12:36:00,AQU-PS-25LB,1
2021-04-06 14:25:00,CHL-PS-17LB,1
2021-04-06 11:04:00,CHL-PS-17LB,3
2021-04-06 17:44:00,AQU-PS-5LB,1
2021-04-06 18:15:00,CHL-CT-1LB,4
2021-04-06 09:44:00,AQU-PS-5LB,1
2021-04-06 12:54:00,INT-AI-5LB,3
2021-04-06 18:38:00,BIO-MA-32OZ,1
2021-04-06 09:50:00,CHL-PS-17LB,1
2021-04-07 08:22:00,INT-CT-25LB,1
2021-04-07 16:27:00,INT-CA-32OZ,1
2021-04-07 18:23:00,INT-LS-1GAL,1
2021-04-07 09:32:00,CHL-CT-21LB,1
2021-04-07 18:21:00,AQU-PS-5LB,1
2021-04-07 08:54:00,INT-LS-1GAL,1
2021-04-07 14:52:00,CHL-PS-17LB,1
2021-04-07 15:06:00,CHL-CT-21LB,1
2021-04-07 14:23:00,INT-LS-1GAL,1
2021-04-07 18:57:00,CHL-PS-1LB,4
2021-04-07 15:45:00,INT-LS-1GAL,2
2021-04-08 10:46:00,AQU-PS-25LB,1
2021-04-08 16:41:00,INT-CA-32OZ,1
2021-04-08 12:39:00,AQU-CT-11LB,1
2021-04-08 16:49:00,INT-LS-1GAL,3
2021-04-08 15:29:00,BIO-MA-32OZ,4
2021-04-08 14:52:00,AQU-PS-5LB,2
2021-04-08 17:17:00,INT-MA-1GAL,1
2021-04-09 11:53:00,INT-CT-25LB,2
2021-04-09 09:17:00,AQU-PS-5LB,2
2021-04-09 15:15:00,CHL-PS-17LB,1
2021-04-09 15:36:00,CHL-PS-17LB,2
2021-04-09 17:42:00,INT-BA-32OZ,1
2021-04-09 14:21:00,CHL-CT-1LB,3
2021-04-09 08:31:00,CHL-CT-1LB,2
2021-04-10 10:31:00,AQU-CT-11LB,1
2021-04-10 11:22:00,AQU-CT-11LB,1
2021-04-10 12:21:00,INT-CA-32OZ,1
2021-04-10 12:56:00,AQU-PS-25LB,3
2021-04-10 17:44:00,CHL-CT-1LB,1
2021-04-10 12:35:00,AQU-BA-32OZ,1
2021-04-10 08:33:00,AQU-PS-5LB,3
2021-04-10 11:05:00,INT-CT-25LB,1
2021-04-10 11:46:00,AQU-PS-5LB,2
2021-04-11 16:48:00,AQU-BA-32OZ,2
2021-04-11 11:44:00,CHL-PS-17LB,1
2021-04-11 15:41:00,AQU-PS-25LB,2
2021-04-11 15:28:00,CHL-PS-1LB,1
2021-04-11 08:05:00,INT-CA-32OZ,3
2021-04-11 12:14:00,INT-LS-1GAL,2
2021-04-11 14:44:00,AQU-PS-5LB,2
2021-04-11 11:19:00,AQU-PS-5LB,1
2021-04-12 13:30:00,BIO-MA-32OZ,1
2021-04-12 16:33:00,AQU-PS-25LB,2
2021-04-12 13:27:00,INT-CA-32OZ,1
2021-04-12 16:21:00,INT-BA-32OZ,1
2021-04-12 13:44:00,AQU-PS-25LB,1
2021-04-12 15:17:00,CHL-PS-17LB,3
2021-04-12 12:16:00,INT-CT-25LB,1
2021-04-12 11:07:00,AQU-CT-11LB,3
2021-04-12 11:20:00,CHL-PS-17LB,1
2021-04-12 09:47:00,CHL-CT-21LB,1
2021-04-12 16:48:00,CHL-PS-1LB,3
2021-04-12 10:12:00,AQU-PD-5LB,1
2021-04-13 15:17:00,INT-CA-32OZ,1
2021-04-13 17:48:00,INT-CT-25LB,1
2021-04-13 16:38:00,AQU-CT-11LB,2
2021-04-13 12:06:00,INT-MA-1GAL,3
2021-04-13 11:18:00,AQU-CT-11LB,1
2021-04-13 11:23:00,INT-CHI-7LB,2
2021-04-13 10:19:00,AQU-PS-5LB,3
2021-04-14 16:08:00,AQU-BA-32OZ,1
2021-04-14 12:02:00,INT-CT-25LB,1
2021-04-14 08:35:00,CHL-PS-1LB,1
2021-04-14 12:44:00,BIO-MA-32OZ,1
2021-04-14 10:40:00,INT-LS-1GAL,1
2021-04-15 15:06:00,INT-LS-1GAL,1
2021-04-15 08:36:00,INT-CA-32OZ,1
2021-04-15 12:30:00,AQU-PS-25LB,1
2021-04-15 15:28:00,CHL-PS-17LB,1
2021-04-15 13:11:00,CHL-CT-21LB,1
2021-04-15 08:16:00,AQU-BA-32OZ,1
2021-04-15 15:07:00,INT-CT-25LB,1
2021-04-15 09:25:00,CHL-PS-1LB,1
2021-04-15 15:04:00,CHL-PS-17LB,4
2021-04-15 17:40:00,CHL-PS-17LB,1
2021-04-15 18:03:00,AQU-PS-5LB,4
2021-04-16 17:19:00,CHL-CT-21LB,1
2021-04-16 09:15:00,CHL-PS-1LB,2
2021-04-16 09:35:00,CHL-PS-17LB,3
2021-04-16 14:38:00,CHL-PS-17LB,1
2021-04-16 17:50:00,CHL-PS-1LB,1
2021-04-16 17:14:00,INT-CT-25LB,1
2021-04-17 14:28:00,CHL-CT-21LB,1
2021-04-17 15:19:00,CHL-CT-1LB,1
2021-04-17 17:27:00,CHL-PS-17LB,1
2021-04-17 12:36:00,AQU-BA-32OZ,3
2021-04-17 17:03:00,CHL-CT-1LB,1
2021-04-17 17:47:00,INT-BA-32OZ,1
2021-04-17 09:48:00,CHL-PS-1LB,1
2021-04-17 11:40:00,INT-CA-32OZ,1
2021-04-17 11:16:00,CHL-PS-1LB,1
2021-04-18 10:15:00,AQU-PS-25LB,1
2021-04-18 10:35:00,CHL-PS-1LB,1
2021-04-18 09:10:00,BIO-MA-32OZ,1
2021-04-18 08:26:00,INT-BA-32OZ,1
2021-04-18 15:44:00,AQU-PS-5LB,1
2021-04-18 17:30:00,INT-CA-32OZ,3
2021-04-18 12:02:00,BIO-MA-32OZ,1
2021-04-18 11:18:00,INT-BA-32OZ,1
2021-04-18 12:44:00,INT-LS-1GAL,3
2021-04-18 15:04:00,CHL-PS-1LB,1
2021-04-18 18:14:00,CHL-PS-17LB,1
2021-04-19 18:37:00,CHL-CT-1LB,3
2021-04-19 18:51:00,BIO-MA-32OZ,1
2021-04-19 11:27:00,AQU-PS-25LB,1
2021-04-19 09:34:00,INT-CT-25LB,1
2021-04-19 11:41:00,INT-CT-25LB,1
2021-04-19 10:58:00,CHL-CT-21LB,1
2021-04-19 12:52:00,INT-LS-1GAL,3
2021-04-19 10:04:00,INT-CA-32OZ,1
2021-04-19 08:10:00,AQU-BA-32OZ,1
2021-04-19 12:38:00,AQU-BA-32OZ,2
2021-04-19 17:58:00,AQU-CT-11LB,1
2021-04-20 09:29:00,AQU-PS-25LB,1
2021-04-20 12:44:00,INT-CT-25LB,1
2021-04-20 14:17:00,AQU-PS-5LB,2
2021-04-20 16:34:00,INT-CHI-7LB,1
2021-04-20 15:28:00,CHL-PS-17LB,1
2021-04-20 09:38:00,CHL-PS-1LB,3
2021-04-20 08:56:00,AQU-PS-5LB,1
2021-04-20 14:47:00,AQU-PS-25LB,1
2021-04-20 13:38:00,INT-BA-32OZ,2
2021-04-20 12:01:00,CHL-PS-17LB,1
2021-04-20 09:14:00,AQU-PS-5LB,3
2021-04-20 18:53:00,AQU-BA-32OZ,1
2021-04-20 17:37:00,INT-CT-25LB,1
2021-04-21 18:52:00,CHL-CT-21LB,1
2021-04-21 12:36:00,CHL-PS-17LB,2
2021-04-21 08:48:00,AQU-PS-5LB,1
2021-04-21 10:30:00,AQU-PS-25LB,1
2021-04-21 16:41:00,INT-LS-1GAL,1
2021-04-21 15:58:00,INT-CA-32OZ,1
2021-04-21 12:11:00,INT-CT-25LB,1
2021-04-21 17:27:00,INT-BA-32OZ,3
2021-04-21 18:52:00,INT-CA-32OZ,1
2021-04-21 15:05:00,CHL-PS-1LB,1
2021-04-21 15:22:00,INT-CT-25LB,1
2021-04-21 14:21:00,CHL-CT-21LB,1
2021-04-21 13:42:00,INT-LS-1GAL,2
2021-04-21 09:54:00,AQU-PS-5LB,1
2021-04-22 14:44:00,INT-CA-32OZ,1
2021-04-22 15:18:00,INT-BA-32OZ,1
2021-04-22 18:25:00,AQU-PS-25LB,2
2021-04-22 16:02:00,BIO-MA-32OZ,1
2021-04-22 15:05:00,AQU-PS-25LB,1
2021-04-22 13:16:00,CHL-CT-1LB,1
2021-04-22 13:07:00,CHL-PU-2LB,1
2021-04-22 14:55:00,INT-MA-1GAL,1
2021-04-22 16:52:00,CHL-PS-17LB,1
2021-04-22 08:42:00,AQU-BA-32OZ,2
2021-04-22 16:29:00,BIO-MA-32OZ,1
2021-04-22 14:03:00,INT-BA-32OZ,2
2021-04-22 11:33:00,AQU-PS-25LB,1
2021-04-23 15:40:00,CHL-PS-17LB,1
2021-04-23 15:48:00,AQU-BA-32OZ,1
2021-04-23 08:13:00,INT-BA-32OZ,1
2021-04-23 12:35:00,BIO-PU-5LB,4
2021-04-23 10:59:00,INT-MA-1GAL,1
2021-04-23 12:28:00,AQU-BA-32OZ,2
2021-04-23 15:07:00,INT-LS-1GAL,2
2021-04-23 08:40:00,CHL-PS-1LB,1
2021-04-23 17:51:00,AQU-PS-25LB,1
2021-04-23 11:45:00,AQU-PS-5LB,1
2021-04-23 10:19:00,INT-LS-1GAL,2
2021-04-23 16:00:00,CHL-PS-1LB,1
2021-04-23 16:26:00,CHL-CT-21LB,2
2021-04-23 09:14:00,INT-LS-1GAL,1
2021-04-23 09:29:00,AQU-BA-32OZ,1
2021-04-23 09:41:00,AQU-PS-25LB,1
2021-04-23 10:31:00,AQU-BA-32OZ,1
2021-04-23 12:32:00,AQU-BA-32OZ,1
2021-04-23 12:26:00,INT-MA-1GAL,2
2021-04-24 15:15:00,HTH-F-2LB,1
2021-04-24 15:35:00,INT-CA-32OZ,1
2021-04-24 10:24:00,AQU-CT-11LB,1
2021-04-24 11:58:00,AQU-BA-32OZ,4
2021-04-24 17:32:00,INT-CA-32OZ,1
2021-04-24 10:55:00,CHL-CT-1LB,2
2021-04-24 09:17:00,AQU-PS-25LB,1
2021-04-24 14:21:00,CHL-CT-1LB,1
2021-04-24 16:17:00,INT-LS-1GAL,1
2021-04-24 08:18:00,CHL-PS-1LB,1
2021-04-24 12:53:00,AQU-CHI-11LB,1
2021-04-24 17:37:00,CHL-CT-1LB,1
2021-04-24 18:31:00,AQU-PS-25LB,3
2021-04-24 10:28:00,BIO-MA-32OZ,1
2021-04-24 16:30:00,CHL-CT-1LB,3
2021-04-24 13:21:00,INT-MA-1GAL,1
2021-04-24 16:48:00,INT-CT-25LB,1
2021-04-24 16:24:00,CHL-CHI-20LB,1
2021-04-24 15:59:00,INT-MA-1GAL,1
2021-04-24 13:55:00,INT-CT-25LB,1
2021-04-24 11:44:00,AQU-PS-25LB,1
2021-04-25 14:14:00,BIO-MA-32OZ,1
2021-04-25 14:02:00,CHL-PS-1LB,4
2021-04-25 13:47:00,AQU-BA-32OZ,3
2021-04-25 15:45:00,CHL-CHI-20LB,1
2021-04-25 14:24:00,CHL-CT-1LB,2
2021-04-25 18:50:00,INT-BA-32OZ,1
2021-04-25 18:09:00,BIO-MA-32OZ,1
2021-04-25 15:02:00,AQU-PS-25LB,1
2021-04-25 10:32:00,INT-CT-25LB,1
2021-04-25 17:21:00,AQU-PS-5LB,3
2021-04-25 09:55:00,AQU-PS-25LB,1
2021-04-25 15:06:00,AQU-BA-32OZ,4
2021-04-25 16:58:00,AQU-BA-32OZ,2
2021-04-25 15:00:00,INT-BA-32OZ,1
2021-04-25 10:26:00,AQU-PS-5LB,1
2021-04-26 10:04:00,CHL-CT-1LB,1
2021-04-26 15:50:00,INT-CA-32OZ,1
2021-04-26 12:21:00,AQU-PS-5LB,1
2021-04-26 17:44:00,INT-BA-32OZ,1
2021-04-26 14:41:00,AQU-BA-32OZ,1
2021-04-26 09:54:00,AQU-CT-11LB,1
2021-04-26 13:54:00,BIO-MA-32OZ,1
2021-04-26 18:54:00,INT-BA-32OZ,1
2021-04-26 16:24:00,AQU-PS-25LB,3
2021-04-26 13:40:00,BIO-MA-32OZ,1
2021-04-26 15:55:00,AQU-BA-32OZ,3
2021-04-26 16:02:00,INT-CA-32OZ,2
2021-04-26 17:04:00,INT-BA-32OZ,1
2021-04-26 11:40:00,INT-CT-25LB,2
2021-04-26 18:58:00,CHL-PS-17LB,3
2021-04-26 12:14:00,AQU-BA-32OZ,1
2021-04-26 09:27:00,BIO-MA-32OZ,1
2021-04-26 09:48:00,INT-LS-1GAL,2
2021-04-26 18:45:00,CHL-PS-17LB,2
2021-04-27 15:10:00,CHL-PS-1LB,1
2021-04-27 12:57:00,INT-CT-25LB,4
2021-04-27 08:02:00,INT-CT-25LB,1
2021-04-27 13:50:00,INT-BA-32OZ,1
2021-04-27 08:18:00,BIO-MA-32OZ,1
2021-04-27 13:23:00,INT-CA-32OZ,1
2021-04-27 14:09:00,HTH-S-5LB,1
2021-04-27 11:33:00,INT-CT-25LB,3
2021-04-27 14:36:00,AQU-PS-5LB,3
2021-04-27 18:50:00,INT-BA-32OZ,1
2021-04-27 10:10:00,INT-LS-1GAL,2
2021-04-27 10:05:00,CHL-PS-1LB,1
2021-04-27 17:55:00,INT-LS-1GAL,1
2021-04-27 14:39:00,CHL-PS-1LB,3
2021-04-27 18:15:00,HTH-AI-11LB,4
2021-04-27 15:58:00,INT-CA-32OZ,1
2021-04-27 17:09:00,INT-CA-32OZ,1
2021-04-27 11:29:00,CHL-PS-1LB,1
2021-04-27 18:16:00,AQU-CT-11LB,2
2021-04-27 15:16:00,INT-BA-32OZ,1
2021-04-27 18:00:00,AQU-PS-25LB,4
2021-04-28 15:57:00,AQU-CT-11LB,1
2021-04-28 12:43:00,CHL-PS-17LB,2
2021-04-28 16:10:00,INT-BA-32OZ,1
2021-04-28 09:28:00,AQU-PS-5LB,1
2021-04-28 13:37:00,INT-BA-32OZ,1
2021-04-28 12:40:00,INT-MA-1GAL,1
2021-04-28 14:44:00,AQU-CT-11LB,3
2021-04-28 12:29:00,CHL-CT-1LB,1
2021-04-28 12:12:00,CHL-CT-1LB,1
2021-04-28 14:54:00,INT-CHI-7LB,1
2021-04-28 15:06:00,AQU-BA-32OZ,1
2021-04-28 11:24:00,AQU-PS-25LB,1
2021-04-28 17:22:00,INT-BA-32OZ,1
2021-04-28 17:18:00,AQU-BA-32OZ,1
2021-04-28 12:01:00,INT-AI-5LB,1
2021-04-28 18:25:00,AQU-BA-32OZ,2
2021-04-28 12:00:00,INT-CA-32OZ,2
2021-04-28 17:55:00,INT-CA-32OZ,1
2021-04-28 18:49:00,AQU-PS-5LB,1
2021-04-28 08:58:00,BIO-PU-5LB,1
2021-04-28 17:47:00,BIO-MA-32OZ,1
2021-04-28 15:53:00,AQU-PS-5LB,1
2021-04-28 12:49:00,INT-BA-32OZ,1
2021-04-28 11:38:00,CHL-PS-17LB,1
2021-04-28 13:14:00,CHL-PS-1LB,1
2021-04-28 18:12:00,AQU-PS-25LB,2
2021-04-29 18:48:00,CHL-PS-1LB,1
2021-04-29 18:43:00,CHL-CT-1LB,1
2021-04-29 10:40:00,INT-CT-25LB,1
2021-04-29 09:57:00,INT-BA-32OZ,3
2021-04-29 18:41:00,BIO-MA-32OZ,1
2021-04-29 08:19:00,AQU-CT-11LB,1
2021-04-29 15:02:00,AQU-PS-25LB,4
2021-04-29 17:23:00,CHL-PS-17LB,1
2021-04-29 10:05:00,INT-CT-25LB,2
2021-04-29 12:20:00,CHL-CT-21LB,1
2021-04-29 14:11:00,INT-LS-1GAL,1
2021-04-29 11:08:00,AQU-PS-5LB,1
2021-04-29 16:56:00,CHL-PS-1LB,1
2021-04-29 13:33:00,CHL-CT-1LB,1
2021-04-29 16:58:00,INT-CT-25LB,1
2021-04-29 12:53:00,BIO-MA-32OZ,1
2021-04-29 10:16:00,CHL-PS-17LB,1
2021-04-29 15:51:00,INT-BA-32OZ,2
2021-04-30 13:51:00,CHL-PS-1LB,3
2021-04-30 09:29:00,CHL-PS-1LB,1
2021-04-30 09:09:00,INT-CA-32OZ,3
2021-04-30 11:55:00,INT-CA-32OZ,2
2021-04-30 18:46:00,INT-LS-1GAL,2
2021-04-30 18:25:00,AQU-PS-5LB,3
2021-04-30 16:23:00,CHL-CT-21LB,2
2021-04-30 09:50:00,AQU-CT-11LB,1
2021-04-30 14:00:00,CHL-CT-21LB,2
2021-04-30 12:34:00,AQU-PS-5LB,1
2021-04-30 09:29:00,AQU-PS-25LB,1
2021-05-01 18:16:00,HTH-AI-11LB,1
2021-05-01 17:24:00,CHL-PS-17LB,2
2021-05-01 18:23:00,INT-BA-32OZ,1
2021-05-01 09:43:00,CHL-CT-21LB,2
2021-05-01 11:30:00,AQU-PS-25LB,4
2021-05-01 08:39:00,HTH-AI-11LB,1
2021-05-01 16:20:00,CHL-PS-17LB,1
2021-05-01 17:14:00,AQU-PS-5LB,1
2021-05-01 18:04:00,AQU-PS-25LB,1
2021-05-01 18:52:00,AQU-BA-32OZ,2
2021-05-01 15:58:00,INT-CA-32OZ,1
2021-05-01 12:41:00,INT-LS-1GAL,1
2021-05-01 14:07:00,AQU-CHI-11LB,1
2021-05-01 10:02:00,AQU-BA-32OZ,1
2021-05-01 08:19:00,AQU-CT-11LB,2
2021-05-01 15:07:00,AQU-CT-11LB,3
2021-05-01 09:15:00,AQU-BA-32OZ,1
2021-05-01 16:08:00,AQU-PS-25LB,1
2021-05-01 14:29:00,AQU-BA-32OZ,1
2021-05-01 13:42:00,INT-CT-25LB,1
2021-05-01 16:26:00,INT-CA-32OZ,1
2021-05-01 17:47:00,INT-CA-32OZ,3
2021-05-01 10:56:00,CHL-PS-17LB,1
2021-05-01 14:41:00,INT-AI-5LB,1
2021-05-01 09:53:00,AQU-BA-32OZ,1
2021-05-01 15:39:00,AQU-PS-25LB,3
2021-05-01 14:17:00,AQU-CT-11LB,1
2021-05-01 08:44:00,CHL-CT-1LB,1
2021-05-01 13:13:00,CHL-PS-17LB,1
2021-05-01 15:28:00,INT-AI-5LB,1
2021-05-02 13:06:00,INT-BA-32OZ,1
2021-05-02 18:23:00,INT-CA-32OZ,1
2021-05-02 16:57:00,INT-AI-5LB,1
2021-05-02 18:22:00,AQU-PS-25LB,1
2021-05-02 08:25:00,CHL-PS-17LB,1
2021-05-02 12:12:00,INT-LS-1GAL,2
2021-05-02 09:54:00,AQU-CT-11LB,1
2021-05-02 15:05:00,INT-CT-25LB,2
2021-05-02 18:13:00,CHL-PS-17LB,1
2021-05-02 18:40:00,CHL-PS-1LB,2
2021-05-02 17:01:00,INT-BA-32OZ,1
2021-05-02 08:50:00,BIO-MA-32OZ,2
2021-05-02 13:15:00,INT-CT-25LB,3
2021-05-02 10:50:00,CHL-PS-17LB,1
2021-05-02 17:13:00,AQU-PS-25LB,1
2021-05-02 09:53:00,CHL-CT-21LB,3
2021-05-02 16:13:00,CHL-PS-1LB,1
2021-05-02 17:13:00,AQU-CT-11LB,3
2021-05-02 11:21:00,INT-LS-1GAL,1
2021-05-02 10:50:00,CHL-PS-1LB,1
2021-05-02 17:00:00,AQU-CHI-11LB,4
2021-05-02 12:54:00,CHL-PS-1LB,4
2021-05-02 10:08:00,INT-BA-32OZ,3
2021-05-02 16:16:00,AQU-CT-11LB,1
2021-05-02 10:07:00,AQU-CT-11LB,1
2021-05-02 18:55:00,AQU-PS-5LB,1
2021-05-02 08:08:00,INT-LS-1GAL,2
2021-05-02 08:22:00,CHL-PS-17LB,1
2021-05-02 11:37:00,INT-AI-5LB,1
2021-05-02 13:01:00,INT-BA-32OZ,1
2021-05-02 10:16:00,AQU-BA-32OZ,1
2021-05-02 08:08:00,INT-BA-32OZ,2
2021-05-02 14:33:00,INT-MA-1GAL,1
2021-05-02 09:47:00,CHL-CT-21LB,1
2021-05-02 09:30:00,AQU-BA-32OZ,1
2021-05-02 15:49:00,CHL-PS-1LB,3
2021-05-02 13:32:00,INT-BA-32OZ,1
2021-05-02 17:06:00,AQU-PS-25LB,1
2021-05-03 11:39:00,AQU-PS-5LB,1
2021-05-03 08:46:00,HTH-F-2LB,1
2021-05-03 18:33:00,INT-AI-25LB,1
2021-05-03 12:29:00,AQU-BA-32OZ,2
2021-05-03 18:01:00,INT-CT-25LB,2
2021-05-03 08:30:00,AQU-BA-32OZ,1
2021-05-03 14:27:00,INT-LS-1GAL,1
2021-05-03 18:06:00,BIO-MA-32OZ,2
2021-05-03 15:45:00,BIO-MA-32OZ,1
2021-05-03 15:04:00,BIO-MA-32OZ,1
2021-05-03 09:20:00,CHL-CT-21LB,1
2021-05-03 17:09:00,INT-LS-1GAL,1
2021-05-03 09:08:00,CHL-CT-1LB,1
2021-05-03 12:39:00,CHL-CT-1LB,1
2021-05-03 18:37:00,AQU-PS-25LB,1
2021-05-03 16:45:00,AQU-PS-25LB,1
2021-05-03 13:24:00,INT-CT-25LB,1
2021-05-03 17:33:00,INT-CT-25LB,1
2021-05-03 12:29:00,CHL-CT-1LB,3
2021-05-03 16:38:00,CHL-CT-21LB,1
2021-05-03 14:06:00,CHL-PS-1LB,1
2021-05-03 09:54:00,CHL-CT-1LB,1
2021-05-03 18:41:00,INT-CT-25LB,1
2021-05-03 16:46:00,INT-CT-25LB,2
2021-05-03 11:27:00,BIO-MA-32OZ,2
2021-05-03 15:56:00,INT-MA-1GAL,1
2021-05-03 11:26:00,CHL-PS-17LB,1
2021-05-03 13:52:00,INT-BA-32OZ,3
2021-05-03 15:25:00,AQU-PS-25LB,3
2021-05-03 14:46:00,CHL-PS-1LB,3
2021-05-03 09:20:00,INT-LS-1GAL,1
2021-05-03 14:20:00,AQU-CT-11LB,1
2021-05-03 18:16:00,INT-LS-1GAL,1
2021-05-03 13:09:00,BIO-MA-32OZ,1
2021-05-03 18:59:00,INT-LS-1GAL,1
2021-05-03 15:04:00,INT-CA-32OZ,1
2021-05-03 09:53:00,CHL-CT-1LB,1
2021-05-03 09:05:00,CHL-PS-17LB,1
2021-05-03 14:06:00,CHL-PS-17LB,1
2021-05-03 13:51:00,INT-CA-32OZ,1
2021-05-03 10:35:00,INT-CT-25LB,1
2021-05-03 08:37:00,HTH-S-5LB,1
2021-05-04 16:21:00,BIO-MA-32OZ,1
2021-05-04 18:07:00,CHL-PS-1LB,1
2021-05-04 14:22:00,INT-MA-1GAL,1
2021-05-04 18:48:00,BIO-MA-32OZ,3
2021-05-04 14:55:00,AQU-PS-25LB,1
2021-05-04 08:18:00,INT-CT-25LB,1
2021-05-04 17:19:00,BIO-MA-32OZ,3
2021-05-04 13:06:00,CHL-CT-1LB,1
2021-05-04 17:32:00,BIO-MA-32OZ,1
2021-05-04 11:09:00,BIO-MA-32OZ,1
2021-05-04 18:30:00,INT-BA-32OZ,1
2021-05-04 11:54:00,INT-CT-25LB,1
2021-05-04 09:22:00,INT-CT-25LB,1
2021-05-04 16:23:00,INT-CA-32OZ,3
2021-05-04 09:48:00,AQU-PS-25LB,1
2021-05-04 12:36:00,CHL-PS-1LB,1
2021-05-04 11:51:00,INT-CT-25LB,1
2021-05-04 14:54:00,AQU-PS-25LB,1
2021-05-04 16:49:00,INT-CT-25LB,1
2021-05-04 17:39:00,AQU-CHI-11LB,1
2021-05-04 18:41:00,INT-BA-32OZ,1
2021-05-04 16:01:00,AQU-CT-11LB,2
2021-05-04 17:59:00,INT-BA-32OZ,4
2021-05-04 18:53:00,AQU-PS-5LB,1
2021-05-04 12:01:00,INT-CA-32OZ,1
2021-05-04 10:17:00,AQU-PS-25LB,1
2021-05-04 12:58:00,AQU-PS-5LB,3
2021-05-04 13:22:00,CHL-PS-17LB,1
2021-05-05 10:36:00,CHL-PS-1LB,1
2021-05-05 18:25:00,CHL-PS-1LB,2
2021-05-05 09:09:00,AQU-PS-25LB,1
2021-05-05 18:01:00,AQU-BA-32OZ,1
2021-05-05 09:47:00,CHL-CT-21LB,1
2021-05-05 16:13:00,INT-LS-1GAL,1
2021-05-05 14:26:00,CHL-CHI-20LB,1
2021-05-05 15:21:00,CHL-CT-21LB,2
2021-05-05 10:23:00,AQU-CT-11LB,1
2021-05-05 12:46:00,CHL-CT-21LB,4
2021-05-05 13:49:00,CHL-PS-17LB,1
2021-05-05 17:38:00,CHL-PS-17LB,1
2021-05-05 09:56:00,AQU-PS-5LB,1
2021-05-05 08:09:00,INT-CA-32OZ,1
2021-05-05 10:48:00,INT-BA-32OZ,2
2021-05-05 17:03:00,BIO-PD-2LB,1
2021-05-05 18:05:00,CHL-CT-1LB,1
2021-05-05 12:28:00,CHL-CHI-20LB,3
2021-05-05 18:27:00,CHL-CT-21LB,2
2021-05-05 15:38:00,CHL-CT-21LB,1
2021-05-05 15:26:00,AQU-PS-5LB,2
2021-05-05 12:13:00,AQU-PS-5LB,2
2021-05-05 16:07:00,BIO-MA-32OZ,2
2021-05-05 13:27:00,CHL-PS-1LB,1
2021-05-05 09:18:00,AQU-PS-25LB,1
2021-05-05 18:43:00,AQU-PS-5LB,3
2021-05-06 16:42:00,CHL-CT-21LB,1
2021-05-06 12:02:00,CHL-CT-1LB,1
2021-05-06 11:25:00,INT-CT-25LB,1
2021-05-06 17:03:00,CHL-PU-2LB,1
2021-05-06 08:13:00,CHL-CHI-20LB,3
2021-05-06 12:13:00,CHL-PS-17LB,3
2021-05-06 10:48:00,AQU-PS-5LB,2
2021-05-06 12:18:00,CHL-CT-1LB,3
2021-05-06 13:07:00,AQU-BA-32OZ,2
2021-05-06 08:31:00,BIO-MA-32OZ,1
2021-05-06 14:11:00,AQU-PS-5LB,1
2021-05-06 10:24:00,CHL-PS-17LB,1
2021-05-06 16:45:00,INT-LS-1GAL,4
2021-05-06 11:32:00,INT-BA-32OZ,2
2021-05-06 16:53:00,AQU-PS-5LB,3
2021-05-06 18:51:00,BIO-PU-5LB,1
2021-05-06 13:04:00,INT-CT-25LB,2
2021-05-06 14:55:00,CHL-PS-17LB,1
2021-05-06 08:27:00,CHL-CT-1LB,1
2021-05-06 08:29:00,CHL-CT-1LB,1
2021-05-06 09:55:00,CHL-PS-1LB,1
2021-05-06 13:36:00,HTH-S-5LB,1
2021-05-06 14:36:00,HTH-S-5LB,1
2021-05-06 14:45:00,INT-LS-1GAL,1
2021-05-06 18:26:00,AQU-CT-11LB,1
2021-05-06 12:07:00,INT-BA-32OZ,1
2021-05-07 13:10:00,CHL-PS-17LB,1
2021-05-07 17:29:00,BIO-MA-32OZ,1
2021-05-07 13:05:00,CHL-PS-1LB,4
2021-05-07 14:54:00,CHL-PS-1LB,1
2021-05-07 09:15:00,INT-CHI-7LB,1
2021-05-07 14:37:00,CHL-PS-17LB,1
2021-05-07 14:33:00,INT-LS-1GAL,1
2021-05-07 09:25:00,INT-BA-32OZ,1
2021-05-07 12:47:00,CHL-CT-21LB,4
2021-05-07 13:14:00,BIO-MA-32OZ,1
2021-05-07 13:49:00,INT-LS-1GAL,1
2021-05-07 10:04:00,CHL-CT-21LB,1
2021-05-07 16:40:00,AQU-PS-5LB,3
2021-05-07 09:33:00,AQU-CT-11LB,1
2021-05-07 16:12:00,CHL-CT-1LB,1
2021-05-07 13:22:00,BIO-MA-32OZ,2
2021-05-07 18:52:00,INT-CA-32OZ,1
2021-05-07 10:15:00,CHL-CT-1LB,1
2021-05-07 09:09:00,CHL-PS-1LB,1
2021-05-07 12:12:00,INT-CA-32OZ,1
2021-05-07 10:38:00,CHL-CT-21LB,1
2021-05-07 10:48:00,CHL-PS-1LB,1
2021-05-07 18:04:00,HTH-AI-11LB,2
2021-05-07 10:49:00,CHL-S-1LB,1
2021-05-07 18:31:00,AQU-PS-5LB,1
2021-05-07 15:48:00,AQU-CT-11LB,2
2021-05-07 17:48:00,AQU-PS-5LB,1
2021-05-07 17:28:00,CHL-PS-17LB,1
2021-05-07 18:59:00,INT-CA-32OZ,1
2021-05-07 17:41:00,CHL-CT-1LB,1
2021-05-07 18:39:00,AQU-CT-11LB,2
2021-05-07 13:55:00,AQU-BA-32OZ,4
2021-05-07 18:20:00,BIO-MA-32OZ,1
2021-05-07 10:28:00,INT-BA-32OZ,1
2021-05-07 09:30:00,AQU-PS-25LB,2
2021-05-07 15:40:00,CHL-PS-1LB,3
2021-05-07 12:50:00,AQU-CT-11LB,1
2021-05-07 12:37:00,INT-BA-32OZ,3
2021-05-07 08:22:00,INT-BA-32OZ,1
2021-05-07 16:04:00,CHL-PS-1LB,1
2021-05-07 12:29:00,CHL-PS-17LB,2
2021-05-08 08:23:00,CHL-CT-21LB,1
2021-05-08 12:04:00,CHL-PS-1LB,1
2021-05-08 18:55:00,INT-CA-32OZ,1
2021-05-08 09:39:00,AQU-PS-5LB,1
2021-05-08 17:32:00,INT-MA-1GAL,2
2021-05-08 14:29:00,CHL-CT-1LB,1
2021-05-08 17:35:00,INT-LS-1GAL,2
2021-05-08 08:28:00,INT-BA-32OZ,1
2021-05-08 17:41:00,CHL-PS-17LB,1
2021-05-08 11:20:00,INT-BA-32OZ,2
2021-05-08 17:30:00,AQU-PS-25LB,1
2021-05-08 16:09:00,AQU-PS-5LB,4
2021-05-08 08:28:00,INT-LS-1GAL,2
2021-05-08 09:51:00,INT-CT-25LB,1
2021-05-08 13:45:00,CHL-PS-17LB,1
2021-05-08 09:32:00,INT-CT-25LB,2
2021-05-08 18:11:00,INT-BA-32OZ,1
2021-05-08 08:15:00,CHL-PS-1LB,4
2021-05-08 15:28:00,BIO-MA-32OZ,1
2021-05-08 16:33:00,INT-AI-25LB,1
2021-05-08 17:10:00,INT-CT-25LB,2
2021-05-08 13:23:00,BIO-MA-32OZ,1
2021-05-08 12:24:00,AQU-PS-5LB,1
2021-05-08 14:49:00,BIO-PD-2LB,1
2021-05-08 13:43:00,CHL-CT-1LB,1
2021-05-08 17:03:00,AQU-CT-11LB,1
2021-05-08 18:41:00,INT-MA-1GAL,1
2021-05-08 13:04:00,AQU-PS-5LB,1
2021-05-08 13:06:00,AQU-BA-32OZ,1
2021-05-08 16:43:00,INT-LS-1GAL,2
2021-05-08 14:18:00,AQU-BA-32OZ,2
2021-05-08 12:46:00,CHL-PU-2LB,1
2021-05-08 18:58:00,INT-CA-32OZ,1
2021-05-08 17:55:00,BIO-MA-32OZ,2
2021-05-08 10:21:00,BIO-MA-32OZ,1
2021-05-08 09:37:00,CHL-PS-17LB,1
2021-05-08 18:09:00,INT-CHI-7LB,3
2021-05-08 13:19:00,CHL-PS-1LB,1
2021-05-08 18:44:00,AQU-PS-5LB,2
2021-05-09 10:38:00,CHL-CT-21LB,2
2021-05-09 09:19:00,INT-CA-32OZ,1
2021-05-09 16:24:00,INT-CT-25LB,1
2021-05-09 18:50:00,INT-LS-1GAL,1
2021-05-09 13:52:00,INT-BA-32OZ,3
2021-05-09 10:42:00,INT-BA-32OZ,2
2021-05-09 18:58:00,CHL-PS-17LB,1
2021-05-09 16:05:00,CHL-PS-1LB,1
2021-05-09 18:42:00,INT-CA-32OZ,4
2021-05-09 14:32:00,AQU-PS-5LB,1
2021-05-09 13:01:00,BIO-MA-32OZ,1
2021-05-09 13:19:00,CHL-CT-21LB,2
2021-05-09 10:13:00,INT-CT-25LB,1
2021-05-09 13:49:00,CHL-CT-1LB,2
2021-05-09 15:12:00,CHL-CT-21LB,1
2021-05-09 11:08:00,INT-CA-32OZ,1
2021-05-09 10:04:00,INT-CA-32OZ,1
2021-05-09 12:54:00,CHL-S-1LB,1
2021-05-09 09:32:00,INT-LS-1GAL,1
2021-05-09 16:53:00,INT-LS-1GAL,3
2021-05-09 16:02:00,HTH-F-2LB,1
2021-05-09 18:21:00,AQU-CT-11LB,2
2021-05-09 17:08:00,AQU-BA-32OZ,1
2021-05-09 17:24:00,CHL-CT-1LB,1
2021-05-09 10:10:00,INT-BA-32OZ,1
2021-05-09 10:53:00,INT-CT-25LB,1
2021-05-09 17:51:00,BIO-MA-32OZ,1
2021-05-09 10:46:00,INT-CT-25LB,1
2021-05-09 15:02:00,INT-BA-32OZ,1
2021-05-09 14:23:00,INT-CT-25LB,1
2021-05-10 11:28:00,CHL-CT-21LB,1
2021-05-10 17:18:00,INT-BA-32OZ,2
2021-05-10 15:14:00,AQU-PS-25LB,2
2021-05-10 16:15:00,CHL-CT-21LB,1
2021-05-10 12:51:00,CHL-PS-1LB,1
2021-05-10 15:57:00,BIO-MA-32OZ,2
2021-05-10 11:23:00,BIO-MA-32OZ,1
2021-05-10 18:36:00,AQU-CT-11LB,1
2021-05-10 15:29:00,INT-LS-1GAL,1
2021-05-10 12:49:00,AQU-PS-5LB,1
2021-05-10 14:32:00,INT-CT-25LB,2
2021-05-10 16:26:00,HTH-F-2LB,3
2021-05-10 10:52:00,INT-BA-32OZ,1
2021-05-10 11:51:00,INT-BA-32OZ,2
2021-05-10 17:08:00,AQU-PS-5LB,1
2021-05-10 12:03:00,BIO-MA-32OZ,1
2021-05-10 18:30:00,INT-CT-25LB,1
2021-05-10 13:35:00,CHL-PS-17LB,1
2021-05-10 09:45:00,INT-LS-1GAL,1
2021-05-10 16:54:00,CHL-PS-1LB,2
2021-05-10 09:18:00,AQU-PS-25LB,1
2021-05-10 09:48:00,INT-LS-1GAL,3
2021-05-10 10:17:00,AQU-PS-25LB,1
2021-05-10 15:57:00,AQU-BA-32OZ,2
2021-05-10 16:09:00,CHL-PS-17LB,2
2021-05-10 14:05:00,AQU-CT-11LB,1
2021-05-10 11:52:00,AQU-PS-5LB,1
2021-05-10 15:56:00,INT-CA-32OZ,1
2021-05-10 13:59:00,AQU-CT-11LB,2
2021-05-10 08:26:00,INT-CA-32OZ,1
2021-05-10 08:25:00,INT-CT-25LB,1
2021-05-10 16:23:00,INT-CA-32OZ,1
2021-05-10 11:24:00,INT-MA-1GAL,1
2021-05-10 09:23:00,CHL-PS-1LB,1
2021-05-10 11:01:00,AQU-PS-25LB,1
2021-05-10 13:59:00,AQU-BA-32OZ,1
2021-05-10 09:53:00,AQU-PS-25LB,2
2021-05-11 13:50:00,CHL-PS-1LB,1
2021-05-11 10:08:00,CHL-PS-1LB,1
2021-05-11 08:18:00,AQU-BA-32OZ,1
2021-05-11 15:44:00,CHL-CT-21LB,1
2021-05-11 10:48:00,INT-LS-1GAL,3
2021-05-11 15:28:00,CHL-PS-1LB,1
2021-05-11 17:00:00,HTH-S-5LB,1
2021-05-11 09:01:00,INT-MA-1GAL,1
2021-05-11 12:13:00,CHL-CT-1LB,1
2021-05-11 10:35:00,INT-CA-32OZ,4
2021-05-11 17:33:00,AQU-PS-25LB,1
2021-05-11 14:07:00,CHL-PS-17LB,1
2021-05-11 12:15:00,AQU-CT-11LB,4
2021-05-11 12:07:00,INT-CT-25LB,1
2021-05-11 08:15:00,AQU-PS-5LB,1
2021-05-11 14:40:00,AQU-PS-25LB,1
2021-05-11 17:29:00,AQU-BA-32OZ,1
2021-05-11 09:07:00,CHL-CT-21LB,1
2021-05-11 15:38:00,AQU-BA-32OZ,2
2021-05-11 16:01:00,CHL-PS-1LB,2
2021-05-11 18:32:00,CHL-CT-21LB,1
2021-05-11 17:15:00,AQU-CT-11LB,1
2021-05-11 10:18:00,CHL-PS-17LB,3
2021-05-11 14:00:00,AQU-BA-32OZ,1
2021-05-11 17:22:00,AQU-CT-11LB,1
2021-05-11 11:36:00,INT-BA-32OZ,1
2021-05-11 14:11:00,CHL-PS-1LB,1
2021-05-11 18:42:00,BIO-MA-32OZ,1
2021-05-11 09:33:00,CHL-PS-1LB,2
2021-05-11 13:04:00,CHL-PS-17LB,1
2021-05-11 16:34:00,CHL-PS-17LB,1
2021-05-11 16:50:00,INT-CA-32OZ,1
2021-05-11 16:35:00,CHL-PS-17LB,3
2021-05-11 08:24:00,AQU-BA-32OZ,3
2021-05-11 15:02:00,AQU-PS-25LB,1
2021-05-11 18:24:00,INT-CHI-7LB,2
2021-05-11 13:16:00,CHL-PS-1LB,1
2021-05-11 08:22:00,AQU-CT-11LB,3
2021-05-11 09:22:00,CHL-CT-21LB,1
2021-05-11 11:46:00,AQU-PS-5LB,1
2021-05-11 18:40:00,BIO-MA-32OZ,1
2021-05-11 09:49:00,BIO-MA-32OZ,4
2021-05-11 17:47:00,CHL-PS-17LB,1
2021-05-12 10:02:00,INT-LS-1GAL,2
2021-05-12 13:34:00,INT-CT-25LB,1
2021-05-12 13:52:00,BIO-MA-32OZ,1
2021-05-12 18:11:00,AQU-BA-32OZ,1
2021-05-12 18:29:00,CHL-PS-17LB,1
2021-05-12 15:40:00,BIO-MA-32OZ,1
2021-05-12 10:51:00,AQU-BA-32OZ,3
2021-05-12 10:04:00,AQU-PS-25LB,4
2021-05-12 15:02:00,AQU-PS-5LB,1
2021-05-12 12:12:00,CHL-PS-17LB,3
2021-05-12 08:50:00,INT-BA-32OZ,1
2021-05-12 11:56:00,AQU-CT-11LB,1
2021-05-12 08:20:00,AQU-PS-5LB,3
2021-05-12 12:32:00,BIO-MA-32OZ,1
2021-05-12 14:52:00,HTH-S-5LB,1
2021-05-12 16:30:00,INT-CHI-7LB,1
2021-05-12 12:02:00,INT-BA-32OZ,1
2021-05-12 18:12:00,AQU-BA-32OZ,1
2021-05-12 12:22:00,CHL-PS-17LB,1
2021-05-12 08:55:00,CHL-CT-21LB,1
2021-05-12 18:21:00,INT-CA-32OZ,3
2021-05-12 12:07:00,AQU-PS-5LB,2
2021-05-12 13:27:00,CHL-PS-17LB,3
2021-05-12 14:47:00,BIO-MA-32OZ,1
2021-05-12 15:57:00,INT-CA-32OZ,1
2021-05-12 14:21:00,AQU-CT-11LB,2
2021-05-12 10:31:00,AQU-CT-11LB,1
2021-05-12 15:23:00,CHL-CT-21LB,2
2021-05-12 16:17:00,INT-LS-1GAL,1
2021-05-12 09:46:00,INT-CA-32OZ,2
2021-05-12 14:05:00,AQU-PS-5LB,1
2021-05-12 14:38:00,CHL-PS-17LB,1
2021-05-13 10:34:00,INT-BA-32OZ,1
2021-05-13 12:20:00,CHL-CT-1LB,2
2021-05-13 09:05:00,AQU-CT-11LB,4
2021-05-13 13:42:00,INT-BA-32OZ,1
2021-05-13 12:19:00,INT-BA-32OZ,1
2021-05-13 15:38:00,INT-BA-32OZ,1
2021-05-13 14:10:00,CHL-PS-17LB,3
2021-05-13 15:22:00,AQU-PS-25LB,2
2021-05-13 15:02:00,AQU-PS-25LB,1
2021-05-13 13:39:00,INT-BA-32OZ,1
2021-05-13 14:17:00,INT-LS-1GAL,1
2021-05-13 18:50:00,CHL-PS-1LB,1
2021-05-13 08:04:00,INT-BA-32OZ,3
2021-05-13 18:40:00,AQU-BA-32OZ,2
2021-05-13 14:23:00,BIO-MA-32OZ,1
2021-05-13 16:51:00,AQU-PS-25LB,3
2021-05-13 18:10:00,INT-BA-32OZ,1
2021-05-13 08:09:00,AQU-PS-5LB,1
2021-05-13 17:43:00,AQU-CT-11LB,3
2021-05-13 15:02:00,CHL-CT-21LB,1
2021-05-13 10:04:00,INT-AI-25LB,1
2021-05-13 11:49:00,AQU-CT-11LB,1
2021-05-13 18:23:00,INT-CA-32OZ,3
2021-05-13 13:24:00,AQU-PS-25LB,3
2021-05-13 17:02:00,INT-LS-1GAL,3
2021-05-13 17:09:00,INT-CA-32OZ,2
2021-05-13 18:28:00,CHL-PS-1LB,4
2021-05-13 13:23:00,INT-CA-32OZ,1
2021-05-13 15:48:00,BIO-MA-32OZ,1
2021-05-13 09:36:00,AQU-BA-32OZ,1
2021-05-13 10:33:00,INT-BA-32OZ,1
2021-05-13 13:25:00,AQU-PS-5LB,1
2021-05-13 13:41:00,CHL-PS-1LB,1
2021-05-13 12:15:00,INT-LS-1GAL,1
2021-05-13 09:01:00,INT-LS-1GAL,1
2021-05-13 10:31:00,INT-CA-32OZ,1
2021-05-13 16:24:00,AQU-BA-32OZ,3
2021-05-13 16:07:00,INT-BA-32OZ,1
2021-05-13 12:49:00,AQU-BA-32OZ,1
2021-05-13 12:45:00,AQU-PS-5LB,1
2021-05-13 15:13:00,BIO-MA-32OZ,1
2021-05-13 17:18:00,INT-CT-25LB,4
2021-05-13 15:12:00,AQU-BA-32OZ,1
2021-05-13 09:08:00,CHL-PS-1LB,2
2021-05-13 09:28:00,INT-CT-25LB,1
2021-05-13 10:57:00,AQU-PS-5LB,3
2021-05-14 09:51:00,INT-BA-32OZ,2
2021-05-14 18:54:00,AQU-BA-32OZ,1
2021-05-14 13:42:00,CHL-CT-21LB,1
2021-05-14 13:45:00,INT-LS-1GAL,1
2021-05-14 09:35:00,INT-CA-32OZ,1
2021-05-14 16:18:00,AQU-BA-32OZ,1
2021-05-14 12:54:00,INT-CT-25LB,1
2021-05-14 10:45:00,INT-CT-25LB,2
2021-05-14 18:11:00,AQU-PS-25LB,1
2021-05-14 13:32:00,AQU-PS-5LB,1
2021-05-14 11:07:00,AQU-CT-11LB,1
2021-05-14 11:50:00,INT-MA-1GAL,1
2021-05-14 10:15:00,INT-CA-32OZ,1
2021-05-14 15:01:00,INT-BA-32OZ,1
2021-05-14 13:35:00,AQU-PS-25LB,1
2021-05-14 17:23:00,AQU-CT-11LB,1
2021-05-14 15:51:00,AQU-PS-5LB,1
2021-05-14 16:08:00,INT-AI-5LB,1
2021-05-14 17:56:00,AQU-CT-11LB,1
2021-05-14 09:04:00,INT-CT-25LB,1
2021-05-14 12:25:00,CHL-PS-17LB,1
2021-05-14 15:33:00,CHL-PS-1LB,1
2021-05-14 14:49:00,AQU-PS-25LB,1
2021-05-14 14:52:00,AQU-PS-5LB,1
2021-05-14 17:04:00,BIO-MA-32OZ,1
2021-05-14 10:20:00,CHL-CT-21LB,1
2021-05-14 18:04:00,AQU-PD-5LB,1
2021-05-14 15:29:00,AQU-PS-5LB,1
2021-05-14 18:33:00,AQU-PS-5LB,1
2021-05-14 13:08:00,CHL-CT-21LB,3
2021-05-14 16:40:00,CHL-CT-21LB,2
2021-05-14 17:11:00,CHL-CHI-20LB,1
2021-05-15 10:27:00,CHL-CT-1LB,1
2021-05-15 16:58:00,AQU-BA-32OZ,2
2021-05-15 08:53:00,INT-CT-25LB,1
2021-05-15 09:33:00,BIO-MA-32OZ,4
2021-05-15 10:19:00,BIO-MA-32OZ,1
2021-05-15 10:10:00,INT-BA-32OZ,1
2021-05-15 13:59:00,AQU-PS-25LB,1
2021-05-15 11:22:00,INT-CT-25LB,1
2021-05-15 16:57:00,AQU-PS-5LB,1
2021-05-15 12:54:00,AQU-CT-11LB,1
2021-05-15 09:16:00,AQU-PS-5LB,1
2021-05-15 11:40:00,INT-CA-32OZ,1
2021-05-15 16:17:00,AQU-PS-5LB,1
2021-05-15 10:40:00,INT-MA-1GAL,1
2021-05-15 12:39:00,INT-BA-32OZ,1
2021-05-15 16:05:00,INT-CT-25LB,1
2021-05-15 16:41:00,INT-BA-32OZ,3
2021-05-15 10:37:00,INT-CT-25LB,3
2021-05-15 17:09:00,INT-CA-32OZ,1
2021-05-15 10:42:00,AQU-BA-32OZ,1
2021-05-15 17:46:00,CHL-CT-21LB,1
2021-05-15 17:21:00,CHL-PS-1LB,1
2021-05-15 17:02:00,INT-LS-1GAL,1
2021-05-15 08:05:00,INT-CT-25LB,1
2021-05-15 08:41:00,AQU-PS-5LB,1
2021-05-15 17:16:00,INT-LS-1GAL,2
2021-05-15 18:13:00,INT-BA-32OZ,2
2021-05-15 17:26:00,INT-BA-32OZ,1
2021-05-15 17:40:00,INT-BA-32OZ,1
2021-05-15 08:31:00,INT-LS-1GAL,2
2021-05-16 16:18:00,AQU-CT-11LB,2
2021-05-16 18:19:00,BIO-MA-32OZ,3
2021-05-16 15:15:00,CHL-PU-2LB,1
2021-05-16 18:25:00,INT-LS-1GAL,1
2021-05-16 12:29:00,CHL-CT-1LB,1
2021-05-16 09:44:00,INT-CA-32OZ,1
2021-05-16 08:10:00,CHL-CT-1LB,1
2021-05-16 15:26:00,AQU-CT-11LB,1
2021-05-16 15:29:00,AQU-BA-32OZ,1
2021-05-16 11:21:00,CHL-PS-17LB,1
2021-05-16 17:09:00,INT-BA-32OZ,1
2021-05-16 13:55:00,INT-LS-1GAL,1
2021-05-16 13:46:00,CHL-CT-1LB,1
2021-05-16 13:25:00,INT-BA-32OZ,1
2021-05-16 10:48:00,CHL-CT-1LB,1
2021-05-16 13:32:00,AQU-CHI-11LB,1
2021-05-16 16:06:00,INT-BA-32OZ,1
2021-05-16 13:15:00,AQU-CT-11LB,1
2021-05-16 15:07:00,CHL-CT-21LB,4
2021-05-16 12:28:00,CHL-CT-1LB,1
2021-05-16 11:09:00,CHL-PS-1LB,1
2021-05-16 09:03:00,CHL-PS-17LB,1
2021-05-16 12:24:00,INT-CA-32OZ,1
2021-05-16 17:26:00,INT-LS-1GAL,3
2021-05-16 11:55:00,AQU-PS-5LB,4
2021-05-17 13:59:00,INT-CT-25LB,2
2021-05-17 17:46:00,INT-CHI-7LB,1
2021-05-17 13:12:00,CHL-S-1LB,1
2021-05-17 10:31:00,CHL-CT-1LB,1
2021-05-17 16:29:00,CHL-CT-21LB,1
2021-05-17 15:56:00,CHL-CT-21LB,1
2021-05-17 12:31:00,INT-CA-32OZ,2
2021-05-17 08:05:00,AQU-CT-11LB,1
2021-05-17 14:32:00,AQU-PS-25LB,1
2021-05-17 15:15:00,CHL-PS-1LB,1
2021-05-17 11:37:00,AQU-PS-25LB,4
2021-05-17 13:03:00,CHL-CT-21LB,1
2021-05-17 08:18:00,INT-CT-25LB,1
2021-05-17 15:38:00,AQU-CT-11LB,1
2021-05-17 18:43:00,AQU-CT-11LB,1
2021-05-17 15:18:00,CHL-CHI-20LB,3
2021-05-17 16:00:00,INT-CT-25LB,1
2021-05-17 09:27:00,INT-CT-25LB,1
2021-05-17 10:56:00,CHL-CT-1LB,1
2021-05-17 12:46:00,AQU-CT-11LB,1
2021-05-17 13:48:00,AQU-PS-25LB,4
2021-05-17 14:23:00,AQU-BA-32OZ,2
2021-05-17 08:25:00,CHL-CT-21LB,3
2021-05-17 08:36:00,AQU-PS-5LB,2
2021-05-17 16:12:00,AQU-PS-5LB,2
2021-05-17 13:35:00,AQU-PS-25LB,3
2021-05-17 12:04:00,INT-MA-1GAL,1
2021-05-17 14:32:00,AQU-CT-11LB,4
2021-05-17 15:48:00,AQU-CT-11LB,3
2021-05-17 16:17:00,INT-CT-25LB,1
2021-05-17 17:43:00,INT-LS-1GAL,1
2021-05-17 17:07:00,INT-CA-32OZ,1
2021-05-17 10:06:00,CHL-CT-21LB,1
2021-05-17 14:23:00,INT-CT-25LB,3
2021-05-17 13:35:00,INT-AI-25LB,1
2021-05-17 13:48:00,BIO-MA-32OZ,2
2021-05-17 10:12:00,INT-CT-25LB,4
2021-05-17 17:32:00,CHL-PS-17LB,1
2021-05-17 14:32:00,AQU-BA-32OZ,1
2021-05-18 08:08:00,AQU-BA-32OZ,3
2021-05-18 13:51:00,CHL-PS-1LB,3
2021-05-18 15:33:00,AQU-CT-11LB,1
2021-05-18 15:09:00,INT-CT-25LB,3
2021-05-18 17:57:00,CHL-PS-1LB,1
2021-05-18 16:08:00,INT-BA-32OZ,2
2021-05-18 13:59:00,INT-BA-32OZ,1
2021-05-18 17:20:00,INT-LS-1GAL,1
2021-05-18 10:25:00,BIO-MA-32OZ,1
2021-05-18 17:47:00,CHL-PS-17LB,4
2021-05-18 12:37:00,CHL-PS-1LB,4
2021-05-18 13:32:00,INT-BA-32OZ,2
2021-05-18 16:34:00,INT-LS-1GAL,1
2021-05-18 15:45:00,INT-CA-32OZ,2
2021-05-18 17:19:00,INT-CA-32OZ,1
2021-05-18 15:52:00,INT-CA-32OZ,2
2021-05-18 08:23:00,INT-BA-32OZ,2
2021-05-18 13:43:00,AQU-BA-32OZ,1
2021-05-18 09:26:00,AQU-PS-5LB,1
2021-05-18 17:19:00,AQU-PS-5LB,1
2021-05-18 18:01:00,CHL-CT-1LB,1
2021-05-18 17:30:00,INT-LS-1GAL,1
2021-05-18 12:41:00,BIO-MA-32OZ,3
2021-05-18 17:36:00,AQU-PS-5LB,4
2021-05-18 11:46:00,CHL-CT-21LB,1
2021-05-18 08:37:00,AQU-PS-5LB,1
2021-05-18 15:10:00,BIO-MA-32OZ,2
2021-05-18 16:40:00,CHL-PS-1LB,1
2021-05-19 14:09:00,AQU-PS-25LB,1
2021-05-19 18:15:00,BIO-MA-32OZ,3
2021-05-19 08:36:00,CHL-CT-1LB,3
2021-05-19 09:12:00,INT-LS-1GAL,1
2021-05-19 08:28:00,AQU-PS-25LB,1
2021-05-19 13:26:00,INT-AI-25LB,1
2021-05-19 10:26:00,CHL-CT-1LB,1
2021-05-19 11:26:00,AQU-PS-5LB,3
2021-05-19 16:49:00,CHL-CT-21LB,1
2021-05-19 17:58:00,INT-CT-25LB,1
2021-05-19 15:55:00,AQU-PS-5LB,1
2021-05-19 08:45:00,AQU-PS-25LB,2
2021-05-19 10:33:00,BIO-MA-32OZ,2
2021-05-19 11:35:00,CHL-CT-21LB,1
2021-05-19 13:42:00,CHL-PS-17LB,2
2021-05-19 15:33:00,AQU-PS-25LB,1
2021-05-19 14:20:00,INT-LS-1GAL,1
2021-05-19 10:29:00,INT-CT-25LB,1
2021-05-19 16:21:00,INT-CA-32OZ,1
2021-05-19 16:22:00,CHL-PS-1LB,1
2021-05-19 18:49:00,CHL-PS-1LB,1
2021-05-19 18:41:00,INT-CA-32OZ,1
2021-05-19 12:39:00,BIO-MA-32OZ,1
2021-05-19 15:12:00,AQU-PS-25LB,2
2021-05-20 12:35:00,INT-LS-1GAL,1
2021-05-20 12:14:00,CHL-CT-1LB,1
2021-05-20 12:49:00,BIO-MA-32OZ,1
2021-05-20 12:45:00,BIO-MA-32OZ,3
2021-05-20 11:44:00,AQU-CT-11LB,3
2021-05-20 15:20:00,CHL-CT-1LB,4
2021-05-20 15:22:00,AQU-PS-5LB,1
2021-05-20 16:59:00,CHL-CT-21LB,1
2021-05-20 12:18:00,INT-CT-25LB,2
2021-05-20 09:36:00,CHL-PS-1LB,1
2021-05-20 18:34:00,INT-CA-32OZ,1
2021-05-20 14:57:00,HTH-S-5LB,2
2021-05-20 14:52:00,INT-MA-1GAL,2
2021-05-20 13:49:00,INT-LS-1GAL,1
2021-05-20 10:18:00,BIO-MA-32OZ,1
2021-05-20 08:18:00,CHL-PS-1LB,1
2021-05-20 09:22:00,INT-MA-1GAL,1
2021-05-20 15:41:00,AQU-CT-11LB,1
2021-05-20 12:47:00,CHL-PS-17LB,1
2021-05-20 15:13:00,CHL-CT-1LB,1
2021-05-20 11:52:00,INT-CA-32OZ,1
2021-05-20 16:17:00,BIO-MA-32OZ,3
2021-05-20 16:44:00,AQU-PS-25LB,1
2021-05-20 12:08:00,AQU-CT-11LB,3
2021-05-20 09:39:00,AQU-PS-25LB,1
2021-05-20 17:15:00,INT-CT-25LB,1
2021-05-20 11:03:00,AQU-PS-5LB,1
2021-05-20 18:57:00,INT-CA-32OZ,1
2021-05-20 16:14:00,INT-BA-32OZ,1
2021-05-20 18:14:00,INT-CA-32OZ,1
2021-05-20 08:06:00,AQU-BA-32OZ,1
2021-05-20 14:21:00,CHL-CT-1LB,1
2021-05-20 15:06:00,AQU-PS-5LB,1
2021-05-20 18:49:00,AQU-PS-25LB,2
2021-05-20 10:00:00,CHL-PS-1LB,1
2021-05-20 16:59:00,INT-LS-1GAL,1
2021-05-20 10:26:00,AQU-PS-5LB,1
2021-05-20 18:59:00,AQU-CT-11LB,1
2021-05-20 15:30:00,CHL-CT-21LB,1
2021-05-20 18:12:00,CHL-PS-1LB,1
2021-05-20 12:20:00,HTH-S-5LB,1
2021-05-20 12:41:00,INT-BA-32OZ,1
2021-05-21 09:41:00,CHL-CT-21LB,4
2021-05-21 17:14:00,AQU-PS-5LB,1
2021-05-21 16:47:00,INT-CA-32OZ,2
2021-05-21 08:58:00,AQU-PS-5LB,1
2021-05-21 10:26:00,CHL-PS-1LB,1
2021-05-21 10:59:00,INT-CA-32OZ,1
2021-05-21 08:53:00,INT-LS-1GAL,1
2021-05-21 14:50:00,CHL-PS-1LB,1
2021-05-21 15:11:00,INT-BA-32OZ,4
2021-05-21 12:56:00,AQU-BA-32OZ,1
2021-05-21 08:00:00,AQU-BA-32OZ,2
2021-05-21 12:36:00,BIO-MA-32OZ,1
2021-05-21 17:06:00,CHL-CT-1LB,1
2021-05-21 13:18:00,CHL-PS-1LB,1
2021-05-21 15:41:00,AQU-PS-25LB,1
2021-05-21 16:33:00,INT-CA-32OZ,1
2021-05-21 15:56:00,CHL-PS-1LB,4
2021-05-21 10:54:00,INT-MA-1GAL,2
2021-05-21 16:29:00,CHL-CHI-20LB,1
2021-05-21 12:12:00,HTH-S-5LB,1
2021-05-21 09:21:00,CHL-CT-1LB,1
2021-05-21 10:46:00,CHL-PS-17LB,1
2021-05-21 15:41:00,INT-CT-25LB,2
2021-05-21 12:45:00,INT-CT-25LB,1
2021-05-21 10:00:00,BIO-MA-32OZ,1
2021-05-21 13:50:00,CHL-CT-1LB,1
2021-05-21 12:36:00,AQU-PS-25LB,1
2021-05-21 18:48:00,CHL-PU-2LB,1
2021-05-21 11:11:00,AQU-CT-11LB,3
2021-05-21 17:54:00,INT-CA-32OZ,1
2021-05-21 18:57:00,CHL-PS-17LB,1
2021-05-21 14:52:00,INT-CT-25LB,1
2021-05-21 14:32:00,AQU-PS-5LB,4
2021-05-21 13:05:00,CHL-CT-21LB,1
2021-05-21 14:42:00,CHL-CT-21LB,1
2021-05-21 09:11:00,AQU-PS-5LB,1
2021-05-21 10:30:00,BIO-MA-32OZ,1
2021-05-21 13:59:00,CHL-CT-21LB,1
2021-05-21 11:00:00,CHL-PS-1LB,1
2021-05-21 12:24:00,AQU-CT-11LB,1
2021-05-21 11:28:00,CHL-PS-1LB,2
2021-05-21 12:21:00,INT-AI-25LB,2
2021-05-21 12:37:00,AQU-BA-32OZ,1
2021-05-21 17:00:00,CHL-S-1LB,1
2021-05-21 12:41:00,INT-MA-1GAL,4
2021-05-21 13:44:00,INT-CA-32OZ,4
2021-05-21 11:03:00,INT-CT-25LB,1
2021-05-21 18:07:00,AQU-CT-11LB,1
2021-05-21 15:19:00,AQU-PS-5LB,1
2021-05-21 10:25:00,INT-AI-25LB,1
2021-05-22 12:44:00,BIO-MA-32OZ,3
2021-05-22 09:40:00,INT-MA-1GAL,4
2021-05-22 12:23:00,CHL-CT-21LB,4
2021-05-22 17:14:00,INT-CA-32OZ,1
2021-05-22 11:08:00,AQU-CT-11LB,2
2021-05-22 15:09:00,AQU-PS-25LB,1
2021-05-22 15:47:00,INT-BA-32OZ,1
2021-05-22 17:23:00,INT-CT-25LB,2
2021-05-22 14:44:00,CHL-CT-21LB,1
2021-05-22 16:58:00,CHL-PS-1LB,1
2021-05-22 15:48:00,BIO-PD-2LB,1
2021-05-22 16:51:00,INT-BA-32OZ,1
2021-05-22 18:52:00,INT-LS-1GAL,2
2021-05-22 11:48:00,INT-CA-32OZ,1
2021-05-22 11:43:00,AQU-CT-11LB,1
2021-05-22 17:55:00,AQU-CT-11LB,1
2021-05-22 09:33:00,AQU-PS-5LB,1
2021-05-22 15:33:00,CHL-CT-1LB,3
2021-05-22 13:04:00,CHL-CHI-20LB,1
2021-05-22 17:07:00,INT-CA-32OZ,1
2021-05-22 08:53:00,CHL-CT-1LB,2
2021-05-22 16:57:00,CHL-PU-2LB,4
2021-05-22 16:12:00,INT-CT-25LB,1
2021-05-22 17:34:00,BIO-MA-32OZ,1
2021-05-22 10:10:00,INT-CT-25LB,1
2021-05-22 13:54:00,INT-BA-32OZ,1
2021-05-22 16:28:00,CHL-PS-17LB,3
2021-05-22 09:43:00,AQU-PS-5LB,1
2021-05-22 11:45:00,AQU-PS-25LB,1
2021-05-22 17:31:00,CHL-PS-1LB,1
2021-05-22 09:57:00,AQU-BA-32OZ,1
2021-05-22 16:28:00,INT-MA-1GAL,1
2021-05-22 08:29:00,AQU-CT-11LB,1
2021-05-22 10:32:00,CHL-CT-21LB,2
2021-05-22 14:29:00,INT-LS-1GAL,1
2021-05-22 17:03:00,AQU-BA-32OZ,3
2021-05-22 16:29:00,AQU-BA-32OZ,1
2021-05-22 18:51:00,BIO-MA-32OZ,1
2021-05-22 12:46:00,CHL-CT-21LB,1
2021-05-22 08:25:00,INT-CT-25LB,1
2021-05-22 12:52:00,INT-LS-1GAL,3
2021-05-22 08:47:00,CHL-PS-17LB,1
2021-05-22 11:37:00,CHL-PS-1LB,3
2021-05-22 09:02:00,CHL-CT-21LB,1
2021-05-22 14:22:00,BIO-MA-32OZ,2
2021-05-22 09:34:00,INT-LS-1GAL,1
2021-05-22 08:59:00,INT-CA-32OZ,1
2021-05-22 09:59:00,CHL-PS-17LB,3
2021-05-22 15:02:00,CHL-CT-21LB,1
2021-05-22 12:26:00,AQU-CT-11LB,1
2021-05-22 10:49:00,AQU-PS-5LB,2
2021-05-22 10:49:00,CHL-PS-1LB,1
2021-05-22 18:46:00,CHL-CT-21LB,1
2021-05-22 18:26:00,HTH-AI-11LB,1
2021-05-23 14:28:00,AQU-PS-25LB,1
2021-05-23 14:24:00,INT-CA-32OZ,4
2021-05-23 09:43:00,AQU-PS-25LB,1
2021-05-23 18:55:00,INT-CA-32OZ,2
2021-05-23 16:08:00,AQU-CT-11LB,1
2021-05-23 18:55:00,INT-LS-1GAL,2
2021-05-23 13:07:00,BIO-MA-32OZ,1
2021-05-23 10:34:00,CHL-CT-1LB,3
2021-05-23 14:33:00,BIO-MA-32OZ,4
2021-05-23 10:46:00,INT-CA-32OZ,1
2021-05-23 11:53:00,INT-CT-25LB,1
2021-05-23 08:48:00,AQU-PS-5LB,1
2021-05-23 08:19:00,INT-CA-32OZ,1
2021-05-23 15:43:00,BIO-MA-32OZ,1
2021-05-23 16:27:00,INT-MA-1GAL,1
2021-05-23 16:24:00,AQU-PS-25LB,1
2021-05-23 11:15:00,INT-LS-1GAL,2
2021-05-23 15:22:00,INT-CA-32OZ,1
2021-05-23 10:17:00,CHL-CT-21LB,1
2021-05-23 11:59:00,CHL-CT-1LB,3
2021-05-23 09:02:00,BIO-MA-32OZ,1
2021-05-23 18:26:00,INT-CA-32OZ,1
2021-05-23 17:49:00,BIO-PU-5LB,1
2021-05-23 08:15:00,INT-CA-32OZ,3
2021-05-23 11:04:00,AQU-PS-25LB,2
2021-05-23 09:38:00,CHL-PS-17LB,1
2021-05-23 08:28:00,INT-LS-1GAL,4
2021-05-23 17:43:00,AQU-BA-32OZ,2
2021-05-23 08:15:00,INT-CA-32OZ,1
2021-05-23 08:25:00,INT-MA-1GAL,1
2021-05-23 15:14:00,CHL-CT-1LB,1
2021-05-23 16:13:00,BIO-MA-32OZ,2
2021-05-23 08:08:00,CHL-CT-1LB,1
2021-05-23 16:18:00,BIO-MA-32OZ,1
2021-05-23 11:52:00,INT-BA-32OZ,4
2021-05-23 17:20:00,AQU-CT-11LB,1
2021-05-24 18:52:00,INT-CA-32OZ,2
2021-05-24 13:15:00,CHL-CT-21LB,4
2021-05-24 12:56:00,CHL-PS-1LB,1
2021-05-24 10:42:00,INT-CA-32OZ,3
2021-05-24 16:14:00,CHL-PS-17LB,2
2021-05-24 14:19:00,CHL-CT-21LB,1
2021-05-24 12:03:00,AQU-PS-5LB,3
2021-05-24 16:37:00,CHL-PS-17LB,1
2021-05-24 10:40:00,INT-LS-1GAL,3
2021-05-24 18:27:00,INT-BA-32OZ,2
2021-05-24 16:31:00,AQU-PS-25LB,1
2021-05-24 08:22:00,INT-CT-25LB,2
2021-05-24 18:42:00,AQU-BA-32OZ,1
2021-05-24 14:50:00,INT-BA-32OZ,1
2021-05-24 16:20:00,CHL-CT-21LB,1
2021-05-24 14:26:00,INT-LS-1GAL,1
2021-05-24 10:19:00,INT-CT-25LB,1
2021-05-24 14:11:00,INT-CA-32OZ,1
2021-05-24 16:30:00,CHL-PS-1LB,2
2021-05-24 11:54:00,INT-LS-1GAL,1
2021-05-24 11:19:00,INT-BA-32OZ,1
2021-05-24 10:51:00,CHL-PS-1LB,1
2021-05-24 15:58:00,INT-MA-1GAL,1
2021-05-24 08:35:00,INT-BA-32OZ,1
2021-05-24 14:26:00,CHL-PS-17LB,1
2021-05-24 16:33:00,INT-CA-32OZ,1
2021-05-24 10:24:00,AQU-PS-25LB,1
2021-05-24 11:16:00,AQU-CT-11LB,4
2021-05-24 11:21:00,CHL-PS-1LB,1
2021-05-24 18:05:00,CHL-PS-17LB,4
2021-05-24 15:54:00,AQU-PS-5LB,1
2021-05-24 13:05:00,INT-CA-32OZ,2
2021-05-24 16:46:00,AQU-CT-11LB,1
2021-05-24 11:03:00,CHL-CT-1LB,1
2021-05-24 12:24:00,CHL-PS-17LB,1
2021-05-24 18:38:00,AQU-PS-25LB,1
2021-05-24 17:02:00,INT-BA-32OZ,4
2021-05-25 11:51:00,AQU-PS-5LB,4
2021-05-25 17:46:00,INT-LS-1GAL,1
2021-05-25 18:35:00,INT-CT-25LB,1
2021-05-25 11:30:00,INT-BA-32OZ,1
2021-05-25 11:55:00,CHL-PS-1LB,4
2021-05-25 13:19:00,AQU-PS-25LB,1
2021-05-25 08:13:00,INT-CA-32OZ,1
2021-05-25 11:47:00,INT-LS-1GAL,1
2021-05-25 09:47:00,INT-CT-25LB,3
2021-05-25 15:58:00,INT-MA-1GAL,1
2021-05-25 11:44:00,CHL-PS-17LB,3
2021-05-25 17:45:00,INT-CA-32OZ,3
2021-05-25 11:25:00,CHL-PS-17LB,1
2021-05-25 11:35:00,INT-BA-32OZ,1
2021-05-25 13:49:00,CHL-CT-1LB,1
2021-05-25 12:24:00,INT-CT-25LB,1
2021-05-25 15:34:00,AQU-CT-11LB,4
2021-05-25 18:22:00,CHL-CT-1LB,2
2021-05-25 12:16:00,CHL-PS-17LB,1
2021-05-25 13:32:00,INT-AI-25LB,1
2021-05-25 15:29:00,CHL-PS-1LB,1
2021-05-25 09:51:00,AQU-PS-5LB,2
2021-05-25 15:48:00,AQU-BA-32OZ,1
2021-05-25 13:58:00,AQU-PS-25LB,1
2021-05-25 11:23:00,INT-CA-32OZ,1
2021-05-25 13:26:00,INT-CT-25LB,1
2021-05-25 08:36:00,INT-BA-32OZ,1
2021-05-25 11:47:00,INT-CA-32OZ,1
2021-05-25 10:01:00,CHL-PS-17LB,3
2021-05-25 12:35:00,INT-CA-32OZ,1
2021-05-25 17:37:00,AQU-PS-25LB,1
2021-05-25 14:18:00,AQU-PS-25LB,1
2021-05-25 10:12:00,CHL-PS-1LB,1
2021-05-25 13:14:00,INT-CA-32OZ,1
2021-05-25 14:36:00,INT-BA-32OZ,1
2021-05-25 11:31:00,INT-MA-1GAL,2
2021-05-25 16:41:00,BIO-MA-32OZ,2
2021-05-25 18:21:00,AQU-PD-5LB,1
2021-05-25 12:48:00,CHL-PS-17LB,1
2021-05-25 15:46:00,INT-CA-32OZ,2
2021-05-25 18:47:00,CHL-CT-21LB,1
2021-05-25 15:29:00,CHL-CT-1LB,3
2021-05-26 13:10:00,INT-CT-25LB,1
2021-05-26 10:46:00,AQU-PS-25LB,1
2021-05-26 16:31:00,AQU-BA-32OZ,1
2021-05-26 10:58:00,BIO-MA-32OZ,1
2021-05-26 16:41:00,INT-CT-25LB,1
2021-05-26 08:33:00,INT-CA-32OZ,1
2021-05-26 08:53:00,AQU-CT-11LB,1
2021-05-26 09:52:00,INT-MA-1GAL,1
2021-05-26 18:03:00,BIO-MA-32OZ,1
2021-05-26 08:26:00,AQU-CT-11LB,1
2021-05-26 10:53:00,INT-LS-1GAL,1
2021-05-26 18:14:00,CHL-PS-1LB,1
2021-05-26 09:45:00,BIO-PD-2LB,1
2021-05-26 10:00:00,INT-CA-32OZ,1
2021-05-26 11:32:00,INT-BA-32OZ,1
2021-05-26 15:23:00,CHL-PS-17LB,1
2021-05-26 08:39:00,AQU-PS-5LB,1
2021-05-26 18:42:00,INT-BA-32OZ,3
2021-05-26 17:58:00,BIO-MA-32OZ,1
2021-05-26 15:42:00,AQU-PS-5LB,1
2021-05-26 15:01:00,INT-LS-1GAL,1
2021-05-26 08:34:00,CHL-CT-21LB,1
2021-05-26 16:26:00,CHL-CT-1LB,1
2021-05-26 08:01:00,BIO-MA-32OZ,2
2021-05-26 16:46:00,INT-LS-1GAL,3
2021-05-26 12:34:00,INT-MA-1GAL,1
2021-05-26 12:01:00,CHL-CT-1LB,1
2021-05-26 16:52:00,INT-MA-1GAL,3
2021-05-26 18:27:00,AQU-PS-5LB,1
2021-05-26 10:06:00,CHL-CT-21LB,1
2021-05-26 09:33:00,CHL-PS-17LB,3
2021-05-26 10:15:00,INT-BA-32OZ,2
2021-05-26 11:39:00,AQU-BA-32OZ,2
2021-05-26 16:16:00,AQU-CT-11LB,1
2021-05-26 13:17:00,CHL-PS-17LB,1
2021-05-26 14:05:00,CHL-PS-17LB,1
2021-05-26 13:25:00,AQU-PS-25LB,1
2021-05-26 15:36:00,CHL-PS-17LB,1
2021-05-26 11:44:00,INT-CA-32OZ,2
2021-05-26 11:19:00,CHL-CT-21LB,1
2021-05-26 18:52:00,AQU-PS-5LB,1
2021-05-26 09:41:00,CHL-PS-17LB,3
2021-05-26 18:48:00,AQU-PS-25LB,1
2021-05-26 08:05:00,AQU-PS-5LB,1
2021-05-26 14:24:00,CHL-CT-21LB,1
2021-05-26 14:35:00,AQU-PS-25LB,1
2021-05-27 18:00:00,AQU-PS-25LB,4
2021-05-27 10:05:00,INT-CT-25LB,1
2021-05-27 15:54:00,CHL-CT-1LB,1
2021-05-27 14:41:00,CHL-CT-21LB,1
2021-05-27 13:36:00,INT-BA-32OZ,1
2021-05-27 09:57:00,CHL-CT-21LB,1
2021-05-27 16:58:00,AQU-BA-32OZ,1
2021-05-27 08:14:00,CHL-CT-21LB,1
2021-05-27 11:57:00,INT-CT-25LB,1
2021-05-27 17:30:00,INT-LS-1GAL,1
2021-05-27 12:02:00,INT-BA-32OZ,1
2021-05-27 09:43:00,CHL-CT-1LB,3
2021-05-27 12:57:00,CHL-PS-17LB,1
2021-05-27 16:36:00,CHL-CT-1LB,1
2021-05-27 18:02:00,BIO-MA-32OZ,1
2021-05-27 10:59:00,AQU-CT-11LB,1
2021-05-27 13:01:00,INT-CT-25LB,1
2021-05-27 11:37:00,AQU-PS-25LB,1
2021-05-27 10:48:00,INT-CA-32OZ,1
2021-05-27 14:59:00,BIO-MA-32OZ,2
2021-05-27 09:19:00,BIO-MA-32OZ,1
2021-05-27 10:36:00,INT-LS-1GAL,2
2021-05-27 11:36:00,AQU-CT-11LB,1
2021-05-27 14:43:00,AQU-BA-32OZ,3
2021-05-27 16:21:00,AQU-CT-11LB,1
2021-05-27 14:48:00,CHL-CT-1LB,2
2021-05-27 10:50:00,AQU-BA-32OZ,1
2021-05-27 09:32:00,CHL-PS-1LB,3
2021-05-27 13:03:00,CHL-CT-1LB,1
2021-05-27 09:27:00,INT-AI-5LB,1
2021-05-27 11:53:00,INT-BA-32OZ,1
2021-05-27 09:21:00,CHL-CT-1LB,2
2021-05-27 17:49:00,AQU-CT-11LB,4
2021-05-27 17:38:00,CHL-CT-21LB,1
2021-05-28 13:01:00,AQU-PS-25LB,1
2021-05-28 18:17:00,CHL-CT-1LB,1
2021-05-28 15:31:00,CHL-CT-1LB,1
2021-05-28 11:22:00,INT-CA-32OZ,1
2021-05-28 16:24:00,INT-CA-32OZ,1
2021-05-28 14:11:00,AQU-PS-25LB,1
2021-05-28 18:37:00,AQU-CT-11LB,1
2021-05-28 18:24:00,BIO-MA-32OZ,2
2021-05-28 09:49:00,CHL-CT-21LB,1
2021-05-28 17:18:00,INT-CA-32OZ,1
2021-05-28 11:45:00,BIO-MA-32OZ,2
2021-05-28 09:05:00,BIO-MA-32OZ,1
2021-05-28 12:09:00,AQU-PS-5LB,1
2021-05-28 14:45:00,INT-CT-25LB,2
2021-05-28 18:09:00,CHL-PS-17LB,1
2021-05-28 14:20:00,AQU-BA-32OZ,2
2021-05-28 13:06:00,AQU-BA-32OZ,2
2021-05-28 09:00:00,INT-CT-25LB,1
2021-05-28 12:28:00,AQU-BA-32OZ,1
2021-05-28 13:48:00,INT-CT-25LB,1
2021-05-28 12:06:00,AQU-CT-11LB,2
2021-05-28 10:05:00,AQU-PS-25LB,1
2021-05-28 10:27:00,INT-LS-1GAL,1
2021-05-28 15:35:00,AQU-PS-25LB,1
2021-05-28 16:32:00,AQU-BA-32OZ,1
2021-05-28 14:06:00,CHL-PS-17LB,1
2021-05-28 08:05:00,INT-BA-32OZ,1
2021-05-28 13:35:00,BIO-MA-32OZ,1
2021-05-28 09:38:00,BIO-MA-32OZ,1
2021-05-28 17:50:00,INT-BA-32OZ,1
2021-05-28 13:55:00,INT-MA-1GAL,1
2021-05-28 14:00:00,INT-LS-1GAL,1
2021-05-28 12:26:00,CHL-PS-17LB,1
2021-05-28 14:49:00,AQU-PS-25LB,1
2021-05-28 09:46:00,AQU-PS-25LB,1
2021-05-28 16:57:00,BIO-MA-32OZ,2
2021-05-28 11:36:00,INT-CA-32OZ,1
2021-05-28 16:10:00,AQU-PS-5LB,1
2021-05-28 18:24:00,CHL-CT-1LB,1
2021-05-28 10:08:00,CHL-PS-1LB,1
2021-05-28 12:19:00,CHL-PS-1LB,3
2021-05-29 10:04:00,CHL-PS-1LB,1
2021-05-29 10:27:00,INT-LS-1GAL,3
2021-05-29 12:26:00,AQU-BA-32OZ,1
2021-05-29 12:30:00,AQU-BA-32OZ,4
2021-05-29 09:23:00,BIO-MA-32OZ,2
2021-05-29 12:15:00,AQU-PS-25LB,1
2021-05-29 18:31:00,CHL-PS-1LB,1
2021-05-29 17:39:00,HTH-F-2LB,1
2021-05-29 11:29:00,INT-CA-32OZ,2
2021-05-29 09:08:00,AQU-BA-32OZ,4
2021-05-29 12:00:00,AQU-PS-25LB,1
2021-05-29 14:21:00,CHL-CT-1LB,1
2021-05-29 17:24:00,CHL-PS-1LB,1
2021-05-29 13:28:00,BIO-MA-32OZ,1
2021-05-29 13:27:00,INT-LS-1GAL,1
2021-05-29 18:38:00,AQU-PS-25LB,1
2021-05-29 10:19:00,INT-CA-32OZ,1
2021-05-29 13:38:00,INT-CA-32OZ,1
2021-05-29 11:30:00,BIO-MA-32OZ,1
2021-05-29 13:11:00,INT-CT-25LB,1
2021-05-29 14:20:00,AQU-BA-32OZ,1
2021-05-29 12:47:00,INT-CT-25LB,4
2021-05-29 18:31:00,INT-CA-32OZ,1
2021-05-29 17:50:00,INT-CA-32OZ,1
2021-05-29 11:20:00,AQU-PS-25LB,1
2021-05-29 14:17:00,BIO-PD-2LB,3
2021-05-29 14:23:00,INT-LS-1GAL,1
2021-05-29 09:59:00,AQU-PS-25LB,4
2021-05-29 17:12:00,INT-AI-25LB,1
2021-05-29 17:34:00,BIO-MA-32OZ,2
2021-05-29 10:43:00,INT-CT-25LB,1
2021-05-29 16:01:00,AQU-CT-11LB,1
2021-05-29 15:45:00,INT-BA-32OZ,1
2021-05-29 11:28:00,INT-MA-1GAL,1
2021-05-29 12:53:00,CHL-CT-21LB,1
2021-05-29 09:52:00,INT-BA-32OZ,1
2021-05-29 14:43:00,AQU-PS-25LB,1
2021-05-29 15:08:00,INT-BA-32OZ,1
2021-05-29 18:19:00,CHL-PS-17LB,2
2021-05-29 11:16:00,AQU-CT-11LB,1
2021-05-29 18:09:00,BIO-MA-32OZ,1
2021-05-29 14:50:00,CHL-PS-1LB,2
2021-05-29 14:04:00,INT-CT-25LB,1
2021-05-29 15:38:00,BIO-MA-32OZ,2
2021-05-29 15:37:00,CHL-S-1LB,1
2021-05-29 14:34:00,AQU-CT-11LB,1
2021-05-29 16:59:00,CHL-PS-17LB,1
2021-05-29 14:34:00,AQU-PS-25LB,3
2021-05-30 13:44:00,INT-CT-25LB,1
2021-05-30 16:38:00,CHL-CT-1LB,1
2021-05-30 18:58:00,CHL-PS-1LB,1
2021-05-30 09:06:00,AQU-PS-5LB,1
2021-05-30 11:42:00,AQU-BA-32OZ,3
2021-05-30 18:22:00,INT-BA-32OZ,1
2021-05-30 10:41:00,AQU-BA-32OZ,3
2021-05-30 17:02:00,CHL-PS-17LB,2
2021-05-30 17:41:00,INT-LS-1GAL,2
2021-05-30 18:41:00,HTH-F-2LB,1
2021-05-30 14:48:00,AQU-BA-32OZ,1
2021-05-30 13:50:00,HTH-AI-11LB,1
2021-05-30 14:06:00,AQU-BA-32OZ,1
2021-05-30 08:06:00,INT-LS-1GAL,1
2021-05-30 12:14:00,HTH-AI-11LB,2
2021-05-30 16:47:00,AQU-BA-32OZ,3
2021-05-30 16:35:00,AQU-PS-5LB,1
2021-05-30 17:44:00,AQU-PS-5LB,1
2021-05-30 17:14:00,AQU-PS-25LB,1
2021-05-30 15:23:00,AQU-PS-25LB,1
2021-05-30 14:29:00,CHL-PS-17LB,1
2021-05-30 18:37:00,HTH-AI-11LB,2
2021-05-30 16:09:00,INT-AI-5LB,1
2021-05-30 13:01:00,AQU-PS-25LB,2
2021-05-30 15:06:00,INT-LS-1GAL,1
2021-05-30 12:26:00,AQU-PS-25LB,1
2021-05-30 09:07:00,AQU-PS-25LB,1
2021-05-30 10:22:00,INT-BA-32OZ,1
2021-05-30 12:21:00,CHL-PS-17LB,2
2021-05-30 15:50:00,CHL-PS-17LB,1
2021-05-30 11:33:00,AQU-BA-32OZ,1
2021-05-31 15:06:00,INT-LS-1GAL,1
2021-05-31 15:46:00,BIO-MA-32OZ,1
2021-05-31 15:20:00,INT-CT-25LB,1
2021-05-31 09:19:00,CHL-PS-17LB,1
2021-05-31 08:51:00,AQU-PS-25LB,1
2021-05-31 09:01:00,AQU-PS-5LB,1
2021-05-31 13:41:00,INT-LS-1GAL,2
2021-05-31 09:43:00,CHL-PS-1LB,1
2021-05-31 10:59:00,AQU-CT-11LB,2
2021-05-31 11:33:00,INT-CT-25LB,1
2021-05-31 10:35:00,BIO-MA-32OZ,3
2021-05-31 10:21:00,INT-LS-1GAL,1
2021-05-31 16:27:00,BIO-MA-32OZ,4
2021-05-31 15:14:00,AQU-BA-32OZ,1
2021-05-31 14:40:00,CHL-PS-17LB,1
2021-05-31 10:11:00,INT-CA-32OZ,1
2021-05-31 18:42:00,AQU-CT-11LB,2
2021-05-31 14:25:00,CHL-CT-1LB,3
2021-05-31 08:47:00,CHL-CT-1LB,1
2021-05-31 17:56:00,AQU-CT-11LB,2
2021-05-31 11:28:00,AQU-PS-5LB,1
2021-05-31 17:27:00,INT-MA-1GAL,1
2021-05-31 14:00:00,INT-CT-25LB,1
2021-05-31 11:13:00,AQU-CT-11LB,1
2021-05-31 12:48:00,AQU-PS-25LB,1
2021-05-31 09:36:00,CHL-CT-1LB,1
2021-05-31 09:51:00,CHL-PS-17LB,1
2021-05-31 16:11:00,CHL-PS-17LB,1
2021-05-31 13:20:00,AQU-PS-25LB,1
2021-05-31 11:29:00,BIO-MA-32OZ,1
2021-05-31 09:16:00,BIO-PD-2LB,4
2021-05-31 18:55:00,INT-CT-25LB,1
2021-05-31 15:33:00,CHL-CT-1LB,2
2021-05-31 18:20:00,CHL-CT-1LB,1
2021-05-31 17:24:00,CHL-CT-21LB,2
2021-05-31 17:25:00,BIO-MA-32OZ,1
2021-05-31 17:07:00,INT-BA-32OZ,1
2021-05-31 13:22:00,AQU-PS-25LB,3
2021-05-31 15:39:00,AQU-PS-25LB,1
2021-05-31 10:52:00,CHL-PS-1LB,3
2021-05-31 18:45:00,BIO-MA-32OZ,1
2021-05-31 12:58:00,INT-CA-32OZ,1
2021-05-31 17:37:00,AQU-CT-11LB,1
2021-05-31 09:43:00,AQU-PS-5LB,1
2021-05-31 10:20:00,BIO-PU-5LB,1
2021-05-31 09:15:00,INT-LS-1GAL,1
2021-06-01 10:23:00,AQU-PS-25LB,3
2021-06-01 10:32:00,AQU-CT-11LB,1
2021-06-01 14:26:00,INT-CA-32OZ,1
2021-06-01 17:08:00,AQU-CT-11LB,1
2021-06-01 17:24:00,INT-CT-25LB,4
2021-06-01 14:11:00,INT-CA-32OZ,1
2021-06-01 15:40:00,BIO-MA-32OZ,1
2021-06-01 16:44:00,CHL-PS-1LB,1
2021-06-01 18:59:00,INT-LS-1GAL,1
2021-06-01 10:35:00,INT-CT-25LB,3
2021-06-01 10:31:00,CHL-CT-21LB,1
2021-06-01 12:08:00,CHL-PS-1LB,1
2021-06-01 10:20:00,CHL-CT-21LB,1
2021-06-01 15:39:00,BIO-MA-32OZ,1
2021-06-01 08:55:00,CHL-PS-1LB,1
2021-06-01 13:00:00,AQU-PS-25LB,1
2021-06-01 15:08:00,INT-CA-32OZ,1
2021-06-01 11:52:00,INT-CT-25LB,1
2021-06-01 14:35:00,CHL-PS-17LB,1
2021-06-01 16:41:00,BIO-MA-32OZ,1
2021-06-01 15:26:00,INT-CA-32OZ,1
2021-06-01 18:31:00,INT-CA-32OZ,1
2021-06-01 14:45:00,INT-BA-32OZ,1
2021-06-01 15:31:00,BIO-PD-2LB,1
2021-06-01 10:05:00,CHL-PS-1LB,1
2021-06-01 17:01:00,BIO-MA-32OZ,1
2021-06-01 11:18:00,BIO-MA-32OZ,1
2021-06-01 08:17:00,INT-LS-1GAL,1
2021-06-01 11:34:00,CHL-S-1LB,1
2021-06-01 12:10:00,AQU-PD-5LB,1
2021-06-01 15:36:00,INT-CT-25LB,1
2021-06-01 15:35:00,INT-LS-1GAL,2
2021-06-01 16:07:00,INT-MA-1GAL,3
2021-06-01 17:07:00,INT-CA-32OZ,1
2021-06-01 12:49:00,AQU-PS-25LB,4
2021-06-01 16:52:00,CHL-PS-1LB,2
2021-06-01 13:34:00,INT-CA-32OZ,1
2021-06-01 08:48:00,AQU-CHI-11LB,1
2021-06-01 15:34:00,INT-LS-1GAL,1
2021-06-01 11:27:00,AQU-CT-11LB,1
2021-06-01 09:47:00,INT-LS-1GAL,2
2021-06-01 18:48:00,INT-MA-1GAL,1
2021-06-01 11:19:00,CHL-CT-1LB,3
2021-06-01 08:28:00,CHL-PS-1LB,1
2021-06-01 12:22:00,CHL-PS-17LB,1
2021-06-02 09:28:00,AQU-PS-25LB,1
2021-06-02 09:49:00,INT-BA-32OZ,2
2021-06-02 11:13:00,INT-CA-32OZ,1
2021-06-02 17:44:00,AQU-BA-32OZ,2
2021-06-02 13:55:00,INT-CA-32OZ,1
2021-06-02 17:40:00,CHL-PS-1LB,1
2021-06-02 14:10:00,INT-BA-32OZ,1
2021-06-02 17:08:00,CHL-CT-1LB,3
2021-06-02 11:52:00,AQU-BA-32OZ,3
2021-06-02 11:51:00,INT-LS-1GAL,1
2021-06-02 08:36:00,AQU-PS-25LB,1
2021-06-02 13:34:00,CHL-PS-17LB,1
2021-06-02 12:38:00,AQU-CT-11LB,2
2021-06-02 16:10:00,AQU-PS-5LB,2
2021-06-02 13:45:00,CHL-CT-21LB,1
2021-06-02 12:18:00,AQU-CT-11LB,1
2021-06-02 17:17:00,INT-CT-25LB,1
2021-06-02 16:57:00,CHL-PS-17LB,1
2021-06-02 18:52:00,CHL-CT-21LB,3
2021-06-02 09:08:00,INT-LS-1GAL,2
2021-06-02 14:58:00,INT-BA-32OZ,3
2021-06-02 08:17:00,BIO-MA-32OZ,1
2021-06-02 18:08:00,INT-BA-32OZ,3
2021-06-02 10:15:00,CHL-CT-1LB,1
2021-06-02 10:45:00,CHL-PS-1LB,2
2021-06-02 13:53:00,BIO-MA-32OZ,1
2021-06-02 11:48:00,INT-CT-25LB,1
2021-06-02 18:25:00,AQU-PS-5LB,4
2021-06-02 15:09:00,AQU-PS-25LB,1
2021-06-02 17:40:00,INT-CT-25LB,2
2021-06-02 12:40:00,CHL-PS-1LB,1
2021-06-02 14:24:00,CHL-CT-21LB,1
2021-06-02 15:04:00,CHL-PS-17LB,1
2021-06-02 18:50:00,INT-LS-1GAL,3
2021-06-02 09:25:00,BIO-MA-32OZ,4
2021-06-02 16:47:00,AQU-PS-25LB,4
2021-06-02 12:44:00,AQU-CT-11LB,1
2021-06-02 13:29:00,CHL-PS-1LB,1
2021-06-02 15:20:00,INT-BA-32OZ,1
2021-06-02 17:00:00,AQU-PS-25LB,1
2021-06-02 09:46:00,AQU-PS-25LB,1
2021-06-02 15:40:00,CHL-CT-1LB,2
2021-06-02 18:44:00,BIO-MA-32OZ,1
2021-06-02 13:54:00,INT-LS-1GAL,1
2021-06-02 09:50:00,BIO-MA-32OZ,1
2021-06-02 16:25:00,CHL-PS-17LB,1
2021-06-02 11:27:00,AQU-CT-11LB,1
2021-06-02 11:31:00,BIO-MA-32OZ,1
2021-06-02 12:20:00,CHL-CT-1LB,2
2021-06-02 12:21:00,BIO-MA-32OZ,1
2021-06-02 16:36:00,AQU-CT-11LB,1
2021-06-02 10:36:00,AQU-PD-5LB,1
2021-06-02 15:50:00,AQU-PD-5LB,1
2021-06-02 13:57:00,CHL-CT-21LB,1
2021-06-02 18:48:00,AQU-CT-11LB,1
2021-06-02 08:02:00,CHL-PS-17LB,1
2021-06-02 09:40:00,INT-AI-5LB,1
2021-06-03 15:01:00,INT-CA-32OZ,1
2021-06-03 09:59:00,CHL-CT-1LB,1
2021-06-03 10:28:00,INT-CT-25LB,3
2021-06-03 15:00:00,INT-BA-32OZ,1
2021-06-03 14:12:00,CHL-CT-1LB,1
2021-06-03 10:56:00,CHL-CT-1LB,2
2021-06-03 18:19:00,BIO-MA-32OZ,1
2021-06-03 10:55:00,CHL-CT-1LB,1
2021-06-03 12:05:00,AQU-PS-5LB,1
2021-06-03 18:23:00,CHL-CT-1LB,1
2021-06-03 12:05:00,INT-BA-32OZ,1
2021-06-03 13:42:00,CHL-CT-1LB,1
2021-06-03 18:10:00,CHL-PS-17LB,2
2021-06-03 08:25:00,CHL-PS-1LB,1
2021-06-03 18:19:00,CHL-PS-17LB,3
2021-06-03 11:27:00,CHL-CT-21LB,1
2021-06-03 18:05:00,CHL-CT-21LB,2
2021-06-03 09:00:00,CHL-S-1LB,1
2021-06-03 11:30:00,AQU-BA-32OZ,3
2021-06-03 09:08:00,CHL-PU-2LB,1
2021-06-03 17:14:00,INT-CT-25LB,1
2021-06-03 16:43:00,INT-CA-32OZ,1
2021-06-03 15:00:00,INT-BA-32OZ,1
2021-06-03 08:44:00,INT-CA-32OZ,2
2021-06-03 13:52:00,CHL-PS-17LB,2
2021-06-04 14:44:00,AQU-CT-11LB,1
2021-06-04 10:30:00,AQU-BA-32OZ,1
2021-06-04 09:14:00,BIO-MA-32OZ,1
2021-06-04 14:05:00,CHL-CT-21LB,1
2021-06-04 09:06:00,INT-CT-25LB,1
2021-06-04 13:23:00,CHL-PS-1LB,1
2021-06-04 12:08:00,CHL-PS-1LB,4
2021-06-04 14:49:00,HTH-S-5LB,1
2021-06-04 10:41:00,INT-CA-32OZ,1
2021-06-04 18:09:00,INT-BA-32OZ,2
2021-06-04 09:33:00,INT-MA-1GAL,1
2021-06-04 17:00:00,BIO-MA-32OZ,1
2021-06-04 17:41:00,AQU-CHI-11LB,1
2021-06-04 10:28:00,INT-CT-25LB,1
2021-06-04 13:46:00,INT-BA-32OZ,1
2021-06-04 11:40:00,INT-MA-1GAL,1
2021-06-04 10:58:00,INT-CT-25LB,1
2021-06-04 14:39:00,INT-LS-1GAL,1
2021-06-04 18:28:00,CHL-CT-1LB,1
2021-06-04 11:05:00,CHL-PS-17LB,1
2021-06-04 09:08:00,INT-CA-32OZ,3
2021-06-04 09:37:00,AQU-PS-5LB,1
2021-06-04 14:22:00,AQU-PS-5LB,1
2021-06-04 14:20:00,INT-BA-32OZ,1
2021-06-04 10:15:00,CHL-PS-17LB,1
2021-06-04 12:41:00,CHL-PS-1LB,2
2021-06-04 09:15:00,HTH-AI-11LB,1
2021-06-04 16:38:00,AQU-PS-25LB,3
2021-06-04 17:46:00,BIO-PD-2LB,1
2021-06-04 17:18:00,CHL-PS-1LB,1
2021-06-04 08:54:00,INT-CT-25LB,1
2021-06-04 18:56:00,CHL-PS-1LB,1
2021-06-04 12:13:00,CHL-PS-1LB,2
2021-06-04 16:38:00,INT-LS-1GAL,1
2021-06-04 16:12:00,INT-CT-25LB,1
2021-06-04 14:18:00,HTH-AI-11LB,1
2021-06-04 18:03:00,AQU-PS-25LB,2
2021-06-04 11:31:00,AQU-PS-25LB,3
2021-06-04 14:07:00,CHL-CT-1LB,1
2021-06-04 11:31:00,CHL-PS-1LB,1
2021-06-04 18:38:00,BIO-MA-32OZ,2
2021-06-04 09:33:00,AQU-PS-25LB,1
2021-06-04 08:23:00,BIO-MA-32OZ,3
2021-06-04 13:08:00,AQU-PS-5LB,1
2021-06-04 14:55:00,INT-LS-1GAL,3
2021-06-04 17:26:00,AQU-PS-5LB,1
2021-06-04 13:34:00,INT-CA-32OZ,1
2021-06-04 18:11:00,AQU-CT-11LB,1
2021-06-04 15:49:00,INT-LS-1GAL,1
2021-06-04 09:01:00,CHL-CT-21LB,1
2021-06-04 17:04:00,INT-CT-25LB,2
2021-06-04 08:16:00,INT-CA-32OZ,1
2021-06-04 11:02:00,CHL-PS-17LB,1
2021-06-04 08:50:00,CHL-CT-1LB,1
2021-06-04 14:32:00,INT-BA-32OZ,1
2021-06-04 12:40:00,CHL-PS-1LB,1
2021-06-04 16:49:00,INT-BA-32OZ,1
2021-06-04 14:27:00,INT-BA-32OZ,1
2021-06-04 14:05:00,AQU-BA-32OZ,3
2021-06-04 18:34:00,INT-LS-1GAL,1
2021-06-04 16:39:00,CHL-CT-1LB,1
2021-06-04 10:17:00,INT-BA-32OZ,2
2021-06-04 09:19:00,INT-BA-32OZ,2
2021-06-04 09:32:00,CHL-CT-1LB,1
2021-06-05 10:34:00,INT-CA-32OZ,1
2021-06-05 13:25:00,INT-BA-32OZ,1
2021-06-05 17:40:00,AQU-PS-5LB,4
2021-06-05 18:43:00,CHL-PS-17LB,4
2021-06-05 18:04:00,INT-AI-25LB,2
2021-06-05 12:44:00,INT-BA-32OZ,1
2021-06-05 14:46:00,AQU-BA-32OZ,1
2021-06-05 11:03:00,AQU-CT-11LB,1
2021-06-05 11:05:00,CHL-CT-1LB,1
2021-06-05 14:07:00,INT-LS-1GAL,1
2021-06-05 15:39:00,AQU-BA-32OZ,1
2021-06-05 17:03:00,INT-MA-1GAL,1
2021-06-05 12:42:00,BIO-MA-32OZ,1
2021-06-05 18:47:00,BIO-MA-32OZ,1
2021-06-05 10:07:00,BIO-MA-32OZ,1
2021-06-05 08:45:00,AQU-BA-32OZ,4
2021-06-05 10:44:00,INT-LS-1GAL,1
2021-06-05 08:10:00,INT-CA-32OZ,1
2021-06-05 15:22:00,AQU-BA-32OZ,1
2021-06-05 16:33:00,AQU-PS-5LB,4
2021-06-05 12:10:00,INT-BA-32OZ,2
2021-06-05 13:08:00,INT-LS-1GAL,1
2021-06-05 12:46:00,INT-CT-25LB,1
2021-06-05 09:49:00,INT-BA-32OZ,1
2021-06-05 08:21:00,AQU-CT-11LB,1
2021-06-05 14:17:00,INT-CA-32OZ,1
2021-06-05 16:04:00,INT-BA-32OZ,1
2021-06-05 12:45:00,INT-CT-25LB,2
2021-06-05 17:40:00,AQU-PS-25LB,1
2021-06-05 09:31:00,AQU-PS-5LB,1
2021-06-05 15:32:00,AQU-BA-32OZ,1
2021-06-05 13:03:00,INT-CA-32OZ,1
2021-06-05 15:54:00,AQU-CT-11LB,3
2021-06-05 17:10:00,INT-LS-1GAL,1
2021-06-05 13:10:00,CHL-PS-1LB,1
2021-06-05 12:49:00,AQU-PS-25LB,1
2021-06-05 09:57:00,INT-CT-25LB,1
2021-06-05 17:43:00,CHL-CT-21LB,1
2021-06-05 09:14:00,INT-LS-1GAL,1
2021-06-05 16:00:00,HTH-S-5LB,1
2021-06-05 08:54:00,AQU-BA-32OZ,1
2021-06-05 08:15:00,INT-CT-25LB,1
2021-06-05 08:30:00,CHL-PS-1LB,1
2021-06-05 13:24:00,INT-CT-25LB,1
2021-06-05 10:11:00,CHL-PU-2LB,1
2021-06-05 08:35:00,CHL-PS-17LB,2
2021-06-05 18:26:00,INT-LS-1GAL,1
2021-06-05 11:20:00,INT-BA-32OZ,3
2021-06-05 11:26:00,BIO-MA-32OZ,1
2021-06-05 13:17:00,INT-BA-32OZ,3
2021-06-05 09:36:00,INT-LS-1GAL,1
2021-06-05 13:07:00,AQU-PS-25LB,1
2021-06-05 16:43:00,INT-BA-32OZ,1
2021-06-05 08:11:00,INT-CT-25LB,1
2021-06-05 11:51:00,INT-CA-32OZ,1
2021-06-05 16:02:00,INT-BA-32OZ,1
2021-06-05 14:04:00,INT-LS-1GAL,1
2021-06-05 15:55:00,AQU-PS-5LB,2
2021-06-06 12:20:00,AQU-PS-5LB,1
2021-06-06 09:35:00,INT-CA-32OZ,2
2021-06-06 15:00:00,AQU-PS-5LB,1
2021-06-06 13:12:00,INT-CA-32OZ,1
2021-06-06 12:36:00,AQU-PS-25LB,1
2021-06-06 12:47:00,CHL-CT-21LB,3
2021-06-06 17:15:00,INT-MA-1GAL,1
2021-06-06 15:23:00,CHL-CT-21LB,1
2021-06-06 17:31:00,CHL-CT-21LB,1
2021-06-06 11:46:00,INT-CT-25LB,1
2021-06-06 16:48:00,AQU-PS-25LB,1
2021-06-06 11:09:00,INT-LS-1GAL,1
2021-06-06 08:59:00,CHL-PS-17LB,4
2021-06-06 14:01:00,AQU-CT-11LB,1
2021-06-06 11:34:00,AQU-BA-32OZ,4
2021-06-06 13:40:00,INT-CT-25LB,2
2021-06-06 08:21:00,INT-LS-1GAL,1
2021-06-06 08:48:00,CHL-CT-1LB,1
2021-06-06 18:24:00,INT-BA-32OZ,1
2021-06-06 12:06:00,AQU-PS-5LB,1
2021-06-06 11:33:00,AQU-PS-5LB,1
2021-06-06 11:26:00,INT-BA-32OZ,2
2021-06-06 15:03:00,INT-CA-32OZ,3
2021-06-06 10:45:00,CHL-CT-21LB,2
2021-06-06 12:05:00,INT-CT-25LB,1
2021-06-06 08:58:00,CHL-PS-1LB,1
2021-06-06 11:57:00,AQU-CT-11LB,1
2021-06-06 16:26:00,AQU-BA-32OZ,1
2021-06-06 13:29:00,AQU-PS-5LB,4
2021-06-06 09:37:00,AQU-PS-5LB,1
2021-06-06 09:32:00,INT-CT-25LB,1
2021-06-06 10:40:00,AQU-PS-5LB,1
2021-06-06 14:04:00,AQU-PS-5LB,1
2021-06-06 17:36:00,CHL-CT-21LB,1
2021-06-06 08:27:00,INT-BA-32OZ,2
2021-06-06 18:08:00,CHL-PS-1LB,1
2021-06-06 11:18:00,INT-BA-32OZ,1
2021-06-06 12:54:00,INT-LS-1GAL,1
2021-06-06 13:59:00,AQU-BA-32OZ,2
2021-06-06 14:44:00,INT-CT-25LB,2
2021-06-06 13:20:00,CHL-CT-1LB,1
2021-06-06 15:17:00,AQU-CT-11LB,1
2021-06-06 11:04:00,INT-BA-32OZ,1
2021-06-06 11:08:00,CHL-CT-1LB,3
2021-06-06 17:06:00,CHL-PS-1LB,1
2021-06-06 10:06:00,CHL-PS-1LB,2
2021-06-06 10:28:00,INT-BA-32OZ,1
2021-06-06 15:20:00,INT-BA-32OZ,1
2021-06-06 14:07:00,INT-CA-32OZ,1
2021-06-06 16:22:00,CHL-CT-1LB,3
2021-06-06 11:28:00,AQU-PS-25LB,1
2021-06-06 12:29:00,INT-CT-25LB,4
2021-06-06 12:54:00,CHL-CT-1LB,1
2021-06-06 09:05:00,INT-LS-1GAL,1
2021-06-06 10:51:00,CHL-PS-17LB,1
2021-06-06 18:19:00,HTH-F-2LB,1
2021-06-07 17:02:00,CHL-CT-1LB,1
2021-06-07 11:53:00,AQU-PS-5LB,3
2021-06-07 13:09:00,CHL-CT-1LB,1
2021-06-07 09:45:00,INT-BA-32OZ,1
2021-06-07 11:22:00,INT-BA-32OZ,1
2021-06-07 14:32:00,BIO-MA-32OZ,3
2021-06-07 08:43:00,INT-BA-32OZ,4
2021-06-07 12:16:00,CHL-PS-17LB,1
2021-06-07 10:01:00,INT-CT-25LB,1
2021-06-07 14:54:00,CHL-CT-1LB,1
2021-06-07 15:35:00,AQU-PS-5LB,1
2021-06-07 16:15:00,CHL-PS-17LB,2
2021-06-07 09:29:00,CHL-PS-17LB,1
2021-06-07 09:51:00,CHL-CT-21LB,1
2021-06-07 10:07:00,AQU-BA-32OZ,1
2021-06-07 08:03:00,INT-LS-1GAL,2
2021-06-07 11:08:00,CHL-CT-21LB,1
2021-06-07 11:52:00,INT-CT-25LB,3
2021-06-07 14:23:00,CHL-CT-1LB,1
2021-06-07 18:40:00,CHL-PS-17LB,1
2021-06-07 18:05:00,AQU-CT-11LB,1
2021-06-07 17:37:00,AQU-PS-5LB,3
2021-06-07 12:58:00,INT-CA-32OZ,1
2021-06-07 09:01:00,BIO-MA-32OZ,1
2021-06-07 09:12:00,AQU-CT-11LB,1
2021-06-07 18:28:00,BIO-MA-32OZ,2
2021-06-07 10:05:00,AQU-PS-25LB,3
2021-06-07 13:07:00,AQU-PS-5LB,3
2021-06-07 08:29:00,INT-AI-5LB,1
2021-06-07 08:10:00,INT-CA-32OZ,1
2021-06-07 17:27:00,CHL-CT-1LB,1
2021-06-07 14:31:00,INT-CT-25LB,3
2021-06-07 08:24:00,INT-BA-32OZ,1
2021-06-07 18:27:00,BIO-MA-32OZ,4
2021-06-07 10:22:00,CHL-PS-1LB,4
2021-06-07 11:58:00,AQU-PS-5LB,2
2021-06-07 10:17:00,AQU-PS-25LB,1
2021-06-07 12:28:00,AQU-CT-11LB,1
2021-06-07 10:02:00,CHL-CT-1LB,1
2021-06-07 17:39:00,INT-CT-25LB,3
2021-06-07 17:15:00,CHL-CT-1LB,1
2021-06-07 18:18:00,AQU-CT-11LB,1
2021-06-07 15:26:00,BIO-MA-32OZ,2
2021-06-07 16:30:00,INT-CT-25LB,1
2021-06-07 08:05:00,BIO-MA-32OZ,1
2021-06-07 12:24:00,BIO-MA-32OZ,1
2021-06-07 10:26:00,BIO-MA-32OZ,1
2021-06-07 11:41:00,CHL-CT-1LB,4
2021-06-07 16:15:00,CHL-CT-21LB,1
2021-06-07 18:51:00,AQU-PS-25LB,1
2021-06-07 16:50:00,INT-CT-25LB,1
2021-06-07 08:24:00,CHL-PS-1LB,1
2021-06-07 13:30:00,INT-CA-32OZ,1
2021-06-07 16:50:00,AQU-PS-25LB,1
2021-06-07 15:22:00,AQU-PS-5LB,1
2021-06-07 17:32:00,CHL-PS-17LB,1
2021-06-07 13:24:00,CHL-PS-17LB,1
2021-06-07 12:11:00,CHL-PS-1LB,1
2021-06-07 08:20:00,CHL-CT-21LB,1
2021-06-07 17:14:00,CHL-CT-1LB,2
2021-06-07 08:57:00,CHL-PS-17LB,1
2021-06-07 12:03:00,CHL-PS-1LB,1
2021-06-07 15:33:00,INT-CT-25LB,1
2021-06-08 17:14:00,CHL-S-1LB,1
2021-06-08 10:06:00,AQU-PS-5LB,1
2021-06-08 11:42:00,CHL-PS-17LB,1
2021-06-08 11:17:00,INT-BA-32OZ,1
2021-06-08 16:52:00,INT-MA-1GAL,2
2021-06-08 08:48:00,INT-LS-1GAL,1
2021-06-08 11:36:00,CHL-PS-17LB,1
2021-06-08 14:22:00,AQU-PS-5LB,1
2021-06-08 10:11:00,AQU-PS-25LB,1
2021-06-08 11:37:00,AQU-CHI-11LB,1
2021-06-08 13:51:00,INT-MA-1GAL,1
2021-06-08 13:58:00,CHL-CT-1LB,1
2021-06-08 17:01:00,AQU-PS-5LB,1
2021-06-08 13:36:00,INT-BA-32OZ,1
2021-06-08 17:09:00,CHL-CT-1LB,1
2021-06-08 17:12:00,CHL-CT-1LB,1
2021-06-08 15:34:00,INT-LS-1GAL,1
2021-06-08 12:11:00,AQU-PS-5LB,4
2021-06-08 15:02:00,INT-CT-25LB,2
2021-06-08 09:03:00,INT-LS-1GAL,1
2021-06-08 11:38:00,AQU-PS-25LB,1
2021-06-08 11:01:00,CHL-PS-17LB,2
2021-06-08 16:30:00,INT-BA-32OZ,1
2021-06-08 08:21:00,AQU-CT-11LB,3
2021-06-08 17:12:00,AQU-PS-5LB,1
2021-06-08 10:21:00,INT-LS-1GAL,2
2021-06-08 10:58:00,CHL-CHI-20LB,1
2021-06-08 13:03:00,AQU-BA-32OZ,2
2021-06-08 08:09:00,AQU-PS-25LB,1
2021-06-08 17:45:00,CHL-CT-1LB,4
2021-06-08 10:49:00,CHL-PS-17LB,2
2021-06-08 09:54:00,INT-LS-1GAL,2
2021-06-08 16:55:00,CHL-CT-1LB,1
2021-06-08 13:04:00,BIO-MA-32OZ,2
2021-06-08 13:45:00,AQU-BA-32OZ,1
2021-06-08 18:25:00,INT-BA-32OZ,1
2021-06-08 17:06:00,CHL-CT-1LB,1
2021-06-08 13:19:00,CHL-CT-1LB,1
2021-06-08 13:08:00,HTH-F-2LB,1
2021-06-08 10:46:00,INT-BA-32OZ,1
2021-06-08 14:50:00,AQU-PS-5LB,1
2021-06-08 18:31:00,INT-MA-1GAL,3
2021-06-08 18:20:00,AQU-BA-32OZ,4
2021-06-08 10:45:00,CHL-PS-17LB,1
2021-06-08 16:44:00,INT-BA-32OZ,1
2021-06-08 17:50:00,CHL-CT-1LB,1
2021-06-08 13:14:00,INT-CT-25LB,1
2021-06-08 18:37:00,CHL-PS-17LB,1
2021-06-08 10:24:00,CHL-CT-21LB,1
2021-06-08 12:46:00,CHL-PS-17LB,2
2021-06-08 12:08:00,CHL-PS-1LB,1
2021-06-08 10:46:00,BIO-MA-32OZ,1
2021-06-08 08:44:00,AQU-PS-25LB,1
2021-06-08 17:25:00,INT-CT-25LB,2
2021-06-08 17:02:00,INT-CA-32OZ,1
2021-06-09 13:58:00,AQU-CT-11LB,1
2021-06-09 17:14:00,AQU-PS-25LB,1
2021-06-09 18:36:00,INT-CT-25LB,1
2021-06-09 09:59:00,INT-LS-1GAL,1
2021-06-09 15:09:00,CHL-CT-21LB,1
2021-06-09 13:47:00,INT-CA-32OZ,1
2021-06-09 09:15:00,INT-CT-25LB,3
2021-06-09 13:20:00,CHL-PS-17LB,1
2021-06-09 10:40:00,AQU-PS-5LB,1
2021-06-09 09:52:00,CHL-CT-21LB,1
2021-06-09 18:40:00,CHL-CT-21LB,3
2021-06-09 13:28:00,CHL-PS-17LB,1
2021-06-09 08:16:00,AQU-BA-32OZ,1
2021-06-09 11:15:00,AQU-BA-32OZ,1
2021-06-09 09:22:00,BIO-MA-32OZ,1
2021-06-09 12:50:00,INT-CA-32OZ,3
2021-06-09 09:46:00,INT-CT-25LB,1
2021-06-09 08:03:00,AQU-PS-25LB,1
2021-06-09 14:28:00,AQU-PS-25LB,1
2021-06-09 14:10:00,CHL-CT-21LB,1
2021-06-09 14:31:00,AQU-CT-11LB,1
2021-06-09 14:22:00,AQU-PS-5LB,1
2021-06-09 16:24:00,CHL-PS-17LB,1
2021-06-09 09:53:00,AQU-PS-25LB,1
2021-06-09 15:50:00,CHL-CT-1LB,2
2021-06-09 17:41:00,CHL-PS-1LB,1
2021-06-09 18:14:00,INT-BA-32OZ,2
2021-06-09 10:28:00,AQU-PD-5LB,1
2021-06-09 09:51:00,CHL-PS-17LB,3
2021-06-09 08:18:00,AQU-CT-11LB,1
2021-06-09 08:20:00,INT-BA-32OZ,1
2021-06-09 12:06:00,AQU-PD-5LB,4
2021-06-09 09:21:00,INT-CA-32OZ,1
2021-06-09 10:56:00,AQU-BA-32OZ,1
2021-06-09 14:10:00,AQU-PS-25LB,3
2021-06-09 09:35:00,AQU-PS-25LB,1
2021-06-09 09:21:00,AQU-PS-5LB,3
2021-06-09 17:39:00,CHL-CT-21LB,1
2021-06-09 15:45:00,AQU-PS-25LB,2
2021-06-09 08:27:00,INT-CA-32OZ,1
2021-06-09 18:10:00,CHL-CT-1LB,1
2021-06-09 17:56:00,INT-AI-25LB,1
2021-06-09 14:10:00,INT-MA-1GAL,1
2021-06-09 08:06:00,BIO-MA-32OZ,2
2021-06-09 13:13:00,INT-BA-32OZ,4
2021-06-09 11:26:00,CHL-CT-1LB,1
2021-06-09 16:46:00,INT-BA-32OZ,2
2021-06-09 16:16:00,INT-CT-25LB,1
2021-06-09 18:18:00,CHL-CT-21LB,1
2021-06-09 12:15:00,AQU-CT-11LB,1
2021-06-09 09:03:00,INT-CA-32OZ,1
2021-06-09 14:36:00,CHL-CT-1LB,1
2021-06-09 16:53:00,CHL-PS-17LB,2
2021-06-09 15:09:00,AQU-BA-32OZ,1
2021-06-09 08:23:00,INT-CA-32OZ,3
2021-06-09 08:27:00,AQU-BA-32OZ,1
2021-06-09 09:18:00,INT-MA-1GAL,1
2021-06-09 18:40:00,INT-LS-1GAL,1
2021-06-09 17:30:00,AQU-CT-11LB,1
2021-06-09 11:06:00,AQU-PS-25LB,1
2021-06-09 08:13:00,BIO-MA-32OZ,3
2021-06-09 10:40:00,INT-LS-1GAL,3
2021-06-09 12:05:00,AQU-BA-32OZ,2
2021-06-10 09:19:00,INT-MA-1GAL,1
2021-06-10 14:30:00,INT-LS-1GAL,1
2021-06-10 15:57:00,INT-BA-32OZ,1
2021-06-10 18:16:00,AQU-PS-5LB,1
2021-06-10 09:41:00,BIO-MA-32OZ,3
2021-06-10 16:24:00,AQU-PS-5LB,4
2021-06-10 10:23:00,INT-LS-1GAL,1
2021-06-10 14:23:00,INT-CA-32OZ,2
2021-06-10 10:28:00,INT-MA-1GAL,1
2021-06-10 08:16:00,AQU-BA-32OZ,1
2021-06-10 15:29:00,INT-CA-32OZ,2
2021-06-10 12:14:00,INT-BA-32OZ,1
2021-06-10 12:36:00,AQU-BA-32OZ,1
2021-06-10 08:09:00,CHL-PS-1LB,2
2021-06-10 18:06:00,AQU-CT-11LB,2
2021-06-10 09:42:00,CHL-CT-1LB,1
2021-06-10 13:51:00,BIO-MA-32OZ,1
2021-06-10 16:26:00,CHL-PS-17LB,2
2021-06-10 17:14:00,CHL-CT-21LB,1
2021-06-10 16:03:00,AQU-CT-11LB,2
2021-06-10 14:52:00,BIO-MA-32OZ,2
2021-06-10 16:26:00,AQU-PS-5LB,2
2021-06-10 16:43:00,INT-BA-32OZ,1
2021-06-10 15:36:00,CHL-CT-1LB,3
2021-06-10 11:30:00,INT-CA-32OZ,1
2021-06-10 12:05:00,CHL-CT-1LB,3
2021-06-10 14:57:00,CHL-PS-1LB,4
2021-06-10 08:32:00,INT-BA-32OZ,1
2021-06-10 17:57:00,AQU-PS-25LB,1
2021-06-10 16:51:00,INT-MA-1GAL,1
2021-06-10 17:43:00,BIO-MA-32OZ,1
2021-06-10 17:09:00,AQU-PS-5LB,1
2021-06-10 09:48:00,CHL-CT-21LB,4
2021-06-10 15:11:00,CHL-CT-1LB,1
2021-06-10 10:13:00,INT-LS-1GAL,1
2021-06-10 11:08:00,AQU-CT-11LB,3
2021-06-10 08:27:00,CHL-CT-21LB,1
2021-06-10 09:43:00,AQU-PS-5LB,4
2021-06-10 14:12:00,AQU-PS-25LB,1
2021-06-10 18:09:00,INT-BA-32OZ,1
2021-06-10 17:16:00,CHL-CT-1LB,1
2021-06-10 13:58:00,BIO-MA-32OZ,1
2021-06-10 09:05:00,BIO-MA-32OZ,1
2021-06-10 14:35:00,CHL-CT-1LB,1
2021-06-10 14:35:00,AQU-PS-25LB,2
2021-06-10 13:54:00,CHL-CT-21LB,1
2021-06-10 12:33:00,INT-CT-25LB,4
2021-06-10 15:58:00,AQU-CT-11LB,3
2021-06-10 08:50:00,INT-LS-1GAL,1
2021-06-10 17:37:00,CHL-PS-17LB,1
2021-06-10 16:50:00,AQU-PS-25LB,1
2021-06-10 14:07:00,AQU-BA-32OZ,2
2021-06-10 14:09:00,INT-CA-32OZ,1
2021-06-10 10:36:00,AQU-PS-5LB,1
2021-06-10 17:37:00,INT-CA-32OZ,3
2021-06-10 09:59:00,AQU-CT-11LB,1
2021-06-10 09:36:00,CHL-CT-21LB,1
2021-06-10 09:50:00,CHL-CT-1LB,1
2021-06-10 12:55:00,INT-CA-32OZ,1
2021-06-11 13:56:00,CHL-PS-1LB,4
2021-06-11 14:16:00,AQU-PS-25LB,1
2021-06-11 14:41:00,CHL-PS-17LB,1
2021-06-11 15:36:00,CHL-CT-1LB,2
2021-06-11 17:30:00,INT-LS-1GAL,1
2021-06-11 08:11:00,INT-BA-32OZ,1
2021-06-11 12:25:00,AQU-BA-32OZ,3
2021-06-11 10:39:00,CHL-PS-1LB,2
2021-06-11 17:43:00,AQU-CT-11LB,4
2021-06-11 14:02:00,AQU-CT-11LB,4
2021-06-11 14:56:00,INT-CA-32OZ,1
2021-06-11 13:44:00,CHL-CT-21LB,4
2021-06-11 11:03:00,AQU-BA-32OZ,1
2021-06-11 15:58:00,INT-CA-32OZ,1
2021-06-11 12:57:00,CHL-PS-1LB,1
2021-06-11 13:01:00,AQU-PS-25LB,2
2021-06-11 13:52:00,INT-LS-1GAL,2
2021-06-11 12:19:00,CHL-PS-1LB,1
2021-06-11 12:53:00,AQU-PS-25LB,1
2021-06-11 15:54:00,CHL-PS-1LB,1
2021-06-11 18:06:00,CHL-CT-21LB,1
2021-06-11 11:08:00,CHL-CT-1LB,1
2021-06-11 12:47:00,AQU-BA-32OZ,3
2021-06-11 15:49:00,AQU-CT-11LB,1
2021-06-11 13:17:00,AQU-PS-5LB,4
2021-06-11 14:38:00,CHL-PS-1LB,1
2021-06-11 18:05:00,INT-LS-1GAL,1
2021-06-11 11:28:00,CHL-PS-17LB,2
2021-06-11 11:58:00,AQU-PS-5LB,1
2021-06-11 14:47:00,AQU-PS-5LB,1
2021-06-11 15:48:00,AQU-BA-32OZ,1
2021-06-11 16:55:00,BIO-MA-32OZ,1
2021-06-11 13:52:00,AQU-PS-5LB,4
2021-06-11 08:32:00,AQU-PS-25LB,3
2021-06-11 10:04:00,CHL-PS-17LB,3
2021-06-11 12:45:00,CHL-PS-1LB,1
2021-06-11 16:25:00,INT-CA-32OZ,3
2021-06-11 10:49:00,AQU-BA-32OZ,2
2021-06-11 16:56:00,AQU-BA-32OZ,1
2021-06-11 17:01:00,INT-LS-1GAL,1
2021-06-11 10:12:00,CHL-CT-1LB,1
2021-06-11 11:53:00,CHL-CT-21LB,1
2021-06-11 08:15:00,INT-BA-32OZ,1
2021-06-11 08:29:00,INT-LS-1GAL,1
2021-06-11 08:58:00,BIO-MA-32OZ,2
2021-06-11 13:45:00,INT-BA-32OZ,1
2021-06-12 13:52:00,CHL-CT-1LB,1
2021-06-12 15:32:00,CHL-PS-1LB,1
2021-06-12 14:40:00,INT-MA-1GAL,4
2021-06-12 09:43:00,CHL-CT-1LB,1
2021-06-12 08:15:00,CHL-PS-17LB,1
2021-06-12 13:31:00,INT-MA-1GAL,1
2021-06-12 17:28:00,INT-CA-32OZ,1
2021-06-12 10:55:00,INT-CHI-7LB,1
2021-06-12 15:37:00,BIO-MA-32OZ,1
2021-06-12 16:22:00,INT-CT-25LB,1
2021-06-12 13:10:00,CHL-PS-17LB,3
2021-06-12 12:47:00,CHL-PU-2LB,3
2021-06-12 09:18:00,INT-CT-25LB,2
2021-06-12 08:24:00,CHL-PS-1LB,1
2021-06-12 08:10:00,INT-LS-1GAL,1
2021-06-12 17:49:00,CHL-CT-1LB,1
2021-06-12 11:54:00,INT-CT-25LB,2
2021-06-12 11:41:00,CHL-CT-1LB,1
2021-06-12 11:43:00,CHL-PS-17LB,1
2021-06-12 11:17:00,INT-LS-1GAL,1
2021-06-12 18:26:00,INT-CT-25LB,1
2021-06-12 16:01:00,CHL-CT-1LB,2
2021-06-12 18:00:00,CHL-PS-17LB,1
2021-06-12 15:58:00,BIO-MA-32OZ,1
2021-06-12 10:41:00,AQU-PS-5LB,3
2021-06-12 10:38:00,INT-LS-1GAL,1
2021-06-12 08:14:00,CHL-PS-1LB,1
2021-06-12 12:38:00,INT-LS-1GAL,1
2021-06-12 12:45:00,INT-CT-25LB,1
2021-06-12 18:17:00,CHL-CT-1LB,1
2021-06-12 14:57:00,CHL-PS-17LB,1
2021-06-12 14:54:00,AQU-PS-5LB,3
2021-06-12 13:29:00,CHL-PS-1LB,1
2021-06-12 12:13:00,AQU-PS-5LB,1
2021-06-12 15:19:00,BIO-PD-2LB,1
2021-06-12 18:33:00,HTH-S-5LB,1
2021-06-12 17:25:00,INT-CA-32OZ,1
2021-06-12 17:06:00,AQU-BA-32OZ,1
2021-06-12 08:32:00,CHL-CT-21LB,1
2021-06-12 18:53:00,CHL-PS-17LB,3
2021-06-12 13:35:00,INT-LS-1GAL,1
2021-06-12 18:38:00,INT-CA-32OZ,1
2021-06-12 17:18:00,INT-MA-1GAL,2
2021-06-12 12:43:00,INT-CT-25LB,3
2021-06-12 09:30:00,CHL-PS-1LB,1
2021-06-13 12:40:00,AQU-CT-11LB,1
2021-06-13 13:55:00,INT-CA-32OZ,3
2021-06-13 12:16:00,AQU-CT-11LB,1
2021-06-13 18:45:00,CHL-S-1LB,1
2021-06-13 18:19:00,AQU-CT-11LB,1
2021-06-13 11:09:00,AQU-BA-32OZ,1
2021-06-13 16:48:00,INT-CA-32OZ,2
2021-06-13 11:57:00,INT-LS-1GAL,1
2021-06-13 08:51:00,AQU-BA-32OZ,1
2021-06-13 17:25:00,BIO-MA-32OZ,3
2021-06-13 18:20:00,INT-CT-25LB,2
2021-06-13 18:08:00,BIO-MA-32OZ,2
2021-06-13 08:41:00,CHL-CT-1LB,1
2021-06-13 15:18:00,CHL-CT-1LB,1
2021-06-13 12:58:00,AQU-CT-11LB,2
2021-06-13 14:25:00,CHL-CT-1LB,1
2021-06-13 14:47:00,CHL-PS-17LB,2
2021-06-13 08:37:00,CHL-CT-21LB,1
2021-06-13 17:52:00,INT-LS-1GAL,2
2021-06-13 11:21:00,AQU-CT-11LB,1
2021-06-13 11:43:00,INT-AI-5LB,2
2021-06-13 16:40:00,INT-MA-1GAL,1
2021-06-13 15:58:00,AQU-CT-11LB,3
2021-06-13 18:22:00,CHL-CT-21LB,2
2021-06-13 16:19:00,AQU-PS-25LB,1
2021-06-13 10:53:00,AQU-PS-5LB,1
2021-06-13 18:56:00,CHL-PS-1LB,1
2021-06-13 16:11:00,INT-AI-25LB,1
2021-06-13 12:06:00,INT-BA-32OZ,2
2021-06-13 15:08:00,CHL-CT-21LB,1
2021-06-13 12:46:00,INT-CA-32OZ,1
2021-06-13 16:48:00,INT-CA-32OZ,2
2021-06-13 10:43:00,HTH-AI-11LB,1
2021-06-13 13:41:00,INT-LS-1GAL,1
2021-06-13 09:14:00,CHL-PS-1LB,3
2021-06-13 13:14:00,AQU-PS-5LB,1
2021-06-13 12:26:00,BIO-MA-32OZ,1
2021-06-13 13:23:00,CHL-CT-1LB,1
2021-06-13 12:37:00,AQU-BA-32OZ,1
2021-06-13 12:29:00,AQU-BA-32OZ,1
2021-06-13 09:30:00,BIO-MA-32OZ,2
2021-06-13 08:55:00,CHL-PS-17LB,1
2021-06-13 18:37:00,CHL-PS-17LB,2
2021-06-13 17:39:00,CHL-CT-21LB,1
2021-06-13 09:30:00,CHL-PS-17LB,1
2021-06-13 11:32:00,CHL-PS-1LB,1
2021-06-13 09:55:00,CHL-CT-21LB,3
2021-06-13 18:24:00,INT-BA-32OZ,1
2021-06-13 16:19:00,INT-MA-1GAL,2
2021-06-13 14:03:00,AQU-PD-5LB,1
2021-06-13 10:08:00,AQU-PS-25LB,1
2021-06-13 11:21:00,INT-CA-32OZ,1
2021-06-13 14:36:00,INT-LS-1GAL,1
2021-06-14 15:09:00,CHL-PS-17LB,1
2021-06-14 13:55:00,INT-CT-25LB,4
2021-06-14 10:49:00,INT-CA-32OZ,3
2021-06-14 09:31:00,INT-CA-32OZ,1
2021-06-14 13:40:00,CHL-PS-17LB,1
2021-06-14 10:20:00,INT-CT-25LB,1
2021-06-14 18:03:00,AQU-CT-11LB,1
2021-06-14 08:28:00,INT-LS-1GAL,1
2021-06-14 12:13:00,CHL-PS-17LB,2
2021-06-14 10:36:00,CHL-PS-17LB,1
2021-06-14 10:31:00,AQU-CT-11LB,1
2021-06-14 09:08:00,AQU-CT-11LB,1
2021-06-14 17:27:00,CHL-CT-21LB,1
2021-06-14 18:27:00,AQU-PD-5LB,3
2021-06-14 14:27:00,CHL-CT-21LB,1
2021-06-14 15:24:00,INT-CA-32OZ,1
2021-06-14 08:02:00,AQU-CT-11LB,1
2021-06-14 16:12:00,BIO-PU-5LB,1
2021-06-14 13:00:00,CHL-CT-21LB,2
2021-06-14 13:48:00,AQU-CT-11LB,1
2021-06-14 16:12:00,HTH-AI-11LB,1
2021-06-14 08:43:00,INT-CT-25LB,1
2021-06-14 08:40:00,AQU-CT-11LB,1
2021-06-14 11:14:00,AQU-PS-5LB,1
2021-06-14 13:19:00,BIO-MA-32OZ,1
2021-06-14 10:06:00,CHL-PS-17LB,1
2021-06-14 14:32:00,INT-CA-32OZ,1
2021-06-14 17:19:00,INT-CT-25LB,1
2021-06-14 10:04:00,CHL-PS-1LB,1
2021-06-14 08:19:00,BIO-MA-32OZ,1
2021-06-14 12:29:00,CHL-PS-1LB,1
2021-06-14 16:38:00,BIO-MA-32OZ,1
2021-06-14 16:21:00,CHL-CT-1LB,1
2021-06-14 14:56:00,AQU-CT-11LB,1
2021-06-14 18:08:00,INT-CT-25LB,1
2021-06-14 13:57:00,INT-LS-1GAL,1
2021-06-14 15:22:00,CHL-CT-1LB,1
2021-06-14 11:10:00,INT-CA-32OZ,4
2021-06-14 14:01:00,INT-AI-5LB,3
2021-06-14 11:14:00,INT-CT-25LB,2
2021-06-14 10:13:00,INT-LS-1GAL,1
2021-06-14 08:37:00,AQU-CT-11LB,1
2021-06-14 16:10:00,INT-CA-32OZ,1
2021-06-14 09:23:00,INT-LS-1GAL,3
2021-06-14 18:50:00,CHL-PS-1LB,1
2021-06-14 08:24:00,AQU-BA-32OZ,1
2021-06-14 18:16:00,CHL-CT-21LB,1
2021-06-14 16:39:00,INT-LS-1GAL,3
2021-06-14 08:38:00,CHL-CT-21LB,1
2021-06-14 08:42:00,AQU-PS-5LB,1
2021-06-14 09:41:00,HTH-S-5LB,1
2021-06-14 08:03:00,INT-CT-25LB,1
2021-06-14 09:26:00,INT-BA-32OZ,3
2021-06-14 15:24:00,INT-CT-25LB,1
2021-06-14 09:35:00,INT-CT-25LB,2
2021-06-14 12:30:00,CHL-CT-1LB,3
2021-06-14 10:13:00,INT-BA-32OZ,3
2021-06-14 18:40:00,INT-CT-25LB,1
2021-06-14 08:19:00,INT-LS-1GAL,1
2021-06-14 14:42:00,AQU-BA-32OZ,2
2021-06-14 09:42:00,INT-BA-32OZ,1
2021-06-14 16:17:00,CHL-PS-17LB,2
2021-06-14 17:38:00,AQU-CT-11LB,1
2021-06-14 10:26:00,INT-CT-25LB,1
2021-06-14 09:32:00,INT-LS-1GAL,1
2021-06-14 17:07:00,CHL-PS-17LB,4
2021-06-14 12:07:00,CHL-PS-17LB,1
2021-06-14 09:31:00,CHL-PS-17LB,2
2021-06-14 11:38:00,AQU-CT-11LB,1
2021-06-14 11:49:00,CHL-PS-1LB,1
2021-06-14 12:53:00,AQU-CT-11LB,2
2021-06-14 16:12:00,AQU-BA-32OZ,1
2021-06-14 13:45:00,CHL-CT-21LB,3
2021-06-14 14:18:00,CHL-CT-1LB,2
2021-06-14 10:02:00,AQU-PS-5LB,3
2021-06-14 16:31:00,INT-CA-32OZ,3
2021-06-14 11:44:00,INT-BA-32OZ,1
2021-06-14 15:21:00,INT-MA-1GAL,1
2021-06-15 08:42:00,INT-LS-1GAL,2
2021-06-15 09:58:00,INT-CA-32OZ,3
2021-06-15 09:53:00,CHL-PS-17LB,2
2021-06-15 17:42:00,INT-CA-32OZ,1
2021-06-15 15:09:00,CHL-CT-1LB,1
2021-06-15 09:49:00,INT-LS-1GAL,4
2021-06-15 16:04:00,INT-BA-32OZ,2
2021-06-15 09:57:00,INT-AI-25LB,1
2021-06-15 12:41:00,BIO-MA-32OZ,1
2021-06-15 11:29:00,AQU-BA-32OZ,1
2021-06-15 12:16:00,INT-MA-1GAL,1
2021-06-15 15:03:00,INT-LS-1GAL,2
2021-06-15 09:52:00,CHL-CT-1LB,1
2021-06-15 10:55:00,AQU-CT-11LB,2
2021-06-15 08:54:00,AQU-PS-25LB,1
2021-06-15 12:23:00,INT-LS-1GAL,1
2021-06-15 18:20:00,CHL-PS-17LB,1
2021-06-15 14:47:00,CHL-CT-1LB,1
2021-06-15 09:06:00,INT-CT-25LB,3
2021-06-15 08:00:00,CHL-PS-17LB,1
2021-06-15 10:42:00,INT-BA-32OZ,1
2021-06-15 18:10:00,INT-BA-32OZ,1
2021-06-15 13:22:00,CHL-CT-21LB,1
2021-06-15 15:39:00,INT-BA-32OZ,1
2021-06-15 12:56:00,CHL-PS-1LB,1
2021-06-15 09:23:00,INT-AI-25LB,1
2021-06-15 13:11:00,CHL-CT-21LB,3
2021-06-15 09:25:00,INT-CA-32OZ,1
2021-06-15 14:29:00,BIO-MA-32OZ,3
2021-06-15 12:53:00,AQU-CT-11LB,1
2021-06-15 14:44:00,CHL-CT-1LB,4
2021-06-15 15:51:00,INT-BA-32OZ,1
2021-06-15 14:41:00,AQU-BA-32OZ,1
2021-06-15 10:07:00,CHL-PS-1LB,1
2021-06-15 10:44:00,CHL-CT-1LB,3
2021-06-15 08:54:00,CHL-PS-17LB,2
2021-06-15 10:06:00,CHL-CT-21LB,1
2021-06-15 14:58:00,HTH-AI-11LB,1
2021-06-15 17:30:00,INT-LS-1GAL,1
2021-06-15 17:43:00,AQU-BA-32OZ,1
2021-06-15 15:11:00,CHL-PS-17LB,1
2021-06-15 17:24:00,INT-LS-1GAL,2
2021-06-15 13:39:00,AQU-CT-11LB,1
2021-06-15 08:55:00,CHL-PS-17LB,1
2021-06-15 18:56:00,INT-MA-1GAL,1
2021-06-15 10:30:00,AQU-CHI-11LB,1
2021-06-15 15:07:00,CHL-PS-17LB,3
2021-06-15 14:28:00,AQU-CT-11LB,2
2021-06-15 08:04:00,INT-CHI-7LB,1
2021-06-15 12:41:00,AQU-PS-5LB,2
2021-06-15 13:00:00,INT-LS-1GAL,1
2021-06-15 18:33:00,CHL-PS-1LB,1
2021-06-16 17:46:00,AQU-CT-11LB,1
2021-06-16 17:14:00,AQU-CT-11LB,1
2021-06-16 18:55:00,BIO-MA-32OZ,1
2021-06-16 13:33:00,INT-CA-32OZ,3
2021-06-16 16:44:00,AQU-CT-11LB,1
2021-06-16 17:06:00,AQU-CT-11LB,1
2021-06-16 14:42:00,AQU-BA-32OZ,3
2021-06-16 11:30:00,INT-LS-1GAL,1
2021-06-16 13:42:00,BIO-PD-2LB,4
2021-06-16 18:41:00,CHL-CT-21LB,1
2021-06-16 14:09:00,AQU-PS-25LB,4
2021-06-16 16:57:00,CHL-PS-17LB,1
2021-06-16 17:03:00,INT-LS-1GAL,1
2021-06-16 08:41:00,CHL-CT-1LB,4
2021-06-16 10:32:00,CHL-PS-1LB,1
2021-06-16 15:54:00,AQU-PS-5LB,1
2021-06-16 15:55:00,AQU-CT-11LB,1
2021-06-16 10:04:00,AQU-PS-25LB,1
2021-06-16 15:20:00,AQU-PS-5LB,1
2021-06-16 11:21:00,HTH-S-5LB,3
2021-06-16 12:03:00,INT-LS-1GAL,1
2021-06-16 16:14:00,AQU-BA-32OZ,1
2021-06-16 16:41:00,BIO-MA-32OZ,3
2021-06-16 14:25:00,AQU-PS-5LB,1
2021-06-16 11:05:00,CHL-S-1LB,1
2021-06-16 15:28:00,CHL-PS-1LB,1
2021-06-16 17:28:00,AQU-CT-11LB,1
2021-06-16 09:54:00,INT-CA-32OZ,4
2021-06-16 15:28:00,INT-LS-1GAL,1
2021-06-16 13:07:00,CHL-CT-21LB,1
2021-06-16 15:47:00,CHL-PS-17LB,4
2021-06-16 18:01:00,AQU-BA-32OZ,1
2021-06-16 09:25:00,INT-CT-25LB,1
2021-06-16 14:02:00,CHL-CT-21LB,1
2021-06-16 16:35:00,CHL-CT-21LB,4
2021-06-16 08:52:00,INT-CT-25LB,1
2021-06-16 09:50:00,INT-CA-32OZ,1
2021-06-16 17:39:00,CHL-CT-1LB,1
2021-06-16 18:19:00,AQU-CT-11LB,2
2021-06-16 16:35:00,AQU-CT-11LB,2
2021-06-16 11:41:00,INT-CT-25LB,1
2021-06-17 13:23:00,BIO-MA-32OZ,1
2021-06-17 08:52:00,AQU-PS-25LB,1
2021-06-17 11:54:00,AQU-PS-25LB,1
2021-06-17 15:21:00,INT-BA-32OZ,1
2021-06-17 16:49:00,AQU-CT-11LB,4
2021-06-17 17:38:00,INT-CT-25LB,3
2021-06-17 15:45:00,AQU-PS-5LB,1
2021-06-17 18:23:00,AQU-BA-32OZ,1
2021-06-17 15:07:00,INT-CA-32OZ,1
2021-06-17 09:48:00,AQU-PS-5LB,1
2021-06-17 18:14:00,CHL-CT-1LB,3
2021-06-17 08:21:00,AQU-PS-25LB,4
2021-06-17 13:53:00,CHL-S-1LB,1
2021-06-17 18:51:00,INT-LS-1GAL,3
2021-06-17 12:35:00,HTH-S-5LB,1
2021-06-17 16:23:00,INT-LS-1GAL,1
2021-06-17 09:02:00,INT-BA-32OZ,1
2021-06-17 10:31:00,INT-CA-32OZ,1
2021-06-17 10:52:00,CHL-PS-1LB,1
2021-06-17 14:06:00,CHL-CT-1LB,1
2021-06-17 12:39:00,AQU-CT-11LB,1
2021-06-17 11:12:00,CHL-PS-17LB,1
2021-06-17 09:59:00,HTH-AI-11LB,1
2021-06-17 14:13:00,AQU-CT-11LB,1
2021-06-17 15:52:00,INT-CHI-7LB,1
2021-06-17 11:45:00,INT-BA-32OZ,2
2021-06-17 13:06:00,INT-CT-25LB,1
2021-06-17 14:02:00,INT-BA-32OZ,1
2021-06-17 18:53:00,INT-CT-25LB,2
2021-06-17 18:37:00,CHL-PS-17LB,2
2021-06-17 09:49:00,CHL-PS-1LB,2
2021-06-17 15:29:00,AQU-CT-11LB,1
2021-06-17 18:37:00,AQU-PS-5LB,4
2021-06-17 16:08:00,AQU-PS-5LB,1
2021-06-17 15:00:00,INT-LS-1GAL,1
2021-06-17 16:47:00,CHL-CT-21LB,1
2021-06-17 08:35:00,INT-LS-1GAL,1
2021-06-17 14:53:00,AQU-PS-25LB,1
2021-06-17 17:30:00,INT-BA-32OZ,1
2021-06-17 16:49:00,CHL-CT-1LB,1
2021-06-17 10:44:00,HTH-AI-11LB,4
2021-06-17 17:11:00,BIO-MA-32OZ,1
2021-06-17 10:06:00,CHL-PS-1LB,1
2021-06-17 14:42:00,AQU-PS-25LB,1
2021-06-17 17:38:00,BIO-MA-32OZ,3
2021-06-17 13:32:00,BIO-MA-32OZ,1
2021-06-17 14:26:00,INT-BA-32OZ,1
2021-06-18 11:17:00,CHL-PS-1LB,1
2021-06-18 14:21:00,INT-LS-1GAL,1
2021-06-18 12:28:00,INT-CA-32OZ,1
2021-06-18 10:08:00,BIO-MA-32OZ,1
2021-06-18 14:38:00,AQU-CT-11LB,2
2021-06-18 16:19:00,INT-BA-32OZ,4
2021-06-18 16:55:00,AQU-PS-25LB,1
2021-06-18 13:45:00,INT-CT-25LB,3
2021-06-18 16:40:00,CHL-PS-17LB,2
2021-06-18 11:12:00,INT-CT-25LB,1
2021-06-18 11:39:00,AQU-CT-11LB,1
2021-06-18 12:43:00,INT-CT-25LB,3
2021-06-18 13:58:00,INT-CT-25LB,1
2021-06-18 18:08:00,CHL-CT-21LB,1
2021-06-18 18:11:00,AQU-PS-25LB,1
2021-06-18 16:34:00,INT-LS-1GAL,1
2021-06-18 18:20:00,CHL-CT-21LB,1
2021-06-18 09:48:00,AQU-PS-25LB,1
2021-06-18 13:35:00,AQU-PS-5LB,3
2021-06-18 15:37:00,AQU-BA-32OZ,2
2021-06-18 17:42:00,AQU-PS-5LB,2
2021-06-18 14:43:00,BIO-MA-32OZ,2
2021-06-18 16:18:00,AQU-PS-5LB,1
2021-06-18 14:51:00,BIO-MA-32OZ,1
2021-06-18 08:33:00,INT-BA-32OZ,1
2021-06-18 09:01:00,CHL-CT-21LB,1
2021-06-18 14:09:00,INT-BA-32OZ,1
2021-06-18 08:42:00,AQU-CT-11LB,1
2021-06-18 08:12:00,CHL-CT-21LB,1
2021-06-18 12:48:00,INT-BA-32OZ,2
2021-06-18 10:18:00,CHL-PS-17LB,1
2021-06-18 18:16:00,CHL-PS-17LB,3
2021-06-18 10:53:00,CHL-CT-21LB,1
2021-06-18 08:44:00,AQU-PS-5LB,1
2021-06-18 12:13:00,AQU-BA-32OZ,2
2021-06-18 16:02:00,INT-CT-25LB,1
2021-06-18 13:52:00,AQU-PS-5LB,1
2021-06-18 15:06:00,AQU-PS-25LB,1
2021-06-18 17:55:00,AQU-PS-25LB,1
2021-06-18 18:47:00,INT-MA-1GAL,1
2021-06-18 16:55:00,BIO-MA-32OZ,2
2021-06-18 11:47:00,AQU-PS-5LB,2
2021-06-18 18:35:00,AQU-PS-25LB,1
2021-06-18 14:15:00,INT-LS-1GAL,4
2021-06-18 16:50:00,AQU-PS-25LB,1
2021-06-18 12:44:00,AQU-PD-5LB,1
2021-06-18 18:03:00,INT-BA-32OZ,2
2021-06-19 14:26:00,BIO-MA-32OZ,4
2021-06-19 18:20:00,HTH-AI-11LB,1
2021-06-19 16:03:00,BIO-MA-32OZ,1
2021-06-19 08:47:00,INT-BA-32OZ,1
2021-06-19 12:12:00,INT-BA-32OZ,4
2021-06-19 17:55:00,AQU-BA-32OZ,1
2021-06-19 15:53:00,CHL-PS-1LB,1
2021-06-19 11:58:00,BIO-MA-32OZ,2
2021-06-19 18:45:00,AQU-CT-11LB,1
2021-06-19 18:23:00,AQU-CT-11LB,1
2021-06-19 17:34:00,BIO-PD-2LB,1
2021-06-19 17:12:00,INT-LS-1GAL,1
2021-06-19 11:18:00,CHL-PS-1LB,4
2021-06-19 15:11:00,CHL-CT-1LB,1
2021-06-19 18:04:00,CHL-CT-1LB,1
2021-06-19 10:11:00,INT-BA-32OZ,2
2021-06-19 16:07:00,AQU-PS-25LB,1
2021-06-19 14:02:00,AQU-PS-5LB,1
2021-06-19 14:17:00,CHL-PS-1LB,1
2021-06-19 16:16:00,AQU-BA-32OZ,3
2021-06-19 10:10:00,AQU-CT-11LB,1
2021-06-19 17:54:00,AQU-PS-5LB,1
2021-06-19 12:00:00,BIO-MA-32OZ,1
2021-06-19 13:29:00,CHL-CT-1LB,2
2021-06-19 10:02:00,AQU-BA-32OZ,1
2021-06-19 10:59:00,CHL-CT-21LB,1
2021-06-19 13:38:00,AQU-PS-5LB,3
2021-06-19 08:49:00,BIO-MA-32OZ,2
2021-06-19 18:39:00,CHL-PS-1LB,2
2021-06-19 18:19:00,AQU-CT-11LB,1
2021-06-19 15:50:00,CHL-CT-21LB,1
2021-06-19 17:35:00,INT-CA-32OZ,1
2021-06-19 13:04:00,CHL-PS-17LB,1
2021-06-19 13:33:00,CHL-PS-17LB,1
2021-06-19 11:11:00,INT-CT-25LB,2
2021-06-19 16:04:00,CHL-PS-1LB,1
2021-06-19 16:10:00,INT-CT-25LB,2
2021-06-19 14:34:00,INT-LS-1GAL,1
2021-06-19 16:25:00,INT-CT-25LB,1
2021-06-19 09:22:00,CHL-PS-1LB,2
2021-06-19 11:56:00,INT-CT-25LB,1
2021-06-19 11:42:00,INT-CA-32OZ,1
2021-06-19 13:21:00,CHL-PS-17LB,1
2021-06-20 11:48:00,HTH-S-5LB,1
2021-06-20 17:33:00,CHL-PS-17LB,1
2021-06-20 15:35:00,BIO-MA-32OZ,1
2021-06-20 18:00:00,INT-CT-25LB,2
2021-06-20 09:42:00,INT-BA-32OZ,2
2021-06-20 13:28:00,CHL-PS-1LB,2
2021-06-20 11:57:00,AQU-BA-32OZ,1
2021-06-20 18:39:00,INT-BA-32OZ,1
2021-06-20 17:15:00,CHL-S-1LB,1
2021-06-20 08:43:00,INT-CT-25LB,1
2021-06-20 13:24:00,INT-CA-32OZ,1
2021-06-20 09:24:00,AQU-PS-25LB,1
2021-06-20 12:34:00,AQU-BA-32OZ,1
2021-06-20 12:01:00,CHL-PS-17LB,2
2021-06-20 16:52:00,CHL-CT-21LB,3
2021-06-20 13:32:00,CHL-PS-17LB,1
2021-06-20 16:28:00,AQU-PS-25LB,1
2021-06-20 15:02:00,INT-BA-32OZ,1
2021-06-20 12:57:00,INT-CA-32OZ,1
2021-06-20 18:12:00,AQU-CT-11LB,1
2021-06-20 13:32:00,INT-CHI-7LB,1
2021-06-20 09:06:00,INT-LS-1GAL,1
2021-06-20 10:49:00,INT-CT-25LB,1
2021-06-20 16:34:00,AQU-BA-32OZ,1
2021-06-20 08:40:00,AQU-BA-32OZ,1
2021-06-20 09:13:00,INT-BA-32OZ,3
2021-06-20 18:40:00,CHL-PS-17LB,4
2021-06-20 11:55:00,AQU-CT-11LB,3
2021-06-20 18:27:00,INT-BA-32OZ,1
2021-06-20 09:13:00,CHL-PS-17LB,1
2021-06-20 16:53:00,AQU-PS-5LB,1
2021-06-20 14:41:00,AQU-PS-5LB,1
2021-06-20 09:47:00,BIO-MA-32OZ,1
2021-06-20 18:09:00,AQU-PS-5LB,1
2021-06-20 08:29:00,CHL-PS-17LB,1
2021-06-20 13:02:00,CHL-PS-17LB,3
2021-06-20 09:04:00,BIO-MA-32OZ,1
2021-06-20 08:11:00,INT-BA-32OZ,1
2021-06-20 12:35:00,INT-BA-32OZ,1
2021-06-20 09:36:00,INT-CT-25LB,1
2021-06-20 11:58:00,CHL-PS-1LB,1
2021-06-20 12:26:00,AQU-BA-32OZ,1
2021-06-20 14:28:00,BIO-MA-32OZ,4
2021-06-20 18:25:00,CHL-PS-17LB,1
2021-06-20 14:20:00,INT-BA-32OZ,4
2021-06-20 08:24:00,INT-CHI-7LB,1
2021-06-20 18:07:00,AQU-PS-25LB,2
2021-06-20 16:00:00,AQU-PS-5LB,2
2021-06-20 18:46:00,AQU-BA-32OZ,1
2021-06-21 17:02:00,INT-CT-25LB,1
2021-06-21 09:22:00,AQU-CT-11LB,1
2021-06-21 16:06:00,INT-CA-32OZ,3
2021-06-21 12:50:00,INT-MA-1GAL,1
2021-06-21 18:19:00,AQU-BA-32OZ,2
2021-06-21 17:05:00,AQU-PS-25LB,1
2021-06-21 12:48:00,AQU-PS-25LB,3
2021-06-21 15:24:00,INT-CT-25LB,2
2021-06-21 14:52:00,AQU-PS-25LB,2
2021-06-21 18:01:00,CHL-PS-1LB,1
2021-06-21 15:10:00,INT-CT-25LB,1
2021-06-21 16:14:00,BIO-MA-32OZ,1
2021-06-21 10:47:00,INT-BA-32OZ,1
2021-06-21 14:50:00,INT-CT-25LB,1
2021-06-21 16:18:00,CHL-PS-1LB,3
2021-06-21 18:09:00,AQU-PS-25LB,2
2021-06-21 12:43:00,HTH-F-2LB,1
2021-06-21 18:23:00,AQU-PS-25LB,1
2021-06-21 08:35:00,HTH-S-5LB,3
2021-06-21 16:09:00,CHL-CT-21LB,2
2021-06-21 09:02:00,AQU-PS-5LB,4
2021-06-21 08:36:00,HTH-S-5LB,1
2021-06-21 17:25:00,INT-LS-1GAL,1
2021-06-21 16:35:00,AQU-PS-25LB,2
2021-06-21 09:19:00,CHL-CT-1LB,1
2021-06-21 11:47:00,INT-LS-1GAL,4
2021-06-21 13:13:00,INT-CT-25LB,1
2021-06-21 14:57:00,CHL-PS-17LB,4
2021-06-21 18:54:00,BIO-MA-32OZ,1
2021-06-21 16:09:00,CHL-PS-1LB,1
2021-06-21 10:11:00,AQU-PS-5LB,1
2021-06-21 11:39:00,BIO-PD-2LB,1
2021-06-21 12:12:00,BIO-MA-32OZ,1
2021-06-21 09:11:00,INT-CA-32OZ,2
2021-06-21 18:51:00,CHL-PS-17LB,1
2021-06-21 17:54:00,INT-BA-32OZ,1
2021-06-21 08:54:00,CHL-CT-1LB,1
2021-06-21 16:29:00,HTH-F-2LB,1
2021-06-21 18:35:00,BIO-MA-32OZ,1
2021-06-21 09:18:00,BIO-MA-32OZ,1
2021-06-21 18:04:00,AQU-BA-32OZ,1
2021-06-21 12:06:00,INT-CT-25LB,1
2021-06-21 11:46:00,CHL-CT-1LB,1
2021-06-21 17:31:00,AQU-PS-5LB,1
2021-06-21 13:22:00,AQU-BA-32OZ,1
2021-06-21 10:42:00,AQU-PS-25LB,2
2021-06-21 18:15:00,INT-LS-1GAL,1
2021-06-21 09:18:00,CHL-PS-17LB,4
2021-06-22 11:20:00,CHL-PS-17LB,1
2021-06-22 15:28:00,CHL-PS-1LB,1
2021-06-22 13:39:00,AQU-CT-11LB,1
2021-06-22 18:19:00,CHL-PS-1LB,1
2021-06-22 17:09:00,INT-CA-32OZ,1
2021-06-22 17:36:00,INT-CA-32OZ,1
2021-06-22 13:51:00,BIO-MA-32OZ,1
2021-06-22 13:27:00,CHL-PS-17LB,1
2021-06-22 10:00:00,INT-CT-25LB,2
2021-06-22 13:15:00,CHL-CT-1LB,1
2021-06-22 11:45:00,AQU-BA-32OZ,1
2021-06-22 18:27:00,AQU-CT-11LB,1
2021-06-22 12:53:00,CHL-PS-17LB,1
2021-06-22 13:08:00,CHL-CT-1LB,4
2021-06-22 18:46:00,AQU-CT-11LB,1
2021-06-22 13:56:00,INT-CT-25LB,3
2021-06-22 15:29:00,BIO-MA-32OZ,1
2021-06-22 15:22:00,INT-CA-32OZ,1
2021-06-22 12:31:00,AQU-CT-11LB,1
2021-06-22 16:06:00,AQU-CT-11LB,1
2021-06-22 10:41:00,AQU-BA-32OZ,1
2021-06-22 17:05:00,INT-MA-1GAL,1
2021-06-22 12:54:00,INT-CT-25LB,1
2021-06-22 10:57:00,AQU-PS-5LB,1
2021-06-22 16:12:00,AQU-PS-5LB,1
2021-06-22 12:46:00,AQU-CT-11LB,2
2021-06-22 18:04:00,AQU-PS-25LB,1
2021-06-22 09:57:00,CHL-CT-1LB,3
2021-06-22 08:54:00,INT-CA-32OZ,1
2021-06-22 16:40:00,CHL-CT-21LB,1
2021-06-22 08:52:00,INT-CHI-7LB,1
2021-06-22 17:37:00,INT-LS-1GAL,1
2021-06-22 14:49:00,AQU-PS-5LB,4
2021-06-22 17:13:00,CHL-PS-17LB,1
2021-06-22 08:35:00,AQU-PS-25LB,2
2021-06-22 12:34:00,BIO-MA-32OZ,1
2021-06-22 16:30:00,INT-CT-25LB,3
2021-06-22 18:49:00,AQU-PS-5LB,1
2021-06-22 10:23:00,AQU-PS-25LB,4
2021-06-22 14:14:00,CHL-CT-1LB,2
2021-06-22 17:46:00,INT-BA-32OZ,1
2021-06-22 12:08:00,AQU-PS-25LB,1
2021-06-22 15:32:00,CHL-CT-1LB,1
2021-06-22 16:05:00,CHL-PS-1LB,3
2021-06-22 14:23:00,HTH-S-5LB,1
2021-06-22 16:00:00,INT-LS-1GAL,1
2021-06-22 18:15:00,INT-BA-32OZ,2
2021-06-22 17:43:00,CHL-PS-17LB,1
2021-06-22 10:48:00,BIO-MA-32OZ,1
2021-06-22 16:08:00,CHL-PS-1LB,1
2021-06-22 15:10:00,INT-LS-1GAL,1
2021-06-22 10:36:00,INT-CA-32OZ,2
2021-06-22 17:42:00,CHL-CT-1LB,3
2021-06-22 10:47:00,CHL-CT-1LB,2
2021-06-22 15:22:00,AQU-CT-11LB,3
2021-06-22 08:14:00,AQU-BA-32OZ,1
2021-06-23 11:04:00,INT-MA-1GAL,2
2021-06-23 12:23:00,BIO-MA-32OZ,1
2021-06-23 11:02:00,BIO-MA-32OZ,3
2021-06-23 18:13:00,INT-LS-1GAL,4
2021-06-23 16:58:00,CHL-PS-1LB,1
2021-06-23 13:24:00,CHL-CT-21LB,1
2021-06-23 15:58:00,INT-BA-32OZ,1
2021-06-23 15:56:00,CHL-S-1LB,1
2021-06-23 08:02:00,CHL-PS-17LB,1
2021-06-23 18:20:00,INT-CT-25LB,3
2021-06-23 09:45:00,INT-BA-32OZ,2
2021-06-23 16:40:00,CHL-PS-1LB,1
2021-06-23 12:53:00,AQU-CT-11LB,1
2021-06-23 12:37:00,AQU-PS-5LB,1
2021-06-23 16:36:00,CHL-CT-21LB,2
2021-06-23 10:24:00,AQU-CT-11LB,1
2021-06-23 18:24:00,INT-BA-32OZ,1
2021-06-23 13:37:00,AQU-BA-32OZ,1
2021-06-23 18:57:00,CHL-PS-17LB,4
2021-06-23 09:33:00,CHL-CT-21LB,1
2021-06-23 12:24:00,INT-CT-25LB,1
2021-06-23 11:33:00,BIO-MA-32OZ,2
2021-06-23 14:22:00,INT-AI-25LB,1
2021-06-23 13:31:00,AQU-CT-11LB,2
2021-06-23 15:56:00,AQU-PS-5LB,1
2021-06-23 17:00:00,CHL-CT-21LB,1
2021-06-23 16:56:00,CHL-CT-1LB,3
2021-06-23 10:28:00,AQU-BA-32OZ,1
2021-06-23 10:14:00,AQU-PS-5LB,1
2021-06-23 09:32:00,AQU-BA-32OZ,1
2021-06-23 18:17:00,INT-CA-32OZ,1
2021-06-23 11:09:00,INT-CT-25LB,1
2021-06-23 10:10:00,BIO-MA-32OZ,1
2021-06-23 13:38:00,INT-BA-32OZ,1
2021-06-23 09:42:00,INT-CA-32OZ,3
2021-06-23 11:26:00,AQU-PS-5LB,3
2021-06-23 13:46:00,INT-CT-25LB,1
2021-06-23 09:30:00,AQU-CT-11LB,1
2021-06-23 18:30:00,INT-BA-32OZ,2
2021-06-23 15:13:00,AQU-PS-5LB,1
2021-06-23 17:10:00,BIO-MA-32OZ,3
2021-06-24 14:01:00,CHL-CT-21LB,1
2021-06-24 11:02:00,AQU-BA-32OZ,1
2021-06-24 10:36:00,AQU-CT-11LB,1
2021-06-24 17:10:00,AQU-BA-32OZ,2
2021-06-24 10:40:00,CHL-CT-1LB,1
2021-06-24 16:02:00,AQU-CT-11LB,1
2021-06-24 17:09:00,AQU-PS-25LB,2
2021-06-24 08:10:00,AQU-CT-11LB,1
2021-06-24 12:59:00,AQU-PS-5LB,1
2021-06-24 10:33:00,INT-MA-1GAL,1
2021-06-24 14:38:00,CHL-PS-17LB,1
2021-06-24 17:40:00,INT-LS-1GAL,1
2021-06-24 08:56:00,INT-LS-1GAL,1
2021-06-24 18:52:00,CHL-CT-21LB,1
2021-06-24 12:05:00,AQU-CT-11LB,4
2021-06-24 11:28:00,CHL-CT-1LB,1
2021-06-24 17:30:00,AQU-PS-25LB,1
2021-06-24 15:10:00,INT-CA-32OZ,1
2021-06-24 11:53:00,INT-CA-32OZ,1
2021-06-24 14:38:00,CHL-CT-1LB,2
2021-06-24 10:50:00,INT-LS-1GAL,1
2021-06-24 17:52:00,CHL-PS-17LB,2
2021-06-24 10:39:00,CHL-PS-1LB,3
2021-06-24 18:32:00,CHL-PS-17LB,3
2021-06-24 12:10:00,CHL-CT-1LB,2
2021-06-24 18:21:00,INT-LS-1GAL,3
2021-06-24 15:38:00,AQU-PS-5LB,1
2021-06-24 17:04:00,CHL-CT-21LB,1
2021-06-24 11:24:00,CHL-PS-17LB,3
2021-06-24 14:08:00,HTH-AI-11LB,1
2021-06-24 09:01:00,BIO-PU-5LB,1
2021-06-24 11:33:00,AQU-PS-25LB,2
2021-06-24 16:43:00,INT-BA-32OZ,4
2021-06-24 14:52:00,AQU-PS-25LB,1
2021-06-24 10:38:00,CHL-PS-1LB,1
2021-06-24 09:11:00,CHL-PS-1LB,4
2021-06-24 15:57:00,BIO-MA-32OZ,2
2021-06-24 17:38:00,CHL-CT-21LB,1
2021-06-24 08:56:00,CHL-PS-17LB,1
2021-06-24 16:32:00,CHL-CT-1LB,2
2021-06-24 09:05:00,CHL-CT-21LB,1
2021-06-24 15:42:00,CHL-PS-1LB,1
2021-06-24 10:57:00,CHL-CT-1LB,3
2021-06-24 17:34:00,INT-BA-32OZ,2
2021-06-24 08:57:00,AQU-CT-11LB,1
2021-06-24 18:41:00,AQU-PS-5LB,3
2021-06-24 14:33:00,BIO-MA-32OZ,1
2021-06-24 14:23:00,CHL-CT-21LB,1
2021-06-24 08:44:00,INT-CT-25LB,3
2021-06-24 16:27:00,INT-CT-25LB,1
2021-06-25 15:50:00,CHL-PS-1LB,1
2021-06-25 14:22:00,CHL-PS-17LB,1
2021-06-25 17:51:00,INT-CA-32OZ,2
2021-06-25 17:06:00,AQU-PS-5LB,2
2021-06-25 14:08:00,CHL-PS-17LB,1
2021-06-25 12:30:00,AQU-PS-25LB,1
2021-06-25 11:58:00,AQU-PS-25LB,1
2021-06-25 09:18:00,CHL-CT-1LB,4
2021-06-25 17:56:00,CHL-PS-1LB,1
2021-06-25 16:26:00,CHL-PS-1LB,1
2021-06-25 12:12:00,CHL-PS-1LB,2
2021-06-25 08:45:00,CHL-CT-21LB,1
2021-06-25 08:36:00,CHL-CT-21LB,1
2021-06-25 16:07:00,CHL-PS-17LB,1
2021-06-25 16:00:00,INT-CT-25LB,1
2021-06-25 14:41:00,AQU-PS-5LB,4
2021-06-25 11:44:00,CHL-PS-1LB,2
2021-06-25 13:26:00,BIO-MA-32OZ,1
2021-06-25 13:06:00,AQU-PS-5LB,1
2021-06-25 10:27:00,INT-BA-32OZ,1
2021-06-25 18:37:00,BIO-MA-32OZ,3
2021-06-25 12:16:00,INT-BA-32OZ,1
2021-06-25 16:27:00,AQU-PS-25LB,2
2021-06-25 17:23:00,CHL-PS-17LB,1
2021-06-25 17:17:00,INT-BA-32OZ,1
2021-06-25 18:25:00,CHL-PU-2LB,1
2021-06-25 11:26:00,AQU-PS-5LB,3
2021-06-25 16:50:00,AQU-PS-25LB,1
2021-06-25 16:30:00,CHL-CT-1LB,1
2021-06-25 10:23:00,CHL-CT-21LB,1
2021-06-25 16:35:00,CHL-CT-1LB,1
2021-06-25 15:16:00,INT-CA-32OZ,2
2021-06-25 12:36:00,CHL-PS-17LB,1
2021-06-25 13:49:00,CHL-CT-1LB,1
2021-06-25 14:47:00,BIO-MA-32OZ,2
2021-06-25 10:54:00,CHL-PS-17LB,1
2021-06-25 18:07:00,AQU-PS-5LB,1
2021-06-25 11:28:00,AQU-PS-5LB,4
2021-06-25 10:06:00,BIO-MA-32OZ,1
2021-06-25 11:32:00,INT-CT-25LB,3
2021-06-25 14:50:00,CHL-CT-21LB,1
2021-06-25 13:51:00,CHL-CT-1LB,2
2021-06-25 16:39:00,INT-BA-32OZ,1
2021-06-25 18:45:00,AQU-BA-32OZ,3
2021-06-25 08:10:00,CHL-PU-2LB,1
2021-06-25 14:40:00,CHL-CT-21LB,2
2021-06-25 08:51:00,INT-CA-32OZ,1
2021-06-25 09:52:00,CHL-PS-17LB,2
2021-06-25 10:30:00,INT-CA-32OZ,1
2021-06-25 17:27:00,AQU-CT-11LB,1
2021-06-25 09:04:00,INT-LS-1GAL,1
2021-06-25 12:14:00,CHL-CT-1LB,1
2021-06-25 13:05:00,INT-CT-25LB,1
2021-06-25 17:02:00,BIO-MA-32OZ,1
2021-06-25 14:59:00,AQU-PS-5LB,3
2021-06-25 14:39:00,CHL-PS-17LB,4
2021-06-25 18:33:00,BIO-MA-32OZ,1
2021-06-25 12:45:00,INT-CHI-7LB,1
2021-06-25 17:03:00,INT-LS-1GAL,1
2021-06-26 10:40:00,CHL-PS-1LB,1
2021-06-26 15:28:00,INT-CT-25LB,1
2021-06-26 08:12:00,AQU-PS-25LB,1
2021-06-26 18:59:00,BIO-MA-32OZ,1
2021-06-26 16:18:00,BIO-MA-32OZ,1
2021-06-26 11:02:00,INT-CA-32OZ,2
2021-06-26 17:32:00,CHL-PS-17LB,1
2021-06-26 16:44:00,AQU-BA-32OZ,1
2021-06-26 11:39:00,HTH-S-5LB,1
2021-06-26 10:43:00,CHL-PS-17LB,1
2021-06-26 08:23:00,INT-MA-1GAL,1
2021-06-26 11:41:00,AQU-BA-32OZ,3
2021-06-26 08:10:00,INT-LS-1GAL,1
2021-06-26 09:17:00,INT-CA-32OZ,1
2021-06-26 14:22:00,BIO-MA-32OZ,1
2021-06-26 18:25:00,AQU-CT-11LB,2
2021-06-26 14:37:00,CHL-CT-1LB,1
2021-06-26 11:33:00,CHL-CT-1LB,1
2021-06-26 08:47:00,CHL-CT-21LB,2
2021-06-26 09:58:00,CHL-CT-1LB,1
2021-06-26 09:35:00,INT-BA-32OZ,1
2021-06-26 12:46:00,AQU-PS-25LB,3
2021-06-26 16:58:00,INT-CA-32OZ,1
2021-06-26 17:22:00,INT-BA-32OZ,1
2021-06-26 13:52:00,INT-CT-25LB,1
2021-06-26 12:14:00,CHL-CT-21LB,1
2021-06-26 17:12:00,AQU-PS-5LB,1
2021-06-26 15:59:00,INT-MA-1GAL,1
2021-06-26 14:36:00,AQU-CT-11LB,1
2021-06-26 08:16:00,CHL-PS-1LB,2
2021-06-26 10:26:00,CHL-CT-21LB,1
2021-06-26 16:06:00,AQU-PS-25LB,2
2021-06-26 16:04:00,CHL-PS-17LB,1
2021-06-26 16:18:00,AQU-CT-11LB,1
2021-06-26 13:07:00,AQU-PS-25LB,1
2021-06-26 16:16:00,INT-BA-32OZ,2
2021-06-26 16:52:00,CHL-CT-1LB,1
2021-06-26 17:16:00,AQU-PS-25LB,4
2021-06-26 15:24:00,INT-CT-25LB,2
2021-06-26 17:30:00,CHL-PS-1LB,1
2021-06-26 11:48:00,CHL-PS-1LB,1
2021-06-26 13:49:00,BIO-PU-5LB,4
2021-06-26 15:43:00,CHL-CT-21LB,1
2021-06-26 15:57:00,INT-MA-1GAL,1
2021-06-26 17:55:00,CHL-PS-1LB,1
2021-06-26 08:30:00,AQU-PS-25LB,1
2021-06-26 09:16:00,AQU-CT-11LB,1
2021-06-26 09:24:00,CHL-CT-1LB,1
2021-06-26 18:50:00,CHL-CT-21LB,2
2021-06-26 11:43:00,INT-BA-32OZ,1
2021-06-26 11:51:00,INT-MA-1GAL,3
2021-06-26 13:26:00,CHL-PS-17LB,1
2021-06-26 13:33:00,INT-CA-32OZ,2
2021-06-26 16:00:00,INT-AI-5LB,3
2021-06-26 12:15:00,INT-CT-25LB,1
2021-06-26 12:05:00,CHL-PS-1LB,1
2021-06-26 14:43:00,AQU-CT-11LB,1
2021-06-26 13:04:00,CHL-CT-21LB,2
2021-06-26 16:59:00,AQU-PS-25LB,1
2021-06-26 10:30:00,AQU-PS-5LB,1
2021-06-26 13:22:00,INT-CA-32OZ,1
2021-06-26 11:57:00,CHL-CHI-20LB,1
2021-06-26 17:17:00,CHL-CT-21LB,1
2021-06-26 10:47:00,AQU-CT-11LB,3
2021-06-26 18:59:00,INT-BA-32OZ,3
2021-06-26 11:31:00,CHL-PS-17LB,3
2021-06-26 11:15:00,CHL-PS-1LB,3
2021-06-26 11:55:00,INT-LS-1GAL,1
2021-06-26 12:13:00,CHL-CT-21LB,3
2021-06-27 11:53:00,CHL-PS-1LB,1
2021-06-27 17:22:00,AQU-BA-32OZ,1
2021-06-27 10:49:00,CHL-PS-17LB,1
2021-06-27 09:07:00,CHL-CT-1LB,3
2021-06-27 09:43:00,INT-CA-32OZ,1
2021-06-27 18:31:00,AQU-CHI-11LB,1
2021-06-27 17:00:00,CHL-PS-1LB,1
2021-06-27 16:02:00,AQU-CT-11LB,1
2021-06-27 15:23:00,INT-MA-1GAL,2
2021-06-27 17:20:00,AQU-PS-25LB,1
2021-06-27 15:57:00,INT-CA-32OZ,3
2021-06-27 17:55:00,AQU-BA-32OZ,1
2021-06-27 12:31:00,BIO-MA-32OZ,1
2021-06-27 10:48:00,CHL-CT-21LB,1
2021-06-27 16:17:00,AQU-PS-5LB,1
2021-06-27 14:14:00,AQU-PS-25LB,1
2021-06-27 17:08:00,INT-CA-32OZ,1
2021-06-27 08:33:00,INT-CT-25LB,1
2021-06-27 14:30:00,INT-AI-5LB,1
2021-06-27 16:02:00,CHL-PS-1LB,1
2021-06-27 16:22:00,BIO-MA-32OZ,4
2021-06-27 14:55:00,AQU-CT-11LB,1
2021-06-27 18:49:00,AQU-BA-32OZ,1
2021-06-27 10:29:00,INT-CT-25LB,1
2021-06-27 09:44:00,CHL-PS-1LB,1
2021-06-27 16:29:00,AQU-PS-25LB,1
2021-06-27 13:44:00,INT-MA-1GAL,1
2021-06-27 08:00:00,BIO-MA-32OZ,1
2021-06-27 18:13:00,CHL-CT-21LB,1
2021-06-27 14:37:00,AQU-PD-5LB,2
2021-06-27 09:20:00,INT-BA-32OZ,2
2021-06-27 13:39:00,INT-BA-32OZ,4
2021-06-27 12:11:00,INT-CA-32OZ,3
2021-06-27 16:16:00,CHL-CT-21LB,1
2021-06-27 11:17:00,CHL-CT-21LB,1
2021-06-27 15:39:00,INT-CT-25LB,1
2021-06-27 13:23:00,INT-CT-25LB,1
2021-06-27 10:31:00,CHL-PS-17LB,1
2021-06-27 14:13:00,INT-MA-1GAL,1
2021-06-27 14:44:00,AQU-CT-11LB,2
2021-06-27 13:23:00,INT-CT-25LB,1
2021-06-27 14:17:00,CHL-CT-1LB,1
2021-06-27 15:11:00,HTH-S-5LB,1
2021-06-27 17:08:00,CHL-CT-1LB,1
2021-06-27 17:43:00,AQU-PS-25LB,2
2021-06-27 11:52:00,CHL-PS-17LB,1
2021-06-27 09:46:00,AQU-CT-11LB,1
2021-06-27 12:51:00,AQU-PS-5LB,2
2021-06-27 11:35:00,INT-CA-32OZ,3
2021-06-27 14:54:00,AQU-BA-32OZ,1
2021-06-27 14:12:00,CHL-PS-1LB,2
2021-06-27 10:51:00,AQU-BA-32OZ,2
2021-06-27 10:30:00,CHL-CT-21LB,1
2021-06-27 08:11:00,AQU-BA-32OZ,2
2021-06-27 14:31:00,INT-AI-25LB,1
2021-06-27 10:57:00,AQU-PS-25LB,1
2021-06-28 16:34:00,CHL-PS-1LB,4
2021-06-28 13:50:00,CHL-PS-1LB,2
2021-06-28 15:19:00,CHL-CT-1LB,2
2021-06-28 12:35:00,CHL-CT-21LB,3
2021-06-28 17:03:00,BIO-PD-2LB,1
2021-06-28 14:06:00,AQU-PS-5LB,1
2021-06-28 10:03:00,INT-BA-32OZ,3
2021-06-28 11:52:00,AQU-CT-11LB,1
2021-06-28 12:30:00,CHL-PS-17LB,2
2021-06-28 18:06:00,INT-AI-5LB,1
2021-06-28 15:47:00,CHL-CT-21LB,1
2021-06-28 13:16:00,CHL-CT-21LB,1
2021-06-28 13:23:00,CHL-PS-17LB,1
2021-06-28 16:35:00,INT-LS-1GAL,1
2021-06-28 12:22:00,INT-CT-25LB,1
2021-06-28 08:26:00,INT-CA-32OZ,2
2021-06-28 09:22:00,CHL-CT-1LB,1
2021-06-28 18:38:00,INT-CA-32OZ,4
2021-06-28 11:36:00,AQU-PS-25LB,1
2021-06-28 17:41:00,CHL-PS-17LB,1
2021-06-28 18:34:00,CHL-PS-17LB,1
2021-06-28 10:49:00,INT-BA-32OZ,1
2021-06-28 12:22:00,CHL-CT-1LB,1
2021-06-28 13:43:00,CHL-CT-21LB,1
2021-06-28 16:31:00,AQU-PS-5LB,3
2021-06-28 15:56:00,AQU-PS-5LB,2
2021-06-28 09:24:00,CHL-PU-2LB,1
2021-06-28 17:18:00,CHL-CT-1LB,1
2021-06-28 15:40:00,AQU-BA-32OZ,3
2021-06-28 10:55:00,INT-CA-32OZ,1
2021-06-28 10:40:00,INT-BA-32OZ,1
2021-06-28 13:26:00,AQU-CT-11LB,1
2021-06-28 18:39:00,CHL-PS-17LB,2
2021-06-28 17:25:00,AQU-CT-11LB,1
2021-06-28 09:05:00,CHL-CT-1LB,3
2021-06-28 10:21:00,INT-CA-32OZ,1
2021-06-28 11:20:00,AQU-PS-5LB,1
2021-06-28 13:41:00,BIO-PU-5LB,1
2021-06-28 12:45:00,CHL-CT-21LB,1
2021-06-28 12:38:00,CHL-CT-1LB,2
2021-06-28 18:25:00,CHL-CT-21LB,1
2021-06-28 12:56:00,AQU-PS-5LB,1
2021-06-28 15:49:00,INT-MA-1GAL,1
2021-06-28 13:47:00,AQU-BA-32OZ,2
2021-06-28 17:33:00,AQU-PS-25LB,1
2021-06-28 15:26:00,AQU-PS-5LB,2
2021-06-28 10:11:00,CHL-PS-17LB,1
2021-06-28 08:08:00,CHL-CT-21LB,2
2021-06-28 11:42:00,AQU-PS-5LB,1
2021-06-28 12:47:00,AQU-CT-11LB,1
2021-06-28 09:13:00,BIO-MA-32OZ,1
2021-06-28 10:25:00,BIO-MA-32OZ,1
2021-06-28 09:06:00,CHL-CT-21LB,1
2021-06-28 09:59:00,CHL-CT-1LB,1
2021-06-28 15:35:00,INT-BA-32OZ,1
2021-06-29 14:33:00,INT-BA-32OZ,1
2021-06-29 09:06:00,AQU-BA-32OZ,1
2021-06-29 12:39:00,AQU-PS-5LB,1
2021-06-29 10:05:00,INT-CA-32OZ,2
2021-06-29 18:59:00,CHL-CT-21LB,3
2021-06-29 14:19:00,AQU-PS-25LB,1
2021-06-29 11:15:00,AQU-BA-32OZ,3
2021-06-29 12:28:00,INT-BA-32OZ,3
2021-06-29 18:08:00,AQU-PS-5LB,3
2021-06-29 10:33:00,INT-LS-1GAL,1
2021-06-29 10:01:00,AQU-PS-25LB,1
2021-06-29 08:42:00,AQU-PS-25LB,1
2021-06-29 13:55:00,AQU-PS-5LB,1
2021-06-29 13:55:00,INT-CT-25LB,1
2021-06-29 15:29:00,INT-LS-1GAL,2
2021-06-29 16:59:00,AQU-BA-32OZ,2
2021-06-29 12:35:00,INT-LS-1GAL,2
2021-06-29 15:08:00,CHL-PS-17LB,1
2021-06-29 16:11:00,INT-LS-1GAL,2
2021-06-29 17:38:00,AQU-PS-25LB,1
2021-06-29 15:40:00,AQU-PS-5LB,3
2021-06-29 18:56:00,INT-CT-25LB,1
2021-06-29 17:27:00,CHL-CT-21LB,1
2021-06-29 16:40:00,INT-BA-32OZ,1
2021-06-29 18:34:00,AQU-BA-32OZ,1
2021-06-29 12:58:00,INT-BA-32OZ,1
2021-06-29 13:30:00,CHL-CT-1LB,1
2021-06-29 16:14:00,CHL-CT-21LB,1
2021-06-29 09:28:00,BIO-MA-32OZ,1
2021-06-29 12:23:00,INT-BA-32OZ,2
2021-06-29 14:16:00,CHL-CT-21LB,2
2021-06-29 10:19:00,INT-BA-32OZ,1
2021-06-29 08:00:00,BIO-MA-32OZ,1
2021-06-29 16:52:00,INT-CT-25LB,2
2021-06-29 10:22:00,CHL-CT-1LB,1
2021-06-29 12:30:00,AQU-CT-11LB,2
2021-06-29 16:00:00,AQU-PD-5LB,1
2021-06-29 15:48:00,INT-BA-32OZ,3
2021-06-29 15:19:00,AQU-PS-5LB,1
2021-06-29 08:49:00,INT-CA-32OZ,2
2021-06-29 14:51:00,AQU-BA-32OZ,1
2021-06-29 12:38:00,AQU-PS-5LB,1
2021-06-29 11:50:00,AQU-PS-25LB,1
2021-06-29 08:35:00,INT-CA-32OZ,1
2021-06-29 13:12:00,BIO-MA-32OZ,1
2021-06-29 14:56:00,INT-CT-25LB,1
2021-06-29 16:27:00,INT-LS-1GAL,1
2021-06-29 14:15:00,CHL-S-1LB,2
2021-06-29 10:45:00,AQU-CT-11LB,1
2021-06-29 18:24:00,AQU-PD-5LB,1
2021-06-29 14:14:00,CHL-PS-17LB,1
2021-06-29 12:05:00,INT-MA-1GAL,1
2021-06-29 14:40:00,AQU-PS-25LB,3
2021-06-29 11:33:00,CHL-PS-17LB,1
2021-06-29 17:51:00,INT-CT-25LB,3
2021-06-29 18:17:00,AQU-CT-11LB,4
2021-06-29 12:41:00,INT-BA-32OZ,1
2021-06-29 16:51:00,CHL-CHI-20LB,1
2021-06-29 12:26:00,INT-LS-1GAL,1
2021-06-29 11:54:00,INT-LS-1GAL,1
2021-06-29 09:11:00,CHL-PS-1LB,1
2021-06-29 10:18:00,BIO-MA-32OZ,1
2021-06-29 09:40:00,HTH-F-2LB,1
2021-06-30 15:17:00,CHL-PS-17LB,1
2021-06-30 17:31:00,BIO-MA-32OZ,3
2021-06-30 11:20:00,HTH-AI-11LB,1
2021-06-30 08:09:00,AQU-BA-32OZ,1
2021-06-30 08:34:00,AQU-PS-5LB,3
2021-06-30 08:11:00,INT-BA-32OZ,1
2021-06-30 09:18:00,AQU-CT-11LB,1
2021-06-30 12:08:00,INT-CA-32OZ,1
2021-06-30 15:46:00,AQU-CHI-11LB,1
2021-06-30 08:14:00,CHL-CT-1LB,1
2021-06-30 09:09:00,CHL-CT-21LB,1
2021-06-30 08:31:00,INT-CA-32OZ,3
2021-06-30 11:21:00,INT-MA-1GAL,2
2021-06-30 14:19:00,AQU-BA-32OZ,1
2021-06-30 15:23:00,BIO-MA-32OZ,1
2021-06-30 15:44:00,CHL-CT-1LB,1
2021-06-30 08:21:00,AQU-CT-11LB,1
2021-06-30 09:53:00,CHL-S-1LB,1
2021-06-30 10:03:00,AQU-PS-5LB,1
2021-06-30 12:49:00,CHL-PS-1LB,1
2021-06-30 14:04:00,AQU-PS-25LB,1
2021-06-30 16:30:00,AQU-CT-11LB,2
2021-06-30 10:12:00,INT-CA-32OZ,1
2021-06-30 12:52:00,INT-LS-1GAL,1
2021-06-30 14:53:00,INT-CA-32OZ,1
2021-06-30 08:07:00,CHL-PS-1LB,2
2021-06-30 11:24:00,AQU-CT-11LB,1
2021-06-30 15:15:00,AQU-PS-25LB,3
2021-06-30 08:12:00,AQU-BA-32OZ,2
2021-06-30 15:47:00,AQU-CT-11LB,1
2021-06-30 09:33:00,HTH-AI-11LB,4
2021-06-30 18:13:00,AQU-PS-25LB,2
2021-06-30 15:24:00,CHL-PS-17LB,1
2021-06-30 18:19:00,INT-BA-32OZ,1
2021-06-30 13:10:00,AQU-PD-5LB,1
2021-06-30 18:46:00,CHL-CT-21LB,3
2021-06-30 08:47:00,AQU-BA-32OZ,1
2021-06-30 16:33:00,CHL-CT-1LB,1
2021-06-30 09:16:00,CHL-PS-17LB,4
2021-06-30 15:40:00,AQU-BA-32OZ,1
2021-06-30 12:12:00,AQU-PS-5LB,1
2021-06-30 13:56:00,AQU-BA-32OZ,1
2021-06-30 08:55:00,CHL-CT-1LB,1
2021-06-30 18:13:00,INT-CT-25LB,1
2021-06-30 09:15:00,AQU-PS-25LB,3
2021-06-30 18:27:00,AQU-BA-32OZ,2
2021-06-30 13:00:00,CHL-PS-1LB,1
2021-06-30 10:50:00,INT-CT-25LB,1
2021-06-30 12:37:00,AQU-BA-32OZ,1
2021-06-30 09:25:00,AQU-PS-5LB,3
2021-06-30 11:00:00,CHL-S-1LB,1
2021-07-01 17:50:00,CHL-CT-21LB,1
2021-07-01 15:44:00,CHL-CT-1LB,1
2021-07-01 17:09:00,INT-CT-25LB,4
2021-07-01 13:49:00,CHL-CT-21LB,1
2021-07-01 09:15:00,INT-CT-25LB,1
2021-07-01 10:31:00,AQU-BA-32OZ,1
2021-07-01 09:43:00,CHL-PS-17LB,1
2021-07-01 17:21:00,INT-CA-32OZ,1
2021-07-01 18:03:00,INT-CA-32OZ,1
2021-07-01 08:22:00,INT-LS-1GAL,1
2021-07-01 18:09:00,INT-MA-1GAL,3
2021-07-01 16:50:00,CHL-PS-17LB,1
2021-07-01 09:08:00,CHL-PS-17LB,1
2021-07-01 15:14:00,AQU-CT-11LB,3
2021-07-01 13:35:00,AQU-PD-5LB,1
2021-07-01 18:48:00,AQU-CT-11LB,3
2021-07-01 13:51:00,BIO-MA-32OZ,1
2021-07-01 15:46:00,INT-LS-1GAL,1
2021-07-01 11:01:00,AQU-PS-25LB,1
2021-07-01 14:22:00,CHL-PS-1LB,1
2021-07-01 10:16:00,AQU-PS-25LB,1
2021-07-01 08:31:00,AQU-PS-25LB,2
2021-07-01 15:35:00,AQU-BA-32OZ,1
2021-07-01 12:34:00,CHL-CT-1LB,4
2021-07-01 15:12:00,CHL-PS-17LB,1
2021-07-01 17:11:00,INT-LS-1GAL,1
2021-07-01 16:22:00,CHL-CT-1LB,3
2021-07-01 13:46:00,INT-CT-25LB,1
2021-07-01 15:17:00,INT-MA-1GAL,1
2021-07-01 17:58:00,CHL-PS-17LB,1
2021-07-01 16:10:00,INT-CT-25LB,1
2021-07-01 09:33:00,CHL-CT-1LB,1
2021-07-01 10:28:00,INT-BA-32OZ,1
2021-07-01 12:52:00,INT-LS-1GAL,1
2021-07-01 12:34:00,AQU-CT-11LB,1
2021-07-01 13:29:00,INT-MA-1GAL,1
2021-07-01 08:49:00,INT-LS-1GAL,2
2021-07-01 18:32:00,CHL-CT-21LB,1
2021-07-01 14:46:00,BIO-MA-32OZ,3
2021-07-01 10:56:00,INT-BA-32OZ,1
2021-07-01 08:39:00,INT-CT-25LB,2
2021-07-01 13:49:00,AQU-PS-5LB,1
2021-07-01 17:15:00,AQU-BA-32OZ,1
2021-07-01 13:46:00,INT-CA-32OZ,1
2021-07-02 16:52:00,BIO-MA-32OZ,1
2021-07-02 14:12:00,CHL-CT-21LB,1
2021-07-02 16:43:00,INT-BA-32OZ,4
2021-07-02 15:49:00,CHL-CT-21LB,1
2021-07-02 16:09:00,INT-MA-1GAL,1
2021-07-02 17:18:00,INT-LS-1GAL,1
2021-07-02 13:26:00,BIO-MA-32OZ,1
2021-07-02 18:20:00,INT-BA-32OZ,1
2021-07-02 09:06:00,CHL-PS-17LB,1
2021-07-02 16:42:00,CHL-PS-1LB,1
2021-07-02 09:02:00,CHL-CT-21LB,1
2021-07-02 10:11:00,INT-CA-32OZ,2
2021-07-02 08:12:00,INT-CA-32OZ,1
2021-07-02 09:31:00,CHL-PS-17LB,1
2021-07-02 11:06:00,INT-MA-1GAL,2
2021-07-02 08:36:00,BIO-MA-32OZ,1
2021-07-02 18:53:00,AQU-CT-11LB,1
2021-07-02 14:42:00,CHL-PS-17LB,1
2021-07-02 15:33:00,INT-MA-1GAL,1
2021-07-02 17:44:00,AQU-PS-25LB,1
2021-07-02 17:16:00,BIO-PD-2LB,1
2021-07-02 08:23:00,INT-BA-32OZ,3
2021-07-02 11:38:00,INT-LS-1GAL,1
2021-07-02 09:00:00,CHL-PS-1LB,1
2021-07-02 11:41:00,BIO-MA-32OZ,2
2021-07-02 15:59:00,INT-LS-1GAL,1
2021-07-02 09:29:00,CHL-CT-21LB,1
2021-07-02 18:03:00,AQU-PS-25LB,1
2021-07-02 13:35:00,AQU-PS-25LB,2
2021-07-02 14:52:00,AQU-PS-25LB,1
2021-07-02 13:50:00,CHL-CT-21LB,3
2021-07-02 08:52:00,AQU-PS-25LB,1
2021-07-02 17:17:00,CHL-CT-1LB,2
2021-07-02 16:02:00,CHL-CT-21LB,2
2021-07-02 09:53:00,CHL-S-1LB,2
2021-07-02 12:04:00,INT-CT-25LB,1
2021-07-02 11:33:00,CHL-PS-1LB,4
2021-07-02 09:06:00,CHL-CT-1LB,1
2021-07-02 11:34:00,INT-BA-32OZ,1
2021-07-02 14:12:00,INT-CT-25LB,1
2021-07-02 11:33:00,AQU-CT-11LB,2
2021-07-02 18:15:00,AQU-PS-25LB,1
2021-07-03 10:35:00,CHL-CT-21LB,1
2021-07-03 16:26:00,BIO-MA-32OZ,1
2021-07-03 09:49:00,INT-BA-32OZ,1
2021-07-03 18:36:00,AQU-PD-5LB,1
2021-07-03 13:43:00,INT-CA-32OZ,1
2021-07-03 15:44:00,CHL-PS-17LB,1
2021-07-03 18:27:00,AQU-BA-32OZ,1
2021-07-03 09:10:00,AQU-PD-5LB,1
2021-07-03 10:35:00,AQU-CT-11LB,1
2021-07-03 14:32:00,BIO-MA-32OZ,1
2021-07-03 13:42:00,AQU-BA-32OZ,3
2021-07-03 10:34:00,INT-MA-1GAL,1
2021-07-03 17:28:00,INT-BA-32OZ,2
2021-07-03 13:57:00,AQU-PS-5LB,1
2021-07-03 13:35:00,CHL-PS-1LB,1
2021-07-03 13:54:00,CHL-PS-17LB,1
2021-07-03 13:26:00,CHL-CT-1LB,1
2021-07-03 18:27:00,INT-CT-25LB,1
2021-07-03 13:38:00,CHL-CT-21LB,1
2021-07-03 11:36:00,INT-CT-25LB,1
2021-07-03 16:13:00,CHL-CT-21LB,2
2021-07-03 14:49:00,INT-LS-1GAL,2
2021-07-03 16:59:00,AQU-CT-11LB,1
2021-07-03 12:23:00,INT-BA-32OZ,1
2021-07-03 15:28:00,INT-BA-32OZ,1
2021-07-03 14:00:00,INT-LS-1GAL,1
2021-07-03 08:18:00,AQU-PS-5LB,3
2021-07-03 17:01:00,INT-BA-32OZ,1
2021-07-03 16:08:00,CHL-CT-1LB,1
2021-07-03 12:00:00,BIO-MA-32OZ,1
2021-07-03 12:14:00,AQU-PS-25LB,3
2021-07-03 11:54:00,CHL-PS-1LB,1
2021-07-03 13:01:00,CHL-S-1LB,1
2021-07-03 12:58:00,AQU-PS-25LB,1
2021-07-03 16:32:00,CHL-PS-1LB,1
2021-07-03 16:36:00,AQU-BA-32OZ,1
2021-07-03 17:09:00,INT-CA-32OZ,3
2021-07-03 09:02:00,CHL-CT-1LB,1
2021-07-03 15:22:00,CHL-CT-21LB,3
2021-07-03 10:08:00,BIO-MA-32OZ,1
2021-07-03 12:23:00,INT-BA-32OZ,1
2021-07-03 17:15:00,AQU-BA-32OZ,1
2021-07-03 11:16:00,CHL-CT-21LB,3
2021-07-03 12:05:00,CHL-CT-1LB,1
2021-07-03 17:25:00,AQU-PS-5LB,1
2021-07-03 17:58:00,INT-LS-1GAL,3
2021-07-04 09:46:00,INT-BA-32OZ,1
2021-07-04 13:50:00,AQU-CT-11LB,2
2021-07-04 15:11:00,AQU-BA-32OZ,1
2021-07-04 15:52:00,INT-BA-32OZ,1
2021-07-04 17:52:00,INT-MA-1GAL,1
2021-07-04 09:38:00,BIO-MA-32OZ,1
2021-07-04 18:19:00,AQU-PD-5LB,2
2021-07-04 08:46:00,INT-CA-32OZ,1
2021-07-04 17:24:00,AQU-CT-11LB,1
2021-07-04 09:49:00,INT-CA-32OZ,1
2021-07-04 08:58:00,CHL-S-1LB,3
2021-07-04 13:22:00,AQU-PS-25LB,2
2021-07-04 14:26:00,CHL-CT-21LB,1
2021-07-04 09:55:00,INT-LS-1GAL,1
2021-07-04 11:47:00,INT-CA-32OZ,1
2021-07-04 18:54:00,INT-CT-25LB,1
2021-07-04 17:59:00,INT-CA-32OZ,1
2021-07-04 08:40:00,AQU-BA-32OZ,1
2021-07-04 18:24:00,AQU-PS-25LB,1
2021-07-04 08:19:00,AQU-CT-11LB,3
2021-07-04 16:02:00,CHL-CT-1LB,2
2021-07-04 13:34:00,AQU-PS-5LB,1
2021-07-04 17:09:00,CHL-CHI-20LB,2
2021-07-04 13:32:00,CHL-PS-17LB,1
2021-07-04 11:09:00,AQU-PS-25LB,1
2021-07-04 08:43:00,BIO-MA-32OZ,2
2021-07-04 14:28:00,AQU-PS-25LB,3
2021-07-04 17:36:00,INT-CT-25LB,1
2021-07-04 16:05:00,CHL-CT-21LB,1
2021-07-04 11:27:00,CHL-CT-21LB,1
2021-07-04 12:50:00,CHL-CT-21LB,1
2021-07-04 14:09:00,BIO-MA-32OZ,1
2021-07-04 10:21:00,AQU-PS-5LB,2
2021-07-04 09:30:00,AQU-PD-5LB,3
2021-07-04 17:47:00,CHL-CT-1LB,1
2021-07-04 08:35:00,CHL-CT-21LB,1
2021-07-04 14:16:00,AQU-PD-5LB,1
2021-07-04 09:25:00,AQU-PS-25LB,1
2021-07-04 16:27:00,CHL-CT-1LB,2
2021-07-04 10:48:00,AQU-CT-11LB,1
2021-07-04 10:30:00,AQU-PS-25LB,1
2021-07-04 16:12:00,CHL-PS-17LB,1
2021-07-05 18:36:00,INT-CT-25LB,2
2021-07-05 11:35:00,INT-MA-1GAL,3
2021-07-05 17:47:00,INT-MA-1GAL,1
2021-07-05 16:15:00,AQU-PS-5LB,1
2021-07-05 11:04:00,AQU-BA-32OZ,4
2021-07-05 12:49:00,AQU-BA-32OZ,1
2021-07-05 14:20:00,INT-MA-1GAL,1
2021-07-05 18:59:00,CHL-PS-1LB,1
2021-07-05 17:05:00,CHL-PS-1LB,1
2021-07-05 09:42:00,INT-LS-1GAL,1
2021-07-05 14:27:00,INT-CT-25LB,3
2021-07-05 13:22:00,INT-BA-32OZ,1
2021-07-05 11:20:00,BIO-MA-32OZ,3
2021-07-05 13:38:00,AQU-PS-5LB,1
2021-07-05 18:01:00,INT-LS-1GAL,1
2021-07-05 12:10:00,INT-BA-32OZ,3
2021-07-05 13:39:00,CHL-PS-17LB,2
2021-07-05 15:39:00,AQU-BA-32OZ,3
2021-07-05 10:28:00,AQU-PS-25LB,3
2021-07-05 08:59:00,INT-LS-1GAL,1
2021-07-05 11:12:00,CHL-PS-1LB,1
2021-07-05 18:23:00,INT-CA-32OZ,1
2021-07-05 10:48:00,AQU-PS-25LB,1
2021-07-05 09:07:00,INT-BA-32OZ,1
2021-07-05 08:15:00,BIO-MA-32OZ,1
2021-07-06 10:55:00,AQU-CT-11LB,1
2021-07-06 12:00:00,INT-LS-1GAL,4
2021-07-06 13:44:00,INT-BA-32OZ,1
2021-07-06 09:19:00,AQU-CT-11LB,3
2021-07-06 15:30:00,INT-LS-1GAL,1
2021-07-06 08:21:00,INT-CA-32OZ,1
2021-07-06 11:47:00,INT-CT-25LB,1
2021-07-06 16:13:00,AQU-PS-5LB,1
2021-07-06 11:34:00,CHL-PS-17LB,1
2021-07-06 16:48:00,CHL-CT-21LB,1
2021-07-06 12:35:00,INT-MA-1GAL,2
2021-07-06 15:39:00,INT-CA-32OZ,1
2021-07-06 10:44:00,AQU-PS-5LB,1
2021-07-06 18:01:00,CHL-PS-17LB,4
2021-07-06 14:37:00,CHL-PS-17LB,1
2021-07-06 18:33:00,CHL-CT-1LB,1
2021-07-06 08:16:00,AQU-PS-5LB,1
2021-07-06 10:03:00,AQU-PS-25LB,3
2021-07-06 12:12:00,CHL-PS-1LB,3
2021-07-06 17:17:00,BIO-MA-32OZ,1
2021-07-06 08:29:00,BIO-MA-32OZ,1
2021-07-06 18:00:00,HTH-S-5LB,1
2021-07-06 09:24:00,INT-LS-1GAL,1
2021-07-06 18:17:00,CHL-PS-1LB,4
2021-07-06 18:54:00,CHL-PS-1LB,1
2021-07-06 18:23:00,AQU-CT-11LB,3
2021-07-06 09:01:00,AQU-PS-25LB,1
2021-07-06 12:55:00,AQU-CT-11LB,2
2021-07-06 18:24:00,CHL-PS-1LB,1
2021-07-06 11:24:00,AQU-PS-25LB,2
2021-07-06 16:45:00,CHL-PS-17LB,1
2021-07-06 09:57:00,AQU-PS-25LB,3
2021-07-06 13:31:00,INT-MA-1GAL,1
2021-07-06 17:34:00,CHL-CT-1LB,1
2021-07-06 09:11:00,CHL-PS-1LB,1
2021-07-06 11:32:00,INT-BA-32OZ,1
2021-07-06 15:35:00,INT-MA-1GAL,1
2021-07-07 08:02:00,INT-BA-32OZ,1
2021-07-07 11:59:00,CHL-CT-21LB,1
2021-07-07 16:19:00,AQU-CT-11LB,1
2021-07-07 13:31:00,INT-CA-32OZ,3
2021-07-07 14:47:00,INT-LS-1GAL,1
2021-07-07 10:01:00,CHL-CT-21LB,1
2021-07-07 13:43:00,CHL-PS-17LB,2
2021-07-07 13:22:00,INT-CHI-7LB,3
2021-07-07 18:19:00,CHL-PS-17LB,3
2021-07-07 11:32:00,INT-CA-32OZ,1
2021-07-07 12:51:00,CHL-CT-21LB,2
2021-07-07 08:40:00,AQU-CT-11LB,1
2021-07-07 12:56:00,CHL-CT-21LB,1
2021-07-07 14:56:00,CHL-PS-17LB,3
2021-07-07 08:35:00,INT-BA-32OZ,1
2021-07-07 12:14:00,AQU-PS-5LB,1
2021-07-07 10:21:00,AQU-PS-5LB,1
2021-07-07 14:42:00,CHL-CT-21LB,1
2021-07-07 10:05:00,INT-CT-25LB,1
2021-07-07 14:33:00,AQU-CT-11LB,1
2021-07-07 18:39:00,AQU-CHI-11LB,1
2021-07-07 18:43:00,INT-BA-32OZ,1
2021-07-07 11:26:00,AQU-PS-5LB,4
2021-07-07 11:36:00,INT-LS-1GAL,1
2021-07-07 10:27:00,INT-BA-32OZ,1
2021-07-07 12:58:00,BIO-MA-32OZ,1
2021-07-07 17:21:00,AQU-PS-25LB,1
2021-07-07 15:34:00,CHL-PS-17LB,3
2021-07-07 10:13:00,INT-BA-32OZ,1
2021-07-07 18:08:00,CHL-PS-1LB,1
2021-07-07 17:34:00,INT-CT-25LB,1
2021-07-08 11:55:00,INT-BA-32OZ,4
2021-07-08 10:19:00,CHL-PS-17LB,1
2021-07-08 16:58:00,AQU-CT-11LB,1
2021-07-08 10:27:00,AQU-PS-25LB,2
2021-07-08 10:41:00,AQU-CT-11LB,1
2021-07-08 17:58:00,INT-LS-1GAL,1
2021-07-08 10:20:00,AQU-PS-5LB,2
2021-07-08 09:35:00,CHL-PS-17LB,1
2021-07-08 16:46:00,CHL-CT-1LB,1
2021-07-08 09:11:00,AQU-CT-11LB,1
2021-07-08 13:53:00,AQU-PS-5LB,1
2021-07-08 10:46:00,INT-BA-32OZ,1
2021-07-08 08:48:00,INT-LS-1GAL,1
2021-07-08 13:56:00,CHL-PS-17LB,1
2021-07-08 14:26:00,CHL-PS-1LB,3
2021-07-08 12:28:00,CHL-PS-17LB,1
2021-07-08 18:59:00,AQU-PS-25LB,1
2021-07-08 12:09:00,INT-BA-32OZ,1
2021-07-08 11:06:00,AQU-PS-5LB,1
2021-07-08 10:11:00,INT-LS-1GAL,2
2021-07-08 08:48:00,CHL-CT-21LB,1
2021-07-08 17:39:00,INT-BA-32OZ,1
2021-07-08 12:38:00,CHL-CT-21LB,1
2021-07-08 17:39:00,AQU-PS-25LB,1
2021-07-08 11:38:00,AQU-BA-32OZ,4
2021-07-08 11:14:00,INT-CT-25LB,1
2021-07-08 18:01:00,AQU-PS-25LB,1
2021-07-08 13:05:00,AQU-CT-11LB,1
2021-07-08 15:08:00,AQU-BA-32OZ,1
2021-07-08 16:54:00,CHL-CT-1LB,1
2021-07-09 18:23:00,BIO-MA-32OZ,1
2021-07-09 10:54:00,INT-CT-25LB,1
2021-07-09 14:31:00,BIO-MA-32OZ,1
2021-07-09 15:08:00,AQU-BA-32OZ,1
2021-07-09 10:12:00,CHL-CT-1LB,1
2021-07-09 11:02:00,INT-BA-32OZ,1
2021-07-09 14:48:00,AQU-BA-32OZ,1
2021-07-09 08:59:00,INT-LS-1GAL,1
2021-07-09 12:26:00,AQU-CT-11LB,1
2021-07-09 11:47:00,CHL-CT-1LB,1
2021-07-09 18:12:00,CHL-CT-1LB,4
2021-07-09 11:04:00,INT-CT-25LB,2
2021-07-09 10:59:00,AQU-PS-5LB,1
2021-07-09 15:55:00,INT-LS-1GAL,1
2021-07-09 17:31:00,AQU-BA-32OZ,1
2021-07-09 13:55:00,AQU-PS-5LB,3
2021-07-09 15:56:00,AQU-PS-25LB,1
2021-07-09 11:27:00,CHL-CT-21LB,2
2021-07-09 14:49:00,AQU-PS-5LB,1
2021-07-09 08:38:00,CHL-CT-21LB,3
2021-07-09 14:46:00,CHL-CT-1LB,1
2021-07-09 13:25:00,INT-CT-25LB,3
2021-07-09 17:47:00,BIO-MA-32OZ,4
2021-07-09 17:38:00,CHL-PS-1LB,1
2021-07-09 16:33:00,INT-CT-25LB,2
2021-07-09 18:56:00,INT-LS-1GAL,1
2021-07-09 08:33:00,BIO-MA-32OZ,1
2021-07-09 09:28:00,CHL-CT-1LB,1
2021-07-09 15:52:00,CHL-CT-21LB,2
2021-07-09 08:56:00,CHL-CT-1LB,1
2021-07-09 11:33:00,INT-CT-25LB,1
2021-07-09 16:25:00,INT-BA-32OZ,1
2021-07-09 08:35:00,AQU-PS-5LB,1
2021-07-09 14:33:00,AQU-PS-25LB,1
2021-07-10 08:12:00,BIO-MA-32OZ,1
2021-07-10 12:28:00,CHL-CT-1LB,1
2021-07-10 14:56:00,CHL-PS-17LB,1
2021-07-10 12:49:00,INT-CT-25LB,4
2021-07-10 12:29:00,CHL-PS-17LB,1
2021-07-10 10:27:00,BIO-MA-32OZ,1
2021-07-10 12:39:00,BIO-MA-32OZ,2
2021-07-10 08:44:00,INT-MA-1GAL,1
2021-07-10 16:57:00,INT-BA-32OZ,1
2021-07-10 10:29:00,INT-CT-25LB,1
2021-07-10 18:28:00,CHL-PS-17LB,1
2021-07-10 09:46:00,CHL-CT-21LB,2
2021-07-10 16:07:00,INT-CA-32OZ,1
2021-07-10 10:49:00,AQU-PS-5LB,2
2021-07-10 17:57:00,CHL-CT-21LB,3
2021-07-10 16:08:00,CHL-PU-2LB,1
2021-07-10 14:26:00,BIO-MA-32OZ,1
2021-07-10 13:28:00,CHL-CT-1LB,1
2021-07-10 08:11:00,CHL-PS-17LB,2
2021-07-10 15:37:00,CHL-PS-1LB,1
2021-07-10 11:56:00,INT-CT-25LB,2
2021-07-10 15:05:00,CHL-PU-2LB,2
2021-07-10 12:20:00,INT-BA-32OZ,1
2021-07-10 18:58:00,CHL-PS-1LB,1
2021-07-10 10:45:00,CHL-CT-21LB,1
2021-07-10 09:05:00,CHL-CT-1LB,2
2021-07-10 09:45:00,CHL-CT-21LB,1
2021-07-10 15:40:00,CHL-PS-17LB,2
2021-07-10 13:05:00,INT-CA-32OZ,3
2021-07-10 16:45:00,AQU-PS-5LB,4
2021-07-10 14:46:00,CHL-PS-17LB,1
2021-07-10 16:39:00,HTH-F-2LB,1
2021-07-10 10:24:00,INT-BA-32OZ,1
2021-07-10 16:24:00,INT-CT-25LB,3
2021-07-10 08:49:00,INT-LS-1GAL,1
2021-07-10 10:58:00,CHL-PS-17LB,1
2021-07-10 13:36:00,INT-LS-1GAL,1
2021-07-10 18:55:00,INT-LS-1GAL,1
2021-07-10 10:10:00,AQU-BA-32OZ,1
2021-07-10 10:11:00,AQU-PS-25LB,1
2021-07-10 08:26:00,INT-LS-1GAL,2
2021-07-10 12:19:00,INT-AI-5LB,1
2021-07-10 15:18:00,AQU-BA-32OZ,1
2021-07-11 09:57:00,CHL-PS-17LB,1
2021-07-11 10:12:00,CHL-CT-21LB,1
2021-07-11 08:39:00,AQU-BA-32OZ,1
2021-07-11 12:00:00,AQU-BA-32OZ,2
2021-07-11 15:31:00,AQU-CT-11LB,1
2021-07-11 15:34:00,INT-LS-1GAL,4
2021-07-11 08:38:00,INT-BA-32OZ,1
2021-07-11 15:15:00,INT-LS-1GAL,1
2021-07-11 11:37:00,CHL-PS-1LB,1
2021-07-11 18:30:00,AQU-CT-11LB,1
2021-07-11 15:26:00,AQU-CT-11LB,1
2021-07-11 15:05:00,CHL-PS-17LB,1
2021-07-11 17:38:00,CHL-CT-21LB,1
2021-07-11 08:15:00,INT-LS-1GAL,1
2021-07-11 16:17:00,AQU-PS-5LB,1
2021-07-11 17:40:00,AQU-PS-5LB,2
2021-07-11 16:52:00,INT-CA-32OZ,2
2021-07-11 11:03:00,INT-CA-32OZ,1
2021-07-11 10:09:00,AQU-CT-11LB,1
2021-07-11 08:41:00,CHL-PS-1LB,1
2021-07-11 13:02:00,BIO-MA-32OZ,1
2021-07-11 10:54:00,CHL-CT-1LB,1
2021-07-11 08:42:00,INT-BA-32OZ,1
2021-07-11 17:53:00,AQU-BA-32OZ,1
2021-07-11 17:19:00,INT-CA-32OZ,1
2021-07-11 13:58:00,AQU-BA-32OZ,1
2021-07-11 09:03:00,CHL-CT-21LB,1
2021-07-11 09:26:00,INT-CA-32OZ,4
2021-07-11 10:10:00,AQU-PS-5LB,1
2021-07-11 18:18:00,INT-MA-1GAL,1
2021-07-11 17:42:00,INT-CT-25LB,1
2021-07-11 17:36:00,AQU-PS-5LB,2
2021-07-11 16:11:00,INT-CA-32OZ,1
2021-07-11 15:47:00,INT-LS-1GAL,2
2021-07-11 17:23:00,AQU-PS-5LB,3
2021-07-11 08:05:00,AQU-PS-25LB,1
2021-07-11 12:20:00,INT-MA-1GAL,1
2021-07-11 13:57:00,CHL-CT-1LB,1
2021-07-11 14:52:00,INT-LS-1GAL,1
2021-07-11 09:48:00,HTH-F-2LB,2
2021-07-11 14:53:00,INT-BA-32OZ,1
2021-07-11 16:04:00,CHL-PS-1LB,1
2021-07-11 12:30:00,CHL-CT-21LB,2
2021-07-11 10:07:00,CHL-CT-21LB,2
2021-07-11 12:21:00,CHL-PS-1LB,1
2021-07-12 16:13:00,AQU-PS-5LB,4
2021-07-12 11:39:00,AQU-PS-25LB,3
2021-07-12 08:06:00,AQU-CT-11LB,4
2021-07-12 17:46:00,CHL-CT-21LB,3
2021-07-12 18:33:00,CHL-PS-1LB,2
2021-07-12 09:30:00,AQU-BA-32OZ,1
2021-07-12 17:59:00,AQU-PS-5LB,1
2021-07-12 12:27:00,AQU-PD-5LB,1
2021-07-12 17:54:00,CHL-CT-21LB,1
2021-07-12 13:16:00,CHL-PS-1LB,2
2021-07-12 16:36:00,AQU-PS-5LB,1
2021-07-12 17:22:00,AQU-BA-32OZ,1
2021-07-12 10:39:00,INT-BA-32OZ,1
2021-07-12 17:31:00,INT-CT-25LB,1
2021-07-12 16:46:00,INT-CA-32OZ,1
2021-07-12 18:31:00,AQU-CT-11LB,1
2021-07-12 15:51:00,CHL-PS-17LB,2
2021-07-12 10:56:00,INT-LS-1GAL,1
2021-07-12 17:14:00,CHL-PS-17LB,1
2021-07-12 12:12:00,AQU-PS-5LB,1
2021-07-12 08:07:00,AQU-PS-25LB,2
2021-07-12 08:29:00,AQU-PS-25LB,3
2021-07-12 18:50:00,AQU-BA-32OZ,1
2021-07-12 09:47:00,INT-CT-25LB,1
2021-07-12 11:51:00,CHL-CT-1LB,2
2021-07-12 17:26:00,INT-BA-32OZ,1
2021-07-12 14:02:00,INT-LS-1GAL,1
2021-07-12 13:22:00,AQU-PS-5LB,2
2021-07-12 16:51:00,CHL-CT-21LB,2
2021-07-12 18:13:00,AQU-PS-25LB,1
2021-07-12 08:40:00,INT-LS-1GAL,1
2021-07-12 11:44:00,INT-LS-1GAL,2
2021-07-12 12:16:00,AQU-BA-32OZ,1
2021-07-12 09:19:00,AQU-CT-11LB,1
2021-07-12 12:32:00,AQU-BA-32OZ,1
2021-07-12 16:20:00,INT-MA-1GAL,1
2021-07-13 09:43:00,INT-LS-1GAL,3
2021-07-13 13:21:00,CHL-PS-1LB,1
2021-07-13 14:46:00,CHL-CT-21LB,1
2021-07-13 17:39:00,AQU-CT-11LB,1
2021-07-13 08:53:00,INT-CA-32OZ,1
2021-07-13 10:12:00,INT-MA-1GAL,1
2021-07-13 13:53:00,AQU-PS-25LB,1
2021-07-13 13:59:00,CHL-PS-1LB,1
2021-07-13 18:30:00,AQU-CHI-11LB,1
2021-07-13 15:51:00,AQU-PS-5LB,1
2021-07-13 08:41:00,INT-CA-32OZ,3
2021-07-13 10:30:00,AQU-PS-25LB,1
2021-07-13 10:40:00,AQU-PS-25LB,1
2021-07-13 15:57:00,AQU-PS-5LB,1
2021-07-13 16:57:00,AQU-PS-25LB,1
2021-07-13 13:29:00,AQU-PS-25LB,3
2021-07-13 14:59:00,AQU-BA-32OZ,1
2021-07-13 08:53:00,CHL-CT-1LB,1
2021-07-13 16:19:00,CHL-CT-1LB,2
2021-07-13 17:46:00,AQU-CT-11LB,3
2021-07-13 18:20:00,INT-MA-1GAL,1
2021-07-13 16:34:00,CHL-CT-21LB,1
2021-07-13 08:13:00,CHL-PS-17LB,1
2021-07-13 17:43:00,CHL-PS-17LB,3
2021-07-13 13:51:00,CHL-PS-17LB,1
2021-07-13 13:04:00,INT-CT-25LB,1
2021-07-13 10:17:00,CHL-CT-1LB,3
2021-07-13 08:21:00,INT-CT-25LB,1
2021-07-14 18:34:00,BIO-MA-32OZ,1
2021-07-14 10:36:00,BIO-MA-32OZ,1
2021-07-14 17:24:00,AQU-PS-5LB,1
2021-07-14 10:38:00,INT-LS-1GAL,1
2021-07-14 09:55:00,BIO-MA-32OZ,1
2021-07-14 12:45:00,CHL-CT-21LB,1
2021-07-14 13:45:00,CHL-CT-1LB,1
2021-07-14 08:17:00,AQU-PS-5LB,1
2021-07-14 14:05:00,CHL-PS-1LB,1
2021-07-14 15:56:00,CHL-PS-1LB,1
2021-07-14 11:23:00,INT-LS-1GAL,4
2021-07-14 15:53:00,CHL-PS-17LB,1
2021-07-14 12:13:00,CHL-CT-1LB,1
2021-07-14 16:19:00,BIO-MA-32OZ,1
2021-07-14 10:07:00,INT-MA-1GAL,3
2021-07-14 13:50:00,CHL-CT-21LB,1
2021-07-14 08:49:00,INT-BA-32OZ,1
2021-07-14 11:58:00,INT-BA-32OZ,1
2021-07-14 09:28:00,CHL-PS-1LB,1
2021-07-14 16:01:00,CHL-CT-21LB,3
2021-07-14 15:57:00,AQU-PS-5LB,2
2021-07-14 16:09:00,CHL-PS-17LB,1
2021-07-14 11:21:00,INT-LS-1GAL,1
2021-07-14 15:46:00,CHL-PS-17LB,1
2021-07-14 16:19:00,BIO-MA-32OZ,1
2021-07-14 13:09:00,AQU-CT-11LB,2
2021-07-14 09:52:00,INT-CA-32OZ,1
2021-07-14 16:43:00,AQU-PS-25LB,3
2021-07-14 10:13:00,INT-CT-25LB,1
2021-07-14 08:29:00,AQU-PS-25LB,2
2021-07-14 14:45:00,CHL-PS-1LB,4
2021-07-14 16:07:00,AQU-PS-5LB,2
2021-07-14 08:19:00,CHL-CT-1LB,1
2021-07-14 08:43:00,AQU-BA-32OZ,1
2021-07-14 17:55:00,CHL-CT-21LB,1
2021-07-14 09:21:00,CHL-PS-1LB,1
2021-07-14 15:56:00,INT-BA-32OZ,1
2021-07-14 08:06:00,AQU-PS-5LB,1
2021-07-14 16:49:00,INT-BA-32OZ,2
2021-07-14 18:47:00,CHL-PS-17LB,1
2021-07-15 17:48:00,INT-MA-1GAL,1
2021-07-15 12:40:00,AQU-BA-32OZ,3
2021-07-15 11:20:00,INT-CA-32OZ,1
2021-07-15 11:12:00,BIO-MA-32OZ,2
2021-07-15 12:17:00,INT-CT-25LB,1
2021-07-15 16:20:00,AQU-PS-25LB,1
2021-07-15 15:42:00,CHL-CT-21LB,1
2021-07-15 09:17:00,CHL-CT-1LB,1
2021-07-15 10:10:00,CHL-CT-1LB,1
2021-07-15 12:07:00,AQU-BA-32OZ,1
2021-07-15 08:39:00,CHL-CT-1LB,1
2021-07-15 16:32:00,INT-CT-25LB,2
2021-07-15 09:13:00,AQU-PD-5LB,1
2021-07-15 16:22:00,INT-MA-1GAL,1
2021-07-15 16:20:00,INT-CT-25LB,1
2021-07-15 12:09:00,AQU-BA-32OZ,1
2021-07-15 12:36:00,INT-BA-32OZ,2
2021-07-15 11:10:00,CHL-PS-17LB,1
2021-07-15 09:19:00,AQU-BA-32OZ,1
2021-07-15 17:57:00,AQU-PS-5LB,1
2021-07-15 13:34:00,INT-CT-25LB,1
2021-07-15 15:03:00,AQU-PS-25LB,1
2021-07-15 10:01:00,CHL-CT-1LB,3
2021-07-15 15:57:00,INT-CHI-7LB,1
2021-07-15 18:03:00,CHL-PS-17LB,3
2021-07-15 09:24:00,CHL-CT-21LB,1
2021-07-15 08:05:00,BIO-PU-5LB,2
2021-07-15 14:25:00,INT-CA-32OZ,2
2021-07-15 10:45:00,CHL-PS-17LB,1
2021-07-15 17:57:00,INT-BA-32OZ,1
2021-07-15 17:40:00,AQU-CT-11LB,2
2021-07-15 15:39:00,BIO-MA-32OZ,1
2021-07-16 13:52:00,INT-BA-32OZ,1
2021-07-16 11:45:00,AQU-PS-25LB,1
2021-07-16 18:51:00,AQU-PS-5LB,1
2021-07-16 16:05:00,CHL-PS-17LB,1
2021-07-16 15:36:00,AQU-BA-32OZ,1
2021-07-16 10:05:00,INT-CA-32OZ,1
2021-07-16 15:06:00,AQU-PS-5LB,3
2021-07-16 15:19:00,INT-CT-25LB,1
2021-07-16 18:41:00,INT-CA-32OZ,1
2021-07-16 15:30:00,INT-BA-32OZ,1
2021-07-16 11:14:00,BIO-MA-32OZ,1
2021-07-16 10:55:00,INT-BA-32OZ,1
2021-07-16 17:16:00,INT-BA-32OZ,2
2021-07-16 13:25:00,AQU-CT-11LB,1
2021-07-16 10:44:00,AQU-CT-11LB,3
2021-07-16 18:21:00,CHL-CT-21LB,2
2021-07-16 13:29:00,BIO-MA-32OZ,1
2021-07-16 15:01:00,AQU-PS-25LB,1
2021-07-16 09:30:00,BIO-MA-32OZ,1
2021-07-16 09:22:00,CHL-CT-21LB,2
2021-07-16 15:29:00,CHL-CT-1LB,1
2021-07-16 10:18:00,AQU-PS-25LB,1
2021-07-16 13:38:00,BIO-MA-32OZ,1
2021-07-16 17:08:00,AQU-PS-25LB,3
2021-07-16 16:06:00,INT-LS-1GAL,4
2021-07-16 14:52:00,INT-AI-25LB,1
2021-07-16 09:20:00,CHL-PS-1LB,2
2021-07-16 16:41:00,AQU-CT-11LB,1
2021-07-16 09:50:00,INT-CA-32OZ,1
2021-07-16 12:34:00,AQU-BA-32OZ,1
2021-07-16 15:25:00,AQU-PS-5LB,1
2021-07-16 17:26:00,CHL-S-1LB,1
2021-07-16 11:39:00,BIO-MA-32OZ,1
2021-07-16 11:35:00,INT-LS-1GAL,1
2021-07-16 10:30:00,AQU-CT-11LB,1
2021-07-16 14:04:00,INT-CT-25LB,1
2021-07-16 13:13:00,INT-MA-1GAL,1
2021-07-16 17:27:00,HTH-S-5LB,1
2021-07-16 14:36:00,AQU-CT-11LB,1
2021-07-16 13:34:00,AQU-CT-11LB,1
2021-07-16 11:11:00,AQU-CT-11LB,1
2021-07-17 09:47:00,INT-CA-32OZ,1
2021-07-17 17:53:00,BIO-MA-32OZ,1
2021-07-17 15:07:00,INT-CT-25LB,1
2021-07-17 17:38:00,CHL-CT-1LB,1
2021-07-17 15:20:00,INT-LS-1GAL,1
2021-07-17 16:06:00,AQU-PS-25LB,1
2021-07-17 15:11:00,INT-BA-32OZ,1
2021-07-17 12:25:00,INT-MA-1GAL,2
2021-07-17 09:38:00,CHL-PS-1LB,3
2021-07-17 09:43:00,AQU-BA-32OZ,1
2021-07-17 17:49:00,INT-CT-25LB,4
2021-07-17 14:20:00,CHL-CT-21LB,3
2021-07-17 15:41:00,AQU-PS-5LB,1
2021-07-17 18:03:00,AQU-CT-11LB,1
2021-07-17 09:13:00,BIO-MA-32OZ,4
2021-07-17 10:56:00,CHL-CT-1LB,1
2021-07-17 17:57:00,BIO-MA-32OZ,1
2021-07-17 18:51:00,CHL-PS-17LB,1
2021-07-17 08:48:00,INT-CA-32OZ,2
2021-07-17 10:42:00,CHL-CT-21LB,1
2021-07-17 10:28:00,HTH-AI-11LB,1
2021-07-17 16:18:00,CHL-CT-1LB,1
2021-07-17 14:39:00,INT-CA-32OZ,1
2021-07-17 17:28:00,CHL-PS-17LB,1
2021-07-17 11:13:00,INT-LS-1GAL,1
2021-07-17 18:56:00,AQU-PS-5LB,1
2021-07-17 13:19:00,INT-LS-1GAL,1
2021-07-17 17:50:00,AQU-PS-5LB,3
2021-07-17 18:19:00,AQU-BA-32OZ,1
2021-07-17 14:45:00,BIO-MA-32OZ,1
2021-07-17 13:05:00,INT-AI-5LB,1
2021-07-17 17:00:00,INT-BA-32OZ,1
2021-07-17 17:32:00,CHL-CT-1LB,4
2021-07-17 14:54:00,CHL-CT-21LB,1
2021-07-17 10:54:00,AQU-PS-5LB,2
2021-07-17 12:03:00,INT-BA-32OZ,1
2021-07-17 13:57:00,INT-MA-1GAL,1
2021-07-17 16:03:00,INT-LS-1GAL,3
2021-07-17 08:45:00,INT-LS-1GAL,1
2021-07-17 16:52:00,CHL-CT-21LB,2
2021-07-17 13:07:00,AQU-PS-5LB,3
2021-07-17 12:55:00,BIO-MA-32OZ,1
2021-07-18 14:44:00,CHL-CT-1LB,2
2021-07-18 17:25:00,HTH-S-5LB,1
2021-07-18 18:20:00,CHL-CT-1LB,1
2021-07-18 14:25:00,CHL-CT-1LB,1
2021-07-18 14:27:00,CHL-PS-1LB,1
2021-07-18 16:13:00,AQU-CT-11LB,1
2021-07-18 18:11:00,BIO-MA-32OZ,2
2021-07-18 15:08:00,AQU-CT-11LB,1
2021-07-18 11:35:00,INT-BA-32OZ,1
2021-07-18 14:53:00,AQU-PS-25LB,2
2021-07-18 13:53:00,CHL-PS-1LB,1
2021-07-18 14:09:00,CHL-PS-1LB,1
2021-07-18 12:55:00,CHL-PS-1LB,4
2021-07-18 18:08:00,INT-LS-1GAL,1
2021-07-18 10:00:00,AQU-PS-25LB,3
2021-07-18 09:41:00,CHL-CT-21LB,1
2021-07-18 08:09:00,AQU-BA-32OZ,1
2021-07-18 15:42:00,INT-LS-1GAL,1
2021-07-18 14:08:00,CHL-CT-1LB,1
2021-07-18 09:08:00,INT-BA-32OZ,1
2021-07-18 18:51:00,INT-CT-25LB,1
2021-07-18 14:55:00,CHL-PS-17LB,1
2021-07-18 15:57:00,INT-MA-1GAL,1
2021-07-18 17:59:00,INT-BA-32OZ,1
2021-07-18 14:39:00,AQU-PS-5LB,1
2021-07-18 10:29:00,INT-LS-1GAL,1
2021-07-18 16:27:00,CHL-PS-17LB,2
2021-07-18 16:52:00,CHL-PS-1LB,1
2021-07-18 15:24:00,CHL-CT-1LB,1
2021-07-18 13:14:00,CHL-CT-21LB,1
2021-07-19 17:00:00,INT-LS-1GAL,2
2021-07-19 17:31:00,AQU-BA-32OZ,1
2021-07-19 11:45:00,AQU-PS-5LB,3
2021-07-19 16:17:00,INT-LS-1GAL,1
2021-07-19 14:59:00,CHL-CT-1LB,1
2021-07-19 16:36:00,INT-CT-25LB,1
2021-07-19 13:02:00,CHL-PS-17LB,1
2021-07-19 08:36:00,BIO-MA-32OZ,1
2021-07-19 15:45:00,AQU-PS-5LB,1
2021-07-19 13:07:00,INT-BA-32OZ,2
2021-07-19 17:30:00,INT-CT-25LB,1
2021-07-19 09:09:00,INT-CA-32OZ,1
2021-07-19 16:54:00,CHL-PS-1LB,1
2021-07-19 12:29:00,INT-LS-1GAL,1
2021-07-19 16:05:00,AQU-PS-25LB,1
2021-07-19 16:56:00,AQU-BA-32OZ,2
2021-07-19 17:05:00,BIO-PU-5LB,4
2021-07-19 11:30:00,CHL-PS-1LB,1
2021-07-19 18:47:00,CHL-CT-1LB,3
2021-07-19 18:42:00,AQU-PS-25LB,4
2021-07-19 09:43:00,INT-CT-25LB,2
2021-07-19 18:34:00,AQU-PS-5LB,1
2021-07-19 17:19:00,INT-CA-32OZ,1
2021-07-19 17:03:00,BIO-MA-32OZ,1
2021-07-19 13:34:00,INT-BA-32OZ,1
2021-07-19 08:30:00,INT-CT-25LB,1
2021-07-19 15:32:00,INT-LS-1GAL,1
2021-07-19 15:36:00,CHL-PS-1LB,1
2021-07-19 13:26:00,CHL-CT-21LB,2
2021-07-19 13:51:00,CHL-CT-21LB,1
2021-07-19 12:18:00,CHL-CT-1LB,1
2021-07-19 10:02:00,INT-LS-1GAL,4
2021-07-19 17:47:00,AQU-BA-32OZ,1
2021-07-19 12:46:00,INT-CT-25LB,2
2021-07-19 17:16:00,AQU-CT-11LB,1
2021-07-19 08:40:00,AQU-PS-5LB,1
2021-07-19 15:37:00,INT-AI-5LB,1
2021-07-19 10:36:00,AQU-PS-5LB,1
2021-07-19 08:42:00,INT-CA-32OZ,2
2021-07-19 12:51:00,INT-CT-25LB,1
2021-07-19 17:01:00,CHL-PS-1LB,2
2021-07-19 12:31:00,BIO-MA-32OZ,1
2021-07-19 09:08:00,INT-CA-32OZ,1
2021-07-19 16:04:00,CHL-PS-1LB,1
2021-07-19 12:16:00,CHL-PS-17LB,1
2021-07-19 10:39:00,CHL-CT-1LB,1
2021-07-20 12:00:00,CHL-PS-1LB,1
2021-07-20 09:38:00,CHL-CT-1LB,1
2021-07-20 10:58:00,AQU-BA-32OZ,2
2021-07-20 17:47:00,AQU-BA-32OZ,1
2021-07-20 10:42:00,AQU-PS-5LB,1
2021-07-20 15:23:00,CHL-PS-17LB,1
2021-07-20 10:16:00,CHL-PS-1LB,2
2021-07-20 11:31:00,AQU-PS-5LB,3
2021-07-20 10:51:00,AQU-BA-32OZ,1
2021-07-20 16:55:00,INT-CA-32OZ,1
2021-07-20 08:21:00,BIO-MA-32OZ,1
2021-07-20 09:09:00,BIO-MA-32OZ,1
2021-07-20 17:59:00,INT-MA-1GAL,1
2021-07-20 10:53:00,AQU-CT-11LB,2
2021-07-20 15:48:00,BIO-MA-32OZ,1
2021-07-20 14:49:00,CHL-PS-17LB,1
2021-07-20 14:15:00,INT-AI-5LB,2
2021-07-20 18:28:00,BIO-MA-32OZ,1
2021-07-20 18:10:00,AQU-CT-11LB,1
2021-07-20 11:36:00,BIO-MA-32OZ,1
2021-07-20 13:03:00,AQU-BA-32OZ,1
2021-07-20 18:16:00,CHL-PS-17LB,1
2021-07-20 09:03:00,INT-LS-1GAL,1
2021-07-20 10:29:00,CHL-PS-1LB,1
2021-07-20 14:30:00,BIO-MA-32OZ,1
2021-07-21 16:14:00,AQU-PS-25LB,1
2021-07-21 14:43:00,CHL-CT-21LB,2
2021-07-21 14:30:00,AQU-CT-11LB,2
2021-07-21 12:09:00,INT-CT-25LB,1
2021-07-21 16:55:00,CHL-PS-17LB,1
2021-07-21 14:00:00,CHL-CT-1LB,2
2021-07-21 12:59:00,INT-CT-25LB,1
2021-07-21 15:24:00,CHL-PS-17LB,1
2021-07-21 18:20:00,INT-CT-25LB,1
2021-07-21 16:43:00,CHL-CT-21LB,1
2021-07-21 08:06:00,INT-BA-32OZ,3
2021-07-21 16:40:00,AQU-PS-25LB,1
2021-07-21 13:54:00,HTH-AI-11LB,1
2021-07-21 14:39:00,INT-CT-25LB,1
2021-07-21 18:54:00,INT-CT-25LB,1
2021-07-21 12:21:00,CHL-S-1LB,2
2021-07-21 12:17:00,BIO-MA-32OZ,2
2021-07-21 09:16:00,INT-CT-25LB,1
2021-07-21 18:37:00,AQU-BA-32OZ,4
2021-07-21 14:29:00,CHL-CT-21LB,3
2021-07-21 18:47:00,INT-CT-25LB,1
2021-07-21 11:46:00,AQU-CT-11LB,1
2021-07-21 18:37:00,CHL-PS-1LB,1
2021-07-21 11:33:00,CHL-CT-21LB,1
2021-07-21 13:43:00,AQU-CT-11LB,4
2021-07-21 10:20:00,INT-LS-1GAL,1
2021-07-21 16:00:00,AQU-PS-5LB,1
2021-07-21 18:00:00,BIO-MA-32OZ,1
2021-07-21 09:00:00,INT-CA-32OZ,1
2021-07-21 14:06:00,INT-CT-25LB,1
2021-07-21 16:06:00,AQU-PS-25LB,1
2021-07-21 18:28:00,AQU-PS-5LB,1
2021-07-21 13:14:00,AQU-PS-5LB,4
2021-07-21 12:16:00,INT-LS-1GAL,1
2021-07-21 11:02:00,CHL-PS-17LB,1
2021-07-21 08:39:00,CHL-PS-1LB,3
2021-07-22 17:42:00,INT-BA-32OZ,1
2021-07-22 11:38:00,AQU-PS-25LB,1
2021-07-22 18:07:00,INT-BA-32OZ,1
2021-07-22 09:05:00,CHL-PS-17LB,1
2021-07-22 17:08:00,INT-CT-25LB,3
2021-07-22 14:42:00,AQU-PS-5LB,2
2021-07-22 18:36:00,INT-BA-32OZ,1
2021-07-22 10:57:00,INT-BA-32OZ,1
2021-07-22 09:44:00,INT-MA-1GAL,1
2021-07-22 10:16:00,INT-BA-32OZ,1
2021-07-22 12:29:00,INT-MA-1GAL,1
2021-07-22 18:59:00,CHL-S-1LB,3
2021-07-22 09:40:00,AQU-PS-25LB,2
2021-07-22 15:59:00,HTH-F-2LB,1
2021-07-22 12:49:00,AQU-CT-11LB,1
2021-07-22 14:44:00,INT-LS-1GAL,1
2021-07-22 18:49:00,AQU-PS-25LB,1
2021-07-22 13:16:00,AQU-CT-11LB,1
2021-07-22 10:49:00,AQU-BA-32OZ,2
2021-07-22 09:17:00,AQU-PS-5LB,1
2021-07-22 08:24:00,INT-BA-32OZ,4
2021-07-22 14:21:00,CHL-PS-1LB,1
2021-07-22 08:16:00,BIO-PD-2LB,3
2021-07-22 12:11:00,INT-CA-32OZ,2
2021-07-22 15:04:00,AQU-PS-5LB,1
2021-07-22 15:59:00,AQU-PS-25LB,1
2021-07-22 11:39:00,BIO-MA-32OZ,1
2021-07-22 14:11:00,AQU-CT-11LB,3
2021-07-22 18:31:00,CHL-PS-17LB,4
2021-07-22 09:09:00,CHL-CHI-20LB,1
2021-07-22 16:49:00,CHL-PS-17LB,1
2021-07-22 14:13:00,AQU-CT-11LB,1
2021-07-22 17:41:00,AQU-PS-25LB,4
2021-07-23 15:45:00,CHL-PS-17LB,2
2021-07-23 12:06:00,CHL-PS-1LB,1
2021-07-23 08:04:00,CHL-PU-2LB,1
2021-07-23 09:36:00,CHL-PS-17LB,1
2021-07-23 12:49:00,INT-CA-32OZ,1
2021-07-23 15:01:00,INT-LS-1GAL,1
2021-07-23 15:09:00,INT-MA-1GAL,3
2021-07-23 18:40:00,AQU-CT-11LB,2
2021-07-23 08:59:00,AQU-CT-11LB,1
2021-07-23 08:42:00,CHL-PS-17LB,1
2021-07-23 14:17:00,CHL-CT-21LB,1
2021-07-23 10:44:00,AQU-CT-11LB,2
2021-07-23 13:57:00,INT-BA-32OZ,1
2021-07-23 14:36:00,AQU-BA-32OZ,1
2021-07-23 08:32:00,CHL-CT-21LB,2
2021-07-23 15:30:00,CHL-CT-21LB,1
2021-07-23 14:25:00,AQU-PS-5LB,3
2021-07-23 09:34:00,AQU-CT-11LB,3
2021-07-23 11:00:00,INT-CT-25LB,1
2021-07-23 14:44:00,BIO-MA-32OZ,1
2021-07-23 15:07:00,CHL-CT-1LB,1
2021-07-23 17:34:00,BIO-MA-32OZ,1
2021-07-23 13:21:00,CHL-CT-1LB,1
2021-07-23 18:19:00,AQU-BA-32OZ,1
2021-07-23 14:03:00,INT-BA-32OZ,1
2021-07-23 18:41:00,CHL-CT-1LB,1
2021-07-23 09:23:00,CHL-PS-1LB,1
2021-07-23 16:54:00,INT-CA-32OZ,2
2021-07-23 13:05:00,CHL-PS-17LB,3
2021-07-23 15:48:00,INT-BA-32OZ,3
2021-07-23 12:41:00,AQU-CT-11LB,1
2021-07-23 11:11:00,CHL-PU-2LB,3
2021-07-23 16:02:00,AQU-CT-11LB,1
2021-07-23 14:42:00,CHL-CT-1LB,1
2021-07-23 11:19:00,INT-LS-1GAL,1
2021-07-23 14:57:00,AQU-BA-32OZ,1
2021-07-24 13:31:00,INT-LS-1GAL,1
2021-07-24 09:56:00,AQU-PS-25LB,2
2021-07-24 18:28:00,AQU-BA-32OZ,1
2021-07-24 11:08:00,AQU-CT-11LB,1
2021-07-24 08:12:00,AQU-BA-32OZ,2
2021-07-24 08:46:00,CHL-CT-21LB,1
2021-07-24 17:15:00,AQU-BA-32OZ,1
2021-07-24 15:24:00,CHL-CT-1LB,3
2021-07-24 09:50:00,INT-CA-32OZ,1
2021-07-24 16:41:00,CHL-CT-21LB,1
2021-07-24 12:31:00,CHL-CT-21LB,1
2021-07-24 16:53:00,CHL-CT-1LB,2
2021-07-24 15:01:00,AQU-BA-32OZ,1
2021-07-24 08:21:00,AQU-CT-11LB,1
2021-07-24 08:21:00,INT-BA-32OZ,1
2021-07-24 08:25:00,INT-BA-32OZ,3
2021-07-24 09:13:00,CHL-CT-1LB,3
2021-07-24 18:42:00,CHL-CHI-20LB,1
2021-07-24 16:29:00,AQU-PS-25LB,4
2021-07-24 18:55:00,CHL-S-1LB,1
2021-07-24 16:09:00,CHL-PS-1LB,1
2021-07-24 17:14:00,HTH-F-2LB,1
2021-07-24 09:02:00,CHL-CT-21LB,2
2021-07-24 10:31:00,CHL-PS-1LB,1
2021-07-24 18:01:00,AQU-PS-25LB,3
2021-07-24 15:58:00,INT-LS-1GAL,1
2021-07-24 17:02:00,INT-BA-32OZ,1
2021-07-24 11:44:00,CHL-PS-1LB,1
2021-07-24 18:08:00,INT-LS-1GAL,2
2021-07-24 08:11:00,BIO-MA-32OZ,1
2021-07-25 12:52:00,INT-CT-25LB,1
2021-07-25 09:29:00,BIO-MA-32OZ,1
2021-07-25 17:10:00,AQU-PS-25LB,1
2021-07-25 17:04:00,CHL-CT-21LB,1
2021-07-25 09:07:00,AQU-CT-11LB,1
2021-07-25 15:38:00,INT-CA-32OZ,1
2021-07-25 17:14:00,CHL-PS-17LB,1
2021-07-25 09:51:00,AQU-PS-25LB,1
2021-07-25 11:27:00,CHL-CT-1LB,1
2021-07-25 13:51:00,CHL-CT-21LB,1
2021-07-25 18:25:00,CHL-PS-17LB,3
2021-07-25 13:07:00,AQU-CT-11LB,1
2021-07-25 18:36:00,CHL-PS-1LB,1
2021-07-25 16:08:00,CHL-CT-21LB,1
2021-07-25 13:53:00,INT-CA-32OZ,1
2021-07-25 11:48:00,AQU-PS-25LB,2
2021-07-25 08:37:00,INT-MA-1GAL,1
2021-07-25 10:21:00,CHL-CT-21LB,1
2021-07-25 09:07:00,CHL-PS-1LB,1
2021-07-25 12:09:00,CHL-PS-17LB,2
2021-07-25 14:10:00,CHL-CT-21LB,1
2021-07-25 13:35:00,CHL-PS-1LB,2
2021-07-25 10:28:00,CHL-PS-17LB,1
2021-07-25 11:59:00,INT-LS-1GAL,1
2021-07-25 17:02:00,INT-LS-1GAL,1
2021-07-25 10:06:00,AQU-PS-25LB,1
2021-07-25 18:39:00,AQU-CT-11LB,1
2021-07-25 14:49:00,AQU-PS-25LB,1
2021-07-25 10:01:00,CHL-CT-21LB,1
2021-07-25 15:05:00,HTH-S-5LB,1
2021-07-25 08:00:00,AQU-CT-11LB,1
2021-07-25 10:59:00,BIO-PD-2LB,2
2021-07-25 09:45:00,INT-LS-1GAL,1
2021-07-25 18:37:00,AQU-PS-25LB,1
2021-07-25 12:26:00,INT-CA-32OZ,1
2021-07-25 15:44:00,CHL-PS-1LB,2
2021-07-25 10:13:00,BIO-MA-32OZ,1
2021-07-25 10:40:00,INT-BA-32OZ,1
2021-07-25 12:33:00,AQU-BA-32OZ,2
2021-07-25 15:26:00,CHL-CT-21LB,1
2021-07-25 11:11:00,AQU-BA-32OZ,1
2021-07-25 17:44:00,INT-LS-1GAL,2
2021-07-26 10:45:00,AQU-BA-32OZ,2
2021-07-26 15:39:00,CHL-CT-1LB,1
2021-07-26 09:40:00,CHL-CT-1LB,1
2021-07-26 12:22:00,CHL-PS-17LB,2
2021-07-26 14:00:00,AQU-PS-25LB,1
2021-07-26 16:15:00,CHL-CT-1LB,4
2021-07-26 11:07:00,CHL-CT-1LB,1
2021-07-26 16:06:00,AQU-PS-5LB,1
2021-07-26 17:23:00,INT-CT-25LB,1
2021-07-26 16:32:00,AQU-CT-11LB,1
2021-07-26 11:29:00,CHL-CT-21LB,1
2021-07-26 18:42:00,CHL-PS-17LB,1
2021-07-26 11:17:00,AQU-PS-5LB,1
2021-07-26 08:12:00,INT-CT-25LB,1
2021-07-26 09:50:00,AQU-PS-25LB,1
2021-07-26 10:43:00,CHL-S-1LB,3
2021-07-26 15:31:00,AQU-PS-25LB,1
2021-07-26 10:10:00,CHL-PS-17LB,1
2021-07-26 18:59:00,CHL-PS-1LB,1
2021-07-26 08:03:00,CHL-CT-21LB,3
2021-07-26 18:23:00,CHL-PS-17LB,2
2021-07-26 12:13:00,BIO-MA-32OZ,1
2021-07-26 14:16:00,CHL-CT-1LB,1
2021-07-26 13:39:00,AQU-PS-25LB,1
2021-07-26 15:02:00,CHL-CT-21LB,1
2021-07-26 09:47:00,INT-MA-1GAL,1
2021-07-26 08:59:00,HTH-AI-11LB,1
2021-07-26 16:11:00,INT-CA-32OZ,1
2021-07-26 10:50:00,CHL-PS-17LB,3
2021-07-26 08:31:00,INT-LS-1GAL,1
2021-07-26 16:07:00,INT-CT-25LB,1
2021-07-26 09:57:00,CHL-CT-21LB,2
2021-07-27 15:37:00,AQU-PS-5LB,1
2021-07-27 17:20:00,AQU-BA-32OZ,1
2021-07-27 14:12:00,AQU-PS-5LB,2
2021-07-27 18:57:00,AQU-CT-11LB,1
2021-07-27 13:14:00,AQU-PS-5LB,1
2021-07-27 09:20:00,AQU-PS-5LB,1
2021-07-27 11:06:00,INT-CA-32OZ,1
2021-07-27 11:47:00,AQU-CT-11LB,4
2021-07-27 14:55:00,INT-BA-32OZ,2
2021-07-27 11:24:00,CHL-CT-1LB,2
2021-07-27 11:04:00,CHL-PS-1LB,1
2021-07-27 15:37:00,CHL-PS-17LB,1
2021-07-27 15:03:00,AQU-BA-32OZ,1
2021-07-27 14:09:00,INT-BA-32OZ,2
2021-07-27 11:59:00,INT-CT-25LB,1
2021-07-27 17:29:00,INT-CT-25LB,1
2021-07-27 10:24:00,AQU-PS-5LB,4
2021-07-27 13:08:00,AQU-PS-5LB,1
2021-07-27 15:46:00,AQU-BA-32OZ,1
2021-07-27 11:40:00,INT-BA-32OZ,1
2021-07-27 13:17:00,CHL-CT-1LB,1
2021-07-27 11:21:00,INT-LS-1GAL,1
2021-07-27 10:02:00,INT-CA-32OZ,1
2021-07-27 17:03:00,INT-MA-1GAL,1
2021-07-27 12:08:00,CHL-CT-21LB,1
2021-07-27 09:54:00,BIO-PU-5LB,1
2021-07-27 15:29:00,INT-CT-25LB,3
2021-07-27 14:10:00,AQU-PS-25LB,3
2021-07-28 11:56:00,AQU-CT-11LB,1
2021-07-28 12:38:00,CHL-PU-2LB,1
2021-07-28 10:50:00,CHL-PS-1LB,1
2021-07-28 18:39:00,AQU-CT-11LB,1
2021-07-28 10:36:00,AQU-PS-25LB,1
2021-07-28 16:54:00,INT-CT-25LB,1
2021-07-28 11:05:00,CHL-CT-21LB,2
2021-07-28 14:54:00,AQU-BA-32OZ,1
2021-07-28 16:31:00,CHL-PS-1LB,1
2021-07-28 11:37:00,CHL-CT-1LB,1
2021-07-28 15:53:00,INT-BA-32OZ,1
2021-07-28 15:17:00,CHL-PU-2LB,1
2021-07-28 08:46:00,INT-BA-32OZ,1
2021-07-28 14:47:00,BIO-PU-5LB,1
2021-07-28 11:15:00,AQU-PS-5LB,1
2021-07-28 13:27:00,CHL-CT-1LB,1
2021-07-28 17:14:00,INT-CT-25LB,1
2021-07-28 17:09:00,CHL-PS-1LB,1
2021-07-28 17:57:00,BIO-MA-32OZ,1
2021-07-28 08:26:00,INT-CA-32OZ,1
2021-07-28 08:02:00,INT-LS-1GAL,1
2021-07-28 15:46:00,AQU-PS-25LB,2
2021-07-28 16:02:00,INT-AI-25LB,1
2021-07-28 14:33:00,CHL-PS-1LB,1
2021-07-28 14:30:00,INT-LS-1GAL,1
2021-07-28 09:28:00,AQU-PS-5LB,3
2021-07-28 15:15:00,CHL-CT-1LB,3
2021-07-28 09:35:00,BIO-MA-32OZ,2
2021-07-28 08:44:00,INT-CT-25LB,1
2021-07-28 14:13:00,INT-BA-32OZ,1
2021-07-28 10:22:00,CHL-CT-21LB,4
2021-07-28 12:15:00,INT-CA-32OZ,2
2021-07-28 18:05:00,AQU-BA-32OZ,1
2021-07-28 08:30:00,AQU-PS-5LB,1
2021-07-28 18:19:00,CHL-CT-21LB,2
2021-07-28 10:45:00,AQU-CT-11LB,1
2021-07-28 15:54:00,CHL-CT-21LB,1
2021-07-28 17:47:00,INT-CT-25LB,2
2021-07-28 17:01:00,CHL-PS-17LB,1
2021-07-28 15:29:00,INT-CT-25LB,1
2021-07-28 10:55:00,AQU-PS-5LB,4
2021-07-29 10:50:00,CHL-CT-1LB,1
2021-07-29 13:40:00,CHL-PS-17LB,1
2021-07-29 15:45:00,INT-CT-25LB,1
2021-07-29 18:00:00,AQU-PS-5LB,3
2021-07-29 18:04:00,CHL-CT-1LB,1
2021-07-29 14:57:00,AQU-CT-11LB,1
2021-07-29 13:33:00,AQU-BA-32OZ,3
2021-07-29 08:18:00,INT-LS-1GAL,3
2021-07-29 14:48:00,BIO-MA-32OZ,3
2021-07-29 12:44:00,AQU-PS-25LB,1
2021-07-29 17:34:00,AQU-PS-25LB,2
2021-07-29 17:50:00,CHL-PS-1LB,1
2021-07-29 11:50:00,INT-LS-1GAL,1
2021-07-29 18:05:00,INT-BA-32OZ,3
2021-07-29 17:56:00,INT-CT-25LB,3
2021-07-29 13:47:00,AQU-PS-25LB,1
2021-07-29 08:32:00,AQU-CT-11LB,1
2021-07-29 18:23:00,CHL-CT-21LB,1
2021-07-29 08:07:00,INT-CT-25LB,2
2021-07-29 14:23:00,INT-CT-25LB,1
2021-07-29 15:39:00,AQU-PS-5LB,1
2021-07-29 08:23:00,AQU-PS-25LB,1
2021-07-29 13:11:00,AQU-CT-11LB,1
2021-07-29 18:35:00,INT-LS-1GAL,2
2021-07-29 09:35:00,INT-BA-32OZ,1
2021-07-29 11:08:00,INT-CA-32OZ,1
2021-07-29 13:15:00,INT-BA-32OZ,1
2021-07-29 16:07:00,CHL-PS-1LB,1
2021-07-29 18:30:00,CHL-CT-1LB,3
2021-07-29 17:55:00,BIO-MA-32OZ,1
2021-07-29 11:48:00,AQU-PS-25LB,1
2021-07-29 11:20:00,INT-LS-1GAL,1
2021-07-29 13:57:00,INT-LS-1GAL,1
2021-07-29 12:32:00,CHL-PS-17LB,4
2021-07-29 18:27:00,AQU-PS-5LB,3
2021-07-29 12:03:00,AQU-BA-32OZ,1
2021-07-29 09:23:00,INT-CA-32OZ,1
2021-07-29 13:28:00,INT-CT-25LB,1
2021-07-29 15:32:00,INT-LS-1GAL,1
2021-07-29 16:53:00,CHL-CT-21LB,1
2021-07-29 09:30:00,INT-LS-1GAL,1
2021-07-29 16:43:00,AQU-PS-5LB,1
2021-07-29 16:57:00,AQU-PS-25LB,1
2021-07-30 17:23:00,AQU-PS-25LB,3
2021-07-30 18:44:00,AQU-CT-11LB,1
2021-07-30 09:12:00,CHL-CT-21LB,1
2021-07-30 15:05:00,INT-CT-25LB,1
2021-07-30 09:25:00,HTH-F-2LB,1
2021-07-30 10:18:00,INT-LS-1GAL,2
2021-07-30 09:06:00,CHL-CT-1LB,2
2021-07-30 10:17:00,AQU-CT-11LB,2
2021-07-30 09:44:00,AQU-PS-5LB,2
2021-07-30 10:31:00,INT-CA-32OZ,1
2021-07-30 10:55:00,CHL-PS-17LB,1
2021-07-30 11:33:00,HTH-AI-11LB,1
2021-07-30 18:01:00,AQU-CT-11LB,1
2021-07-30 12:26:00,CHL-CT-1LB,1
2021-07-30 18:34:00,INT-MA-1GAL,1
2021-07-30 10:30:00,BIO-MA-32OZ,1
2021-07-30 13:26:00,CHL-PS-1LB,1
2021-07-30 15:47:00,INT-CT-25LB,4
2021-07-30 18:01:00,AQU-BA-32OZ,1
2021-07-30 12:12:00,AQU-PS-25LB,1
2021-07-30 09:01:00,BIO-PU-5LB,3
2021-07-30 11:53:00,BIO-MA-32OZ,1
2021-07-30 16:41:00,CHL-CT-21LB,1
2021-07-30 13:26:00,AQU-PS-25LB,1
2021-07-30 17:21:00,CHL-PS-1LB,1
2021-07-30 18:41:00,AQU-BA-32OZ,2
2021-07-30 13:31:00,AQU-CT-11LB,1
2021-07-30 17:42:00,CHL-CT-1LB,2
2021-07-30 16:53:00,BIO-MA-32OZ,2
2021-07-30 16:28:00,INT-CA-32OZ,1
2021-07-30 15:19:00,INT-LS-1GAL,1
2021-07-30 17:08:00,INT-LS-1GAL,2
2021-07-30 12:10:00,INT-LS-1GAL,1
2021-07-30 12:14:00,CHL-CT-1LB,4
2021-07-30 15:23:00,AQU-PS-25LB,1
2021-07-30 12:49:00,AQU-CT-11LB,1
2021-07-30 08:09:00,AQU-CT-11LB,2
2021-07-30 13:18:00,CHL-CT-21LB,3
2021-07-31 10:39:00,INT-LS-1GAL,1
2021-07-31 10:45:00,INT-MA-1GAL,1
2021-07-31 16:18:00,INT-CT-25LB,2
2021-07-31 10:11:00,INT-LS-1GAL,2
2021-07-31 18:50:00,AQU-PS-5LB,1
2021-07-31 10:10:00,CHL-PS-17LB,2
2021-07-31 11:07:00,AQU-PS-25LB,2
2021-07-31 08:20:00,INT-MA-1GAL,1
2021-07-31 17:08:00,CHL-CT-21LB,1
2021-07-31 15:16:00,INT-LS-1GAL,1
2021-07-31 13:11:00,INT-CT-25LB,4
2021-07-31 11:35:00,INT-MA-1GAL,3
2021-07-31 08:42:00,AQU-BA-32OZ,1
2021-07-31 13:22:00,INT-BA-32OZ,3
2021-07-31 10:23:00,CHL-CT-1LB,4
2021-07-31 15:34:00,CHL-CT-1LB,1
2021-07-31 10:34:00,INT-CA-32OZ,4
2021-07-31 12:07:00,AQU-PS-25LB,2
2021-07-31 08:25:00,CHL-CT-21LB,1
2021-07-31 15:49:00,BIO-MA-32OZ,1
2021-07-31 10:29:00,INT-BA-32OZ,1
2021-07-31 13:09:00,AQU-CT-11LB,1
2021-07-31 08:47:00,CHL-CT-1LB,1
2021-07-31 16:32:00,CHL-S-1LB,1
2021-07-31 13:41:00,INT-CA-32OZ,1
2021-07-31 12:30:00,CHL-CT-1LB,1
2021-07-31 12:48:00,CHL-CT-1LB,1
2021-07-31 17:42:00,CHL-CT-21LB,1
2021-07-31 10:51:00,AQU-PS-5LB,1
2021-07-31 17:46:00,CHL-PS-17LB,1
2021-07-31 15:21:00,AQU-PD-5LB,1
2021-07-31 09:46:00,INT-BA-32OZ,1
2021-07-31 15:57:00,AQU-BA-32OZ,1
2021-07-31 08:08:00,INT-CA-32OZ,1
2021-07-31 18:35:00,CHL-S-1LB,2
2021-07-31 09:19:00,AQU-BA-32OZ,1
2021-08-01 17:53:00,AQU-PS-25LB,3
2021-08-01 11:28:00,CHL-PS-1LB,1
2021-08-01 13:05:00,AQU-PS-25LB,1
2021-08-01 13:03:00,AQU-PS-25LB,2
2021-08-01 17:41:00,CHL-CT-21LB,1
2021-08-01 11:37:00,AQU-CT-11LB,1
2021-08-01 16:14:00,AQU-PS-5LB,1
2021-08-01 12:12:00,INT-BA-32OZ,2
2021-08-01 08:05:00,INT-CA-32OZ,1
2021-08-01 16:54:00,INT-MA-1GAL,2
2021-08-01 15:43:00,AQU-BA-32OZ,1
2021-08-01 18:05:00,AQU-PD-5LB,2
2021-08-01 16:25:00,BIO-MA-32OZ,1
2021-08-01 11:31:00,INT-CA-32OZ,4
2021-08-01 13:38:00,INT-BA-32OZ,1
2021-08-01 17:32:00,INT-MA-1GAL,1
2021-08-01 08:58:00,INT-CT-25LB,1
2021-08-01 18:23:00,AQU-PD-5LB,1
2021-08-01 14:09:00,CHL-CT-21LB,1
2021-08-01 14:23:00,BIO-MA-32OZ,1
2021-08-01 14:23:00,AQU-BA-32OZ,3
2021-08-01 08:18:00,CHL-PS-1LB,1
2021-08-01 13:22:00,CHL-PS-1LB,1
2021-08-01 12:28:00,CHL-CT-21LB,3
2021-08-01 16:05:00,AQU-BA-32OZ,1
2021-08-01 11:46:00,AQU-PS-5LB,1
2021-08-01 15:47:00,CHL-CT-21LB,1
2021-08-02 15:18:00,AQU-BA-32OZ,3
2021-08-02 10:51:00,CHL-CT-1LB,3
2021-08-02 14:46:00,CHL-CT-1LB,2
2021-08-02 14:08:00,AQU-CT-11LB,1
2021-08-02 17:38:00,BIO-PD-2LB,1
2021-08-02 09:09:00,INT-CA-32OZ,1
2021-08-02 11:19:00,CHL-PS-1LB,1
2021-08-02 15:55:00,CHL-CT-21LB,1
2021-08-02 16:21:00,INT-LS-1GAL,1
2021-08-02 09:59:00,INT-BA-32OZ,2
2021-08-02 17:48:00,AQU-CT-11LB,3
2021-08-02 14:05:00,AQU-CT-11LB,1
2021-08-02 08:26:00,CHL-PS-17LB,1
2021-08-02 18:58:00,CHL-PS-1LB,1
2021-08-02 12:26:00,AQU-PS-25LB,1
2021-08-02 10:35:00,INT-CA-32OZ,1
2021-08-02 15:45:00,AQU-PS-25LB,1
2021-08-02 17:48:00,BIO-MA-32OZ,1
2021-08-02 10:12:00,AQU-CT-11LB,1
2021-08-02 10:53:00,INT-BA-32OZ,1
2021-08-02 14:18:00,BIO-MA-32OZ,1
2021-08-02 16:31:00,INT-LS-1GAL,1
2021-08-02 08:52:00,CHL-PS-17LB,1
2021-08-02 12:53:00,INT-LS-1GAL,1
2021-08-02 17:19:00,INT-BA-32OZ,1
2021-08-02 15:35:00,INT-CA-32OZ,1
2021-08-02 15:14:00,INT-LS-1GAL,1
2021-08-02 08:50:00,CHL-PS-1LB,1
2021-08-02 08:09:00,CHL-CT-1LB,3
2021-08-02 12:19:00,INT-CA-32OZ,1
2021-08-02 18:53:00,AQU-BA-32OZ,2
2021-08-03 09:41:00,CHL-CT-1LB,1
2021-08-03 18:57:00,CHL-CT-21LB,1
2021-08-03 12:26:00,CHL-CT-21LB,1
2021-08-03 10:31:00,INT-MA-1GAL,3
2021-08-03 18:15:00,AQU-BA-32OZ,2
2021-08-03 08:07:00,INT-MA-1GAL,1
2021-08-03 12:31:00,AQU-PS-25LB,1
2021-08-03 09:38:00,AQU-BA-32OZ,1
2021-08-03 13:37:00,INT-CA-32OZ,1
2021-08-03 15:36:00,AQU-PS-25LB,2
2021-08-03 14:55:00,CHL-PS-17LB,1
2021-08-03 12:40:00,AQU-PS-25LB,1
2021-08-03 18:30:00,INT-CA-32OZ,1
2021-08-03 09:23:00,CHL-CT-21LB,1
2021-08-03 16:46:00,BIO-MA-32OZ,1
2021-08-03 17:01:00,INT-BA-32OZ,2
2021-08-03 12:10:00,CHL-PS-17LB,3
2021-08-03 17:03:00,INT-CT-25LB,1
2021-08-03 10:20:00,CHL-PS-17LB,3
2021-08-03 15:56:00,INT-CA-32OZ,1
2021-08-03 10:22:00,INT-LS-1GAL,2
2021-08-03 10:03:00,INT-BA-32OZ,2
2021-08-03 12:23:00,AQU-CT-11LB,2
2021-08-03 14:40:00,CHL-CT-1LB,1
2021-08-03 13:03:00,INT-CT-25LB,4
2021-08-03 12:18:00,INT-LS-1GAL,1
2021-08-03 16:40:00,INT-BA-32OZ,1
2021-08-03 09:32:00,BIO-MA-32OZ,2
2021-08-03 11:49:00,CHL-PS-1LB,4
2021-08-03 18:11:00,INT-CA-32OZ,3
2021-08-03 09:38:00,INT-BA-32OZ,3
2021-08-03 10:34:00,AQU-PS-5LB,1
2021-08-03 13:55:00,AQU-BA-32OZ,1
2021-08-03 13:52:00,AQU-PS-5LB,2
2021-08-03 18:51:00,BIO-MA-32OZ,1
2021-08-03 12:17:00,AQU-BA-32OZ,1
2021-08-03 18:44:00,CHL-CT-21LB,2
2021-08-03 13:06:00,CHL-CT-1LB,1
2021-08-03 16:37:00,INT-LS-1GAL,1
2021-08-03 13:52:00,CHL-CT-21LB,2
2021-08-03 10:00:00,BIO-MA-32OZ,1
2021-08-03 10:33:00,BIO-MA-32OZ,1
2021-08-03 12:23:00,CHL-PS-1LB,3
2021-08-03 15:26:00,AQU-PS-5LB,1
2021-08-04 10:06:00,INT-BA-32OZ,1
2021-08-04 11:09:00,AQU-BA-32OZ,1
2021-08-04 16:14:00,CHL-PS-1LB,1
2021-08-04 11:50:00,INT-CT-25LB,1
2021-08-04 16:39:00,CHL-CT-21LB,3
2021-08-04 16:54:00,AQU-BA-32OZ,1
2021-08-04 16:45:00,AQU-CT-11LB,1
2021-08-04 16:44:00,INT-MA-1GAL,4
2021-08-04 09:26:00,AQU-PS-25LB,2
2021-08-04 15:58:00,CHL-CT-1LB,1
2021-08-04 09:07:00,CHL-PS-1LB,1
2021-08-04 10:59:00,AQU-CT-11LB,1
2021-08-04 08:30:00,INT-BA-32OZ,1
2021-08-04 13:19:00,CHL-CT-21LB,1
2021-08-04 13:08:00,CHL-PS-17LB,1
2021-08-04 15:56:00,AQU-PS-25LB,1
2021-08-04 17:33:00,CHL-PS-17LB,1
2021-08-04 13:11:00,CHL-PS-17LB,1
2021-08-04 12:01:00,INT-CA-32OZ,1
2021-08-04 09:14:00,AQU-CT-11LB,1
2021-08-04 10:54:00,INT-CT-25LB,1
2021-08-04 10:44:00,CHL-CT-21LB,1
2021-08-04 11:19:00,BIO-PU-5LB,1
2021-08-04 10:13:00,INT-CT-25LB,1
2021-08-04 10:05:00,INT-MA-1GAL,2
2021-08-04 14:44:00,INT-LS-1GAL,2
2021-08-04 09:04:00,AQU-CT-11LB,2
2021-08-04 08:49:00,BIO-MA-32OZ,1
2021-08-04 15:48:00,INT-BA-32OZ,1
2021-08-04 14:02:00,INT-LS-1GAL,1
2021-08-04 11:06:00,INT-CA-32OZ,1
2021-08-04 08:50:00,CHL-PS-1LB,2
2021-08-04 18:32:00,CHL-PS-17LB,1
2021-08-04 17:03:00,AQU-PS-25LB,1
2021-08-04 15:07:00,AQU-CT-11LB,1
2021-08-04 12:02:00,INT-AI-5LB,2
2021-08-04 09:19:00,INT-LS-1GAL,1
2021-08-05 09:50:00,CHL-PS-17LB,1
2021-08-05 09:58:00,AQU-BA-32OZ,1
2021-08-05 17:13:00,CHL-CT-1LB,3
2021-08-05 17:57:00,INT-BA-32OZ,1
2021-08-05 11:11:00,INT-BA-32OZ,1
2021-08-05 18:22:00,INT-CA-32OZ,1
2021-08-05 08:05:00,BIO-MA-32OZ,4
2021-08-05 10:54:00,BIO-PD-2LB,3
2021-08-05 12:37:00,CHL-CT-21LB,1
2021-08-05 13:22:00,AQU-CT-11LB,1
2021-08-05 10:54:00,AQU-BA-32OZ,1
2021-08-05 16:49:00,CHL-PU-2LB,2
2021-08-05 17:15:00,INT-AI-25LB,3
2021-08-05 16:36:00,AQU-PS-25LB,1
2021-08-05 09:06:00,AQU-PS-5LB,1
2021-08-05 17:48:00,INT-CT-25LB,2
2021-08-05 08:33:00,AQU-BA-32OZ,1
2021-08-05 11:45:00,CHL-PS-1LB,1
2021-08-05 11:18:00,AQU-PS-5LB,1
2021-08-05 10:57:00,CHL-CT-21LB,1
2021-08-05 16:00:00,INT-LS-1GAL,1
2021-08-05 09:59:00,INT-BA-32OZ,1
2021-08-05 11:58:00,CHL-CT-21LB,1
2021-08-05 16:54:00,INT-MA-1GAL,1
2021-08-05 15:23:00,CHL-CT-21LB,2
2021-08-05 17:11:00,CHL-CT-21LB,3
2021-08-05 15:43:00,CHL-CT-1LB,1
2021-08-05 09:11:00,AQU-PS-5LB,1
2021-08-05 13:24:00,INT-LS-1GAL,1
2021-08-05 14:13:00,CHL-CT-21LB,1
2021-08-05 16:14:00,AQU-PS-5LB,1
2021-08-05 14:07:00,INT-CT-25LB,1
2021-08-05 13:07:00,AQU-CT-11LB,2
2021-08-05 15:07:00,CHL-CT-21LB,1
2021-08-05 16:08:00,INT-LS-1GAL,1
2021-08-05 15:48:00,INT-MA-1GAL,1
2021-08-05 13:45:00,AQU-PS-5LB,1
2021-08-05 12:35:00,AQU-BA-32OZ,1
2021-08-05 08:05:00,AQU-CHI-11LB,3
2021-08-05 13:31:00,AQU-PS-5LB,3
2021-08-05 09:24:00,CHL-CT-1LB,2
2021-08-05 12:29:00,CHL-CT-1LB,1
2021-08-05 17:47:00,INT-BA-32OZ,2
2021-08-05 12:43:00,CHL-PS-1LB,1
2021-08-05 15:14:00,CHL-PS-17LB,1
2021-08-05 16:26:00,INT-LS-1GAL,1
2021-08-05 12:54:00,INT-LS-1GAL,1
2021-08-05 14:12:00,CHL-PS-17LB,1
2021-08-05 09:57:00,AQU-CT-11LB,4
2021-08-05 15:43:00,AQU-PS-5LB,3
2021-08-06 08:43:00,INT-CA-32OZ,1
2021-08-06 15:43:00,INT-BA-32OZ,2
2021-08-06 09:25:00,AQU-PS-5LB,1
2021-08-06 15:33:00,INT-BA-32OZ,1
2021-08-06 18:43:00,BIO-MA-32OZ,1
2021-08-06 09:07:00,INT-BA-32OZ,1
2021-08-06 10:25:00,CHL-CT-1LB,1
2021-08-06 14:44:00,INT-CT-25LB,3
2021-08-06 17:06:00,CHL-CT-21LB,2
2021-08-06 10:04:00,CHL-CT-1LB,1
2021-08-06 13:12:00,CHL-PS-1LB,1
2021-08-06 13:12:00,CHL-CT-1LB,1
2021-08-06 17:54:00,INT-CA-32OZ,2
2021-08-06 14:07:00,CHL-PS-1LB,1
2021-08-06 11:53:00,AQU-PS-25LB,1
2021-08-06 14:46:00,CHL-PS-17LB,1
2021-08-06 15:17:00,INT-MA-1GAL,2
2021-08-06 17:37:00,CHL-PS-17LB,1
2021-08-06 12:48:00,CHL-CT-1LB,2
2021-08-06 18:25:00,CHL-CT-21LB,1
2021-08-06 13:30:00,INT-CA-32OZ,1
2021-08-06 18:38:00,AQU-PS-25LB,1
2021-08-06 14:31:00,CHL-CT-21LB,1
2021-08-06 16:17:00,AQU-PS-25LB,1
2021-08-06 10:49:00,CHL-PS-1LB,2
2021-08-06 15:06:00,CHL-PS-17LB,1
2021-08-06 09:16:00,INT-BA-32OZ,2
2021-08-06 15:31:00,BIO-MA-32OZ,1
2021-08-06 11:40:00,CHL-PS-17LB,2
2021-08-07 08:06:00,AQU-BA-32OZ,1
2021-08-07 08:53:00,INT-CHI-7LB,3
2021-08-07 09:31:00,INT-BA-32OZ,3
2021-08-07 18:01:00,INT-CA-32OZ,1
2021-08-07 10:24:00,AQU-CT-11LB,1
2021-08-07 17:43:00,CHL-CT-1LB,2
2021-08-07 13:09:00,CHL-CT-1LB,1
2021-08-07 12:39:00,INT-CT-25LB,3
2021-08-07 17:06:00,CHL-PS-1LB,1
2021-08-07 09:42:00,CHL-PS-17LB,1
2021-08-07 16:49:00,AQU-PS-5LB,1
2021-08-07 15:50:00,INT-LS-1GAL,1
2021-08-07 15:12:00,INT-MA-1GAL,1
2021-08-07 12:42:00,AQU-CT-11LB,1
2021-08-07 15:31:00,AQU-CT-11LB,1
2021-08-07 16:16:00,INT-LS-1GAL,1
2021-08-07 16:21:00,CHL-CT-1LB,1
2021-08-07 16:34:00,BIO-MA-32OZ,1
2021-08-07 08:48:00,INT-CT-25LB,1
2021-08-07 08:27:00,INT-LS-1GAL,1
2021-08-07 09:24:00,AQU-PS-25LB,1
2021-08-07 15:20:00,CHL-CT-21LB,1
2021-08-07 14:28:00,INT-MA-1GAL,1
2021-08-07 15:02:00,INT-BA-32OZ,2
2021-08-07 08:11:00,CHL-CT-21LB,1
2021-08-07 16:42:00,AQU-PS-25LB,1
2021-08-07 12:56:00,INT-LS-1GAL,2
2021-08-07 10:31:00,CHL-PS-1LB,1
2021-08-07 14:08:00,INT-CA-32OZ,2
2021-08-07 12:45:00,AQU-CT-11LB,1
2021-08-08 09:36:00,CHL-CT-1LB,1
2021-08-08 18:31:00,CHL-CT-1LB,1
2021-08-08 18:35:00,INT-MA-1GAL,1
2021-08-08 18:34:00,CHL-CT-21LB,1
2021-08-08 17:30:00,CHL-CT-21LB,1
2021-08-08 15:35:00,INT-LS-1GAL,2
2021-08-08 10:32:00,CHL-CT-21LB,1
2021-08-08 08:25:00,INT-LS-1GAL,1
2021-08-08 12:31:00,CHL-CT-1LB,2
2021-08-08 17:24:00,INT-AI-5LB,1
2021-08-08 17:43:00,CHL-CT-1LB,2
2021-08-08 13:49:00,AQU-CT-11LB,1
2021-08-08 12:20:00,AQU-PS-25LB,2
2021-08-08 08:01:00,CHL-CT-21LB,2
2021-08-08 17:02:00,BIO-MA-32OZ,1
2021-08-08 10:53:00,INT-CA-32OZ,2
2021-08-08 13:22:00,INT-LS-1GAL,1
2021-08-08 17:01:00,CHL-PS-1LB,1
2021-08-08 18:21:00,CHL-CT-1LB,1
2021-08-08 14:06:00,CHL-PS-17LB,3
2021-08-08 14:22:00,AQU-PS-25LB,1
2021-08-08 13:26:00,AQU-CT-11LB,1
2021-08-08 13:03:00,AQU-PS-25LB,1
2021-08-08 18:15:00,CHL-PS-17LB,2
2021-08-08 11:15:00,INT-CA-32OZ,1
2021-08-08 18:19:00,INT-CA-32OZ,2
2021-08-08 17:05:00,AQU-PS-5LB,4
2021-08-08 09:55:00,BIO-MA-32OZ,1
2021-08-08 12:07:00,CHL-PS-17LB,1
2021-08-08 13:10:00,AQU-PS-5LB,2
2021-08-08 08:34:00,AQU-CT-11LB,2
2021-08-08 13:02:00,INT-CA-32OZ,1
2021-08-08 15:42:00,INT-BA-32OZ,1
2021-08-08 14:36:00,INT-LS-1GAL,1
2021-08-08 16:57:00,CHL-PS-1LB,1
2021-08-08 14:17:00,AQU-BA-32OZ,1
2021-08-08 08:44:00,AQU-PS-25LB,1
2021-08-08 15:37:00,BIO-MA-32OZ,1
2021-08-08 08:20:00,CHL-PS-1LB,3
2021-08-08 14:36:00,INT-LS-1GAL,1
2021-08-09 17:06:00,AQU-PS-25LB,1
2021-08-09 15:06:00,AQU-PS-25LB,4
2021-08-09 18:13:00,CHL-PS-17LB,1
2021-08-09 13:31:00,BIO-PD-2LB,1
2021-08-09 16:51:00,INT-AI-5LB,3
2021-08-09 18:21:00,AQU-BA-32OZ,1
2021-08-09 10:39:00,INT-BA-32OZ,2
2021-08-09 12:23:00,AQU-CHI-11LB,1
2021-08-09 14:12:00,INT-CA-32OZ,1
2021-08-09 15:40:00,CHL-PS-17LB,1
2021-08-09 09:53:00,BIO-MA-32OZ,1
2021-08-09 16:13:00,CHL-CT-21LB,4
2021-08-09 12:16:00,CHL-CT-1LB,1
2021-08-09 08:19:00,CHL-CT-1LB,1
2021-08-09 17:25:00,INT-BA-32OZ,3
2021-08-09 11:39:00,CHL-CT-21LB,2
2021-08-09 09:45:00,AQU-PS-5LB,1
2021-08-09 17:06:00,CHL-CT-21LB,1
2021-08-09 17:21:00,AQU-PS-25LB,1
2021-08-09 12:04:00,CHL-PS-1LB,1
2021-08-09 17:51:00,CHL-CT-21LB,1
2021-08-09 16:30:00,BIO-PD-2LB,1
2021-08-09 14:13:00,CHL-CT-1LB,3
2021-08-09 13:50:00,BIO-MA-32OZ,1
2021-08-09 09:41:00,AQU-PS-5LB,1
2021-08-09 12:32:00,CHL-CT-21LB,2
2021-08-09 12:27:00,INT-CA-32OZ,1
2021-08-09 18:34:00,AQU-CHI-11LB,1
2021-08-09 13:12:00,AQU-PS-5LB,2
2021-08-09 14:25:00,AQU-PS-25LB,2
2021-08-09 12:39:00,INT-MA-1GAL,1
2021-08-09 16:29:00,INT-CT-25LB,1
2021-08-09 18:48:00,CHL-CT-1LB,1
2021-08-09 16:11:00,INT-BA-32OZ,2
2021-08-09 08:40:00,INT-BA-32OZ,1
2021-08-09 16:55:00,CHL-CT-21LB,2
2021-08-09 10:36:00,AQU-CT-11LB,1
2021-08-09 15:13:00,INT-CA-32OZ,1
2021-08-09 18:52:00,CHL-CT-1LB,3
2021-08-09 15:17:00,CHL-PS-17LB,4
2021-08-09 18:34:00,AQU-PS-5LB,1
2021-08-09 17:54:00,AQU-BA-32OZ,1
2021-08-09 14:59:00,INT-CA-32OZ,2
2021-08-09 17:46:00,AQU-BA-32OZ,4
2021-08-09 18:03:00,INT-LS-1GAL,2
2021-08-10 13:29:00,AQU-PS-5LB,1
2021-08-10 10:15:00,AQU-BA-32OZ,1
2021-08-10 10:47:00,INT-CT-25LB,1
2021-08-10 18:48:00,INT-BA-32OZ,4
2021-08-10 12:54:00,CHL-PS-1LB,1
2021-08-10 14:26:00,AQU-BA-32OZ,1
2021-08-10 13:55:00,AQU-PS-5LB,1
2021-08-10 09:40:00,INT-LS-1GAL,1
2021-08-10 11:54:00,AQU-BA-32OZ,1
2021-08-10 14:17:00,AQU-PD-5LB,2
2021-08-10 12:41:00,INT-BA-32OZ,1
2021-08-10 10:16:00,AQU-CT-11LB,1
2021-08-10 18:38:00,AQU-BA-32OZ,1
2021-08-10 11:25:00,INT-LS-1GAL,1
2021-08-10 11:07:00,AQU-PS-25LB,1
2021-08-10 10:12:00,INT-CT-25LB,1
2021-08-10 08:15:00,CHL-PS-1LB,1
2021-08-10 12:29:00,INT-CA-32OZ,1
2021-08-10 15:35:00,AQU-CT-11LB,1
2021-08-10 14:27:00,CHL-CT-1LB,3
2021-08-10 18:57:00,CHL-PS-1LB,1
2021-08-10 08:12:00,AQU-BA-32OZ,2
2021-08-10 10:17:00,CHL-PS-17LB,1
2021-08-10 10:01:00,INT-CA-32OZ,1
2021-08-10 12:50:00,BIO-MA-32OZ,2
2021-08-10 12:42:00,INT-CA-32OZ,1
2021-08-10 16:11:00,INT-CA-32OZ,1
2021-08-10 18:54:00,BIO-MA-32OZ,1
2021-08-10 08:46:00,CHL-PS-1LB,1
2021-08-10 15:50:00,CHL-PS-17LB,1
2021-08-10 08:03:00,CHL-PU-2LB,1
2021-08-10 09:20:00,BIO-MA-32OZ,1
2021-08-10 17:19:00,CHL-PS-17LB,1
2021-08-10 09:57:00,INT-LS-1GAL,3
2021-08-10 14:57:00,AQU-PS-5LB,1
2021-08-11 18:56:00,AQU-PS-5LB,1
2021-08-11 09:25:00,CHL-PS-1LB,1
2021-08-11 10:15:00,AQU-PS-25LB,3
2021-08-11 09:36:00,INT-CT-25LB,1
2021-08-11 16:59:00,CHL-CT-21LB,1
2021-08-11 09:33:00,AQU-CT-11LB,4
2021-08-11 18:53:00,BIO-MA-32OZ,3
2021-08-11 17:49:00,BIO-MA-32OZ,1
2021-08-11 16:16:00,AQU-PS-25LB,1
2021-08-11 15:56:00,INT-LS-1GAL,1
2021-08-11 09:15:00,AQU-CT-11LB,1
2021-08-11 17:07:00,AQU-BA-32OZ,2
2021-08-11 13:21:00,INT-MA-1GAL,1
2021-08-11 17:47:00,CHL-PS-1LB,1
2021-08-11 14:51:00,INT-LS-1GAL,1
2021-08-11 11:59:00,INT-LS-1GAL,1
2021-08-11 14:13:00,CHL-CT-21LB,1
2021-08-11 10:06:00,CHL-CT-21LB,1
2021-08-11 10:13:00,CHL-CT-1LB,1
2021-08-11 12:28:00,CHL-PS-17LB,1
2021-08-11 14:16:00,INT-CA-32OZ,2
2021-08-11 17:03:00,INT-BA-32OZ,1
2021-08-11 15:34:00,INT-CT-25LB,1
2021-08-11 13:44:00,AQU-CT-11LB,1
2021-08-11 09:20:00,AQU-CT-11LB,1
2021-08-11 16:27:00,INT-CA-32OZ,1
2021-08-11 15:43:00,INT-CA-32OZ,1
2021-08-11 11:17:00,CHL-PS-1LB,4
2021-08-11 10:23:00,INT-MA-1GAL,1
2021-08-11 15:45:00,AQU-CT-11LB,1
2021-08-11 13:52:00,AQU-CT-11LB,2
2021-08-11 12:01:00,INT-MA-1GAL,1
2021-08-11 18:57:00,CHL-CT-1LB,1
2021-08-11 17:02:00,INT-LS-1GAL,3
2021-08-11 18:51:00,AQU-BA-32OZ,1
2021-08-11 08:44:00,INT-LS-1GAL,1
2021-08-11 18:15:00,CHL-PS-1LB,2
2021-08-11 12:35:00,AQU-CT-11LB,1
2021-08-11 14:19:00,AQU-CT-11LB,2
2021-08-12 13:57:00,AQU-PS-5LB,3
2021-08-12 18:07:00,AQU-BA-32OZ,3
2021-08-12 16:55:00,CHL-CT-1LB,1
2021-08-12 11:54:00,CHL-CT-1LB,1
2021-08-12 15:24:00,CHL-PS-17LB,1
2021-08-12 08:58:00,AQU-CT-11LB,3
2021-08-12 14:59:00,CHL-PS-1LB,1
2021-08-12 12:19:00,INT-CA-32OZ,2
2021-08-12 09:59:00,AQU-BA-32OZ,2
2021-08-12 11:19:00,BIO-PD-2LB,1
2021-08-12 11:55:00,CHL-CT-21LB,1
2021-08-12 10:58:00,CHL-PS-1LB,1
2021-08-12 15:40:00,AQU-PS-5LB,1
2021-08-12 13:56:00,CHL-PS-17LB,1
2021-08-12 18:26:00,AQU-BA-32OZ,1
2021-08-12 08:17:00,INT-CA-32OZ,1
2021-08-12 09:52:00,AQU-BA-32OZ,3
2021-08-12 15:30:00,INT-BA-32OZ,1
2021-08-12 14:59:00,CHL-PS-1LB,4
2021-08-12 13:45:00,AQU-BA-32OZ,3
2021-08-12 14:56:00,INT-BA-32OZ,1
2021-08-12 09:52:00,AQU-BA-32OZ,1
2021-08-12 10:44:00,CHL-CT-21LB,1
2021-08-12 12:32:00,BIO-PU-5LB,1
2021-08-12 09:22:00,AQU-PS-25LB,1
2021-08-12 14:38:00,INT-CA-32OZ,1
2021-08-12 16:47:00,AQU-PS-25LB,1
2021-08-12 13:29:00,INT-CA-32OZ,4
2021-08-12 08:48:00,BIO-MA-32OZ,1
2021-08-12 08:41:00,AQU-BA-32OZ,1
2021-08-12 18:11:00,CHL-CT-21LB,1
2021-08-12 18:28:00,AQU-CT-11LB,2
2021-08-12 18:08:00,CHL-CT-21LB,1
2021-08-12 08:25:00,AQU-PS-25LB,1
2021-08-12 11:40:00,INT-CT-25LB,1
2021-08-13 17:05:00,INT-BA-32OZ,2
2021-08-13 09:10:00,CHL-CT-21LB,3
2021-08-13 11:33:00,INT-MA-1GAL,2
2021-08-13 18:48:00,INT-BA-32OZ,1
2021-08-13 10:54:00,INT-CHI-7LB,1
2021-08-13 17:43:00,CHL-PS-17LB,1
2021-08-13 14:50:00,CHL-PS-1LB,4
2021-08-13 13:28:00,INT-CT-25LB,1
2021-08-13 15:55:00,INT-BA-32OZ,1
2021-08-13 10:16:00,CHL-PS-1LB,1
2021-08-13 10:43:00,INT-CA-32OZ,1
2021-08-13 17:52:00,INT-CA-32OZ,1
2021-08-13 13:51:00,AQU-PS-25LB,1
2021-08-13 12:12:00,CHL-CT-1LB,2
2021-08-13 09:26:00,BIO-MA-32OZ,1
2021-08-13 13:11:00,INT-CT-25LB,2
2021-08-13 14:56:00,AQU-PS-25LB,1
2021-08-13 14:53:00,HTH-AI-11LB,1
2021-08-13 17:14:00,INT-CHI-7LB,1
2021-08-13 08:01:00,INT-BA-32OZ,1
2021-08-13 16:41:00,AQU-PS-25LB,1
2021-08-13 17:40:00,INT-LS-1GAL,1
2021-08-13 11:58:00,AQU-PS-25LB,1
2021-08-13 09:29:00,INT-CA-32OZ,1
2021-08-13 11:16:00,AQU-PS-5LB,1
2021-08-13 10:03:00,AQU-PS-5LB,1
2021-08-13 14:39:00,AQU-PS-5LB,2
2021-08-13 14:38:00,CHL-PS-1LB,1
2021-08-13 12:09:00,AQU-BA-32OZ,2
2021-08-13 09:23:00,AQU-PS-5LB,2
2021-08-13 10:36:00,CHL-CT-21LB,2
2021-08-13 09:00:00,INT-CT-25LB,1
2021-08-13 16:27:00,CHL-CHI-20LB,1
2021-08-13 15:52:00,INT-CT-25LB,1
2021-08-13 18:31:00,CHL-PS-1LB,1
2021-08-13 09:14:00,AQU-PS-5LB,1
2021-08-13 11:12:00,INT-CT-25LB,1
2021-08-14 12:18:00,CHL-PS-1LB,1
2021-08-14 15:24:00,BIO-PU-5LB,1
2021-08-14 10:27:00,INT-CT-25LB,2
2021-08-14 11:38:00,BIO-MA-32OZ,1
2021-08-14 11:52:00,AQU-BA-32OZ,1
2021-08-14 12:46:00,AQU-BA-32OZ,1
2021-08-14 18:12:00,AQU-PS-25LB,1
2021-08-14 14:11:00,BIO-MA-32OZ,1
2021-08-14 14:50:00,AQU-PS-25LB,1
2021-08-14 10:01:00,AQU-BA-32OZ,2
2021-08-14 12:16:00,CHL-CT-21LB,1
2021-08-14 11:39:00,AQU-CT-11LB,1
2021-08-14 15:58:00,AQU-BA-32OZ,1
2021-08-14 11:23:00,CHL-CT-1LB,1
2021-08-14 17:43:00,CHL-CT-21LB,1
2021-08-14 18:29:00,CHL-CT-21LB,1
2021-08-14 09:00:00,CHL-CT-21LB,1
2021-08-14 15:08:00,CHL-PS-17LB,1
2021-08-14 13:44:00,INT-CA-32OZ,1
2021-08-14 14:43:00,INT-CT-25LB,2
2021-08-14 11:45:00,INT-BA-32OZ,1
2021-08-14 14:45:00,CHL-CT-1LB,1
2021-08-14 14:47:00,INT-BA-32OZ,1
2021-08-14 17:16:00,AQU-BA-32OZ,3
2021-08-14 09:06:00,CHL-PS-17LB,1
2021-08-14 16:03:00,INT-CT-25LB,1
2021-08-14 08:21:00,CHL-PS-1LB,3
2021-08-14 11:30:00,AQU-PS-25LB,3
2021-08-14 13:38:00,INT-CA-32OZ,2
2021-08-14 18:51:00,CHL-PS-17LB,1
2021-08-14 17:45:00,CHL-CT-21LB,1
2021-08-15 08:00:00,CHL-PS-17LB,1
2021-08-15 12:32:00,BIO-MA-32OZ,1
2021-08-15 17:24:00,CHL-PS-1LB,1
2021-08-15 12:25:00,HTH-AI-11LB,1
2021-08-15 18:23:00,AQU-PS-5LB,1
2021-08-15 10:57:00,AQU-BA-32OZ,2
2021-08-15 16:02:00,INT-CT-25LB,1
2021-08-15 17:11:00,CHL-CT-21LB,1
2021-08-15 12:10:00,INT-BA-32OZ,2
2021-08-15 16:31:00,HTH-S-5LB,1
2021-08-15 13:56:00,CHL-PS-1LB,1
2021-08-15 15:08:00,INT-CA-32OZ,2
2021-08-15 09:20:00,CHL-PS-17LB,1
2021-08-15 16:27:00,CHL-CT-21LB,1
2021-08-15 10:16:00,AQU-BA-32OZ,1
2021-08-15 09:20:00,BIO-MA-32OZ,1
2021-08-15 08:08:00,INT-CA-32OZ,1
2021-08-15 15:55:00,BIO-MA-32OZ,1
2021-08-15 12:47:00,CHL-CT-21LB,1
2021-08-15 13:59:00,AQU-CT-11LB,1
2021-08-15 14:18:00,AQU-PS-25LB,4
2021-08-15 12:39:00,CHL-PS-17LB,2
2021-08-15 12:33:00,INT-CHI-7LB,1
2021-08-15 13:27:00,INT-BA-32OZ,1
2021-08-15 10:20:00,CHL-PS-1LB,1
2021-08-15 15:48:00,INT-MA-1GAL,1
2021-08-15 10:35:00,INT-CT-25LB,1
2021-08-15 18:40:00,AQU-BA-32OZ,1
2021-08-15 15:03:00,INT-BA-32OZ,1
2021-08-16 08:14:00,INT-BA-32OZ,3
2021-08-16 10:02:00,BIO-MA-32OZ,1
2021-08-16 15:16:00,AQU-CT-11LB,1
2021-08-16 10:45:00,INT-LS-1GAL,1
2021-08-16 15:27:00,CHL-CT-1LB,1
2021-08-16 09:57:00,INT-AI-25LB,1
2021-08-16 15:02:00,BIO-PU-5LB,1
2021-08-16 15:22:00,INT-CT-25LB,2
2021-08-16 16:31:00,CHL-CT-1LB,1
2021-08-16 15:31:00,CHL-CT-1LB,1
2021-08-16 09:54:00,BIO-PD-2LB,2
2021-08-16 10:07:00,AQU-PS-5LB,1
2021-08-16 13:05:00,AQU-CT-11LB,1
2021-08-16 11:55:00,INT-CT-25LB,1
2021-08-16 12:11:00,CHL-CT-21LB,1
2021-08-16 10:47:00,INT-LS-1GAL,1
2021-08-16 16:52:00,AQU-CT-11LB,4
2021-08-16 12:36:00,AQU-BA-32OZ,1
2021-08-16 18:37:00,CHL-PS-1LB,2
2021-08-16 11:37:00,AQU-BA-32OZ,2
2021-08-16 08:33:00,AQU-PS-5LB,4
2021-08-16 17:11:00,AQU-PS-25LB,2
2021-08-16 14:58:00,AQU-BA-32OZ,1
2021-08-16 09:15:00,AQU-BA-32OZ,1
2021-08-16 15:43:00,HTH-AI-11LB,1
2021-08-16 09:56:00,INT-MA-1GAL,1
2021-08-17 12:43:00,AQU-CT-11LB,1
2021-08-17 18:07:00,INT-CA-32OZ,1
2021-08-17 14:23:00,CHL-CT-21LB,1
2021-08-17 17:59:00,INT-MA-1GAL,1
2021-08-17 09:53:00,CHL-PS-17LB,1
2021-08-17 13:09:00,CHL-CT-1LB,1
2021-08-17 08:05:00,AQU-CT-11LB,3
2021-08-17 15:53:00,INT-CA-32OZ,1
2021-08-17 18:30:00,AQU-PS-5LB,1
2021-08-17 15:40:00,CHL-PS-17LB,2
2021-08-17 12:38:00,AQU-PS-25LB,1
2021-08-17 18:00:00,INT-LS-1GAL,3
2021-08-17 13:02:00,AQU-PS-5LB,1
2021-08-17 18:39:00,CHL-PS-17LB,2
2021-08-17 15:20:00,AQU-BA-32OZ,1
2021-08-17 17:08:00,AQU-CT-11LB,3
2021-08-17 11:55:00,CHL-CT-21LB,1
2021-08-17 08:51:00,INT-CT-25LB,1
2021-08-17 18:18:00,AQU-PS-5LB,2
2021-08-17 13:51:00,AQU-CT-11LB,1
2021-08-17 08:47:00,BIO-MA-32OZ,1
2021-08-17 09:35:00,AQU-PS-5LB,1
2021-08-17 17:24:00,AQU-BA-32OZ,3
2021-08-17 09:25:00,INT-MA-1GAL,3
2021-08-17 12:11:00,CHL-PS-1LB,1
2021-08-17 11:49:00,BIO-MA-32OZ,1
2021-08-17 14:05:00,INT-CT-25LB,1
2021-08-17 08:54:00,CHL-CT-1LB,3
2021-08-17 11:10:00,CHL-CT-21LB,1
2021-08-17 14:49:00,HTH-F-2LB,1
2021-08-17 14:18:00,CHL-PS-17LB,1
2021-08-17 18:48:00,BIO-MA-32OZ,2
2021-08-17 18:09:00,BIO-MA-32OZ,2
2021-08-17 09:19:00,AQU-PS-25LB,3
2021-08-17 15:51:00,AQU-BA-32OZ,1
2021-08-17 14:47:00,AQU-PS-5LB,4
2021-08-18 12:57:00,AQU-BA-32OZ,3
2021-08-18 18:38:00,AQU-BA-32OZ,1
2021-08-18 10:22:00,INT-BA-32OZ,1
2021-08-18 18:06:00,CHL-PS-1LB,2
2021-08-18 13:32:00,CHL-CT-21LB,1
2021-08-18 11:31:00,CHL-CT-21LB,1
2021-08-18 15:56:00,CHL-PS-17LB,1
2021-08-18 14:30:00,CHL-PS-17LB,1
2021-08-18 12:36:00,HTH-AI-11LB,1
2021-08-18 17:27:00,AQU-PS-25LB,1
2021-08-18 09:48:00,INT-CT-25LB,1
2021-08-18 14:51:00,BIO-MA-32OZ,2
2021-08-18 13:39:00,AQU-PS-25LB,1
2021-08-18 10:27:00,INT-MA-1GAL,2
2021-08-18 18:27:00,INT-BA-32OZ,1
2021-08-18 09:02:00,CHL-CT-1LB,1
2021-08-18 16:21:00,CHL-PS-17LB,1
2021-08-18 15:43:00,INT-CT-25LB,1
2021-08-18 11:41:00,BIO-MA-32OZ,2
2021-08-18 18:45:00,INT-LS-1GAL,2
2021-08-18 10:59:00,AQU-PS-5LB,2
2021-08-18 15:33:00,CHL-PS-17LB,1
2021-08-18 18:41:00,INT-BA-32OZ,1
2021-08-18 16:05:00,AQU-BA-32OZ,1
2021-08-18 12:29:00,INT-LS-1GAL,1
2021-08-18 14:05:00,AQU-CT-11LB,1
2021-08-18 15:19:00,INT-BA-32OZ,2
2021-08-18 10:08:00,AQU-BA-32OZ,4
2021-08-18 18:57:00,AQU-PS-25LB,2
2021-08-18 12:53:00,CHL-CT-1LB,1
2021-08-18 11:33:00,AQU-CT-11LB,4
2021-08-18 14:18:00,INT-CA-32OZ,4
2021-08-18 17:03:00,BIO-MA-32OZ,3
2021-08-18 16:04:00,BIO-MA-32OZ,1
2021-08-18 08:32:00,AQU-PS-25LB,1
2021-08-18 09:32:00,CHL-PS-1LB,1
2021-08-18 14:26:00,CHL-CT-21LB,1
2021-08-18 09:29:00,HTH-AI-11LB,3
2021-08-18 18:46:00,CHL-PS-17LB,1
2021-08-18 17:52:00,AQU-CT-11LB,1
2021-08-18 12:22:00,BIO-MA-32OZ,1
2021-08-18 12:37:00,INT-CT-25LB,3
2021-08-18 09:49:00,BIO-MA-32OZ,1
2021-08-18 16:01:00,INT-CA-32OZ,1
2021-08-18 09:47:00,INT-LS-1GAL,1
2021-08-18 18:29:00,AQU-CT-11LB,1
2021-08-18 10:50:00,AQU-PS-25LB,1
2021-08-18 10:53:00,INT-CA-32OZ,1
2021-08-18 14:02:00,CHL-PS-1LB,2
2021-08-19 12:20:00,AQU-PS-25LB,1
2021-08-19 17:46:00,AQU-PS-25LB,1
2021-08-19 15:48:00,INT-CT-25LB,1
2021-08-19 18:28:00,CHL-CT-21LB,1
2021-08-19 17:51:00,INT-LS-1GAL,1
2021-08-19 12:21:00,CHL-PS-1LB,1
2021-08-19 10:13:00,INT-CA-32OZ,1
2021-08-19 10:05:00,BIO-MA-32OZ,1
2021-08-19 17:16:00,AQU-CT-11LB,1
2021-08-19 18:06:00,INT-CA-32OZ,1
2021-08-19 14:34:00,AQU-PS-5LB,1
2021-08-19 08:00:00,INT-LS-1GAL,1
2021-08-19 14:07:00,INT-BA-32OZ,1
2021-08-19 08:10:00,INT-CT-25LB,1
2021-08-19 18:30:00,INT-CA-32OZ,2
2021-08-19 15:44:00,CHL-CT-21LB,1
2021-08-19 14:55:00,AQU-BA-32OZ,1
2021-08-19 18:47:00,CHL-CT-1LB,2
2021-08-19 17:46:00,INT-CT-25LB,1
2021-08-19 15:19:00,AQU-BA-32OZ,1
2021-08-19 17:52:00,INT-CA-32OZ,2
2021-08-19 17:23:00,INT-MA-1GAL,1
2021-08-19 18:44:00,INT-CT-25LB,1
2021-08-19 18:25:00,INT-LS-1GAL,1
2021-08-20 09:08:00,CHL-CT-21LB,1
2021-08-20 10:00:00,AQU-PS-5LB,1
2021-08-20 11:07:00,INT-CA-32OZ,2
2021-08-20 08:44:00,AQU-BA-32OZ,1
2021-08-20 11:54:00,INT-MA-1GAL,3
2021-08-20 08:13:00,INT-LS-1GAL,1
2021-08-20 15:41:00,AQU-CT-11LB,1
2021-08-20 10:41:00,INT-CT-25LB,1
2021-08-20 11:27:00,INT-CA-32OZ,1
2021-08-20 18:54:00,AQU-PS-5LB,3
2021-08-20 16:12:00,INT-LS-1GAL,4
2021-08-20 09:19:00,AQU-PS-5LB,4
2021-08-20 15:09:00,AQU-PS-5LB,1
2021-08-20 15:27:00,CHL-PS-1LB,2
2021-08-20 08:07:00,AQU-BA-32OZ,1
2021-08-20 10:57:00,BIO-PD-2LB,1
2021-08-20 10:47:00,INT-CT-25LB,2
2021-08-20 15:31:00,INT-LS-1GAL,1
2021-08-20 15:01:00,AQU-BA-32OZ,3
2021-08-20 15:37:00,HTH-AI-11LB,3
2021-08-20 11:12:00,AQU-PS-5LB,2
2021-08-20 12:36:00,CHL-CT-1LB,4
2021-08-20 14:03:00,AQU-CT-11LB,1
2021-08-20 13:00:00,CHL-CT-21LB,1
2021-08-20 09:40:00,AQU-PS-5LB,3
2021-08-20 14:26:00,BIO-MA-32OZ,1
2021-08-20 15:47:00,BIO-MA-32OZ,1
2021-08-20 17:38:00,CHL-CT-1LB,1
2021-08-20 16:18:00,AQU-BA-32OZ,2
2021-08-20 08:31:00,CHL-CT-21LB,1
2021-08-20 14:31:00,AQU-PS-5LB,1
2021-08-20 16:37:00,CHL-PS-17LB,1
2021-08-20 17:59:00,INT-BA-32OZ,3
2021-08-20 18:57:00,CHL-CT-1LB,1
2021-08-20 15:14:00,INT-BA-32OZ,3
2021-08-20 08:33:00,INT-CA-32OZ,3
2021-08-20 08:27:00,CHL-CT-21LB,2
2021-08-20 17:20:00,AQU-PS-5LB,1
2021-08-20 16:04:00,CHL-CT-1LB,1
2021-08-20 12:57:00,BIO-PD-2LB,3
2021-08-20 18:26:00,AQU-PS-5LB,1
2021-08-20 15:07:00,CHL-CT-1LB,1
2021-08-20 15:39:00,INT-CT-25LB,3
2021-08-20 18:22:00,CHL-S-1LB,1
2021-08-21 14:01:00,CHL-PS-17LB,1
2021-08-21 10:18:00,CHL-CT-21LB,2
2021-08-21 11:30:00,AQU-PS-25LB,1
2021-08-21 13:28:00,CHL-CT-1LB,4
2021-08-21 11:32:00,AQU-CT-11LB,2
2021-08-21 11:37:00,INT-CA-32OZ,1
2021-08-21 18:21:00,INT-CT-25LB,3
2021-08-21 17:54:00,AQU-CT-11LB,3
2021-08-21 18:29:00,AQU-PS-25LB,1
2021-08-21 10:56:00,AQU-BA-32OZ,2
2021-08-21 12:46:00,CHL-CHI-20LB,1
2021-08-21 14:26:00,INT-MA-1GAL,2
2021-08-21 18:41:00,BIO-MA-32OZ,1
2021-08-21 13:50:00,CHL-CT-1LB,3
2021-08-21 15:51:00,AQU-CT-11LB,1
2021-08-21 10:39:00,AQU-CT-11LB,1
2021-08-21 11:18:00,AQU-CT-11LB,1
2021-08-21 09:42:00,AQU-BA-32OZ,1
2021-08-21 15:08:00,INT-CT-25LB,1
2021-08-21 10:12:00,CHL-PS-1LB,1
2021-08-21 10:38:00,INT-CA-32OZ,1
2021-08-21 15:06:00,AQU-BA-32OZ,1
2021-08-21 14:31:00,CHL-PS-17LB,1
2021-08-21 12:15:00,CHL-PS-1LB,2
2021-08-21 11:35:00,AQU-BA-32OZ,1
2021-08-21 08:01:00,CHL-PS-17LB,1
2021-08-21 13:56:00,AQU-CT-11LB,4
2021-08-21 12:22:00,AQU-PS-25LB,2
2021-08-21 18:10:00,AQU-CT-11LB,1
2021-08-21 10:52:00,AQU-CT-11LB,1
2021-08-21 16:02:00,BIO-MA-32OZ,1
2021-08-21 09:21:00,INT-CA-32OZ,1
2021-08-21 14:07:00,INT-MA-1GAL,1
2021-08-21 17:14:00,AQU-BA-32OZ,2
2021-08-21 09:35:00,INT-AI-5LB,1
2021-08-21 11:31:00,INT-CA-32OZ,1
2021-08-22 13:50:00,CHL-PS-17LB,1
2021-08-22 13:49:00,CHL-PS-17LB,4
2021-08-22 08:49:00,AQU-PS-5LB,1
2021-08-22 16:17:00,INT-CT-25LB,1
2021-08-22 10:54:00,INT-BA-32OZ,1
2021-08-22 16:38:00,CHL-CT-21LB,1
2021-08-22 18:06:00,INT-MA-1GAL,2
2021-08-22 08:59:00,HTH-AI-11LB,1
2021-08-22 15:51:00,INT-LS-1GAL,1
2021-08-22 15:53:00,CHL-PS-1LB,1
2021-08-22 09:06:00,INT-BA-32OZ,1
2021-08-22 17:39:00,CHL-CT-21LB,3
2021-08-22 09:52:00,INT-BA-32OZ,1
2021-08-22 16:02:00,CHL-CT-1LB,1
2021-08-22 16:06:00,CHL-PS-17LB,1
2021-08-22 10:40:00,CHL-CT-1LB,3
2021-08-22 09:55:00,INT-CA-32OZ,1
2021-08-22 11:58:00,CHL-CT-1LB,1
2021-08-22 13:10:00,BIO-MA-32OZ,1
2021-08-22 12:45:00,AQU-PS-25LB,1
2021-08-22 15:48:00,CHL-PS-17LB,2
2021-08-22 16:31:00,AQU-PS-25LB,1
2021-08-22 09:09:00,AQU-CT-11LB,1
2021-08-22 18:23:00,AQU-BA-32OZ,3
2021-08-22 13:52:00,AQU-CT-11LB,1
2021-08-22 10:07:00,AQU-CT-11LB,1
2021-08-22 11:28:00,CHL-CT-21LB,1
2021-08-22 14:49:00,CHL-PS-17LB,1
2021-08-22 08:15:00,CHL-PS-17LB,2
2021-08-22 15:21:00,INT-LS-1GAL,2
2021-08-22 12:32:00,CHL-PS-1LB,1
2021-08-22 10:05:00,INT-CA-32OZ,1
2021-08-22 12:23:00,BIO-MA-32OZ,1
2021-08-22 14:23:00,INT-CT-25LB,1
2021-08-22 18:42:00,AQU-CT-11LB,1
2021-08-22 11:09:00,AQU-CT-11LB,1
2021-08-22 16:26:00,AQU-CT-11LB,1
2021-08-22 11:08:00,AQU-PS-25LB,1
2021-08-22 14:26:00,INT-LS-1GAL,2
2021-08-22 14:57:00,BIO-MA-32OZ,1
2021-08-22 15:54:00,CHL-S-1LB,1
2021-08-22 16:50:00,CHL-PU-2LB,2
2021-08-23 08:28:00,AQU-PS-25LB,1
2021-08-23 10:49:00,INT-CA-32OZ,1
2021-08-23 08:45:00,BIO-MA-32OZ,1
2021-08-23 16:04:00,BIO-MA-32OZ,1
2021-08-23 09:21:00,CHL-PS-17LB,1
2021-08-23 13:25:00,CHL-CT-1LB,1
2021-08-23 10:27:00,INT-CA-32OZ,1
2021-08-23 08:25:00,INT-LS-1GAL,2
2021-08-23 08:42:00,CHL-PS-1LB,3
2021-08-23 18:09:00,AQU-CHI-11LB,1
2021-08-23 17:03:00,INT-LS-1GAL,1
2021-08-23 18:45:00,BIO-MA-32OZ,1
2021-08-23 18:56:00,INT-BA-32OZ,2
2021-08-23 16:18:00,AQU-PS-5LB,2
2021-08-23 14:25:00,INT-CA-32OZ,1
2021-08-23 18:44:00,AQU-BA-32OZ,2
2021-08-23 16:55:00,CHL-PS-17LB,1
2021-08-23 12:46:00,CHL-CT-21LB,1
2021-08-23 13:58:00,INT-MA-1GAL,1
2021-08-23 13:00:00,INT-BA-32OZ,1
2021-08-23 12:57:00,CHL-PS-1LB,3
2021-08-23 16:39:00,AQU-BA-32OZ,1
2021-08-23 10:44:00,AQU-PS-25LB,1
2021-08-23 14:28:00,CHL-CT-1LB,1
2021-08-23 18:13:00,CHL-CT-21LB,4
2021-08-23 16:39:00,INT-CT-25LB,3
2021-08-23 17:41:00,INT-BA-32OZ,1
2021-08-23 15:44:00,AQU-BA-32OZ,1
2021-08-23 13:56:00,AQU-BA-32OZ,1
2021-08-23 18:25:00,AQU-PS-5LB,3
2021-08-23 11:56:00,INT-CT-25LB,3
2021-08-23 12:05:00,INT-MA-1GAL,1
2021-08-23 08:34:00,CHL-CT-21LB,1
2021-08-24 10:33:00,INT-CT-25LB,2
2021-08-24 16:18:00,AQU-PS-25LB,1
2021-08-24 11:05:00,INT-CA-32OZ,1
2021-08-24 16:35:00,BIO-MA-32OZ,1
2021-08-24 12:33:00,INT-MA-1GAL,1
2021-08-24 13:48:00,AQU-PS-5LB,1
2021-08-24 18:10:00,AQU-PS-5LB,4
2021-08-24 08:01:00,CHL-PS-1LB,2
2021-08-24 16:37:00,CHL-CT-21LB,1
2021-08-24 12:15:00,CHL-PS-1LB,1
2021-08-24 12:46:00,INT-CT-25LB,1
2021-08-24 14:32:00,AQU-BA-32OZ,1
2021-08-24 09:46:00,AQU-CT-11LB,1
2021-08-24 08:53:00,AQU-PS-5LB,3
2021-08-24 13:16:00,CHL-CT-1LB,1
2021-08-24 18:32:00,CHL-CT-1LB,1
2021-08-24 13:07:00,CHL-CT-21LB,1
2021-08-24 08:48:00,CHL-PS-1LB,1
2021-08-24 18:07:00,BIO-MA-32OZ,1
2021-08-24 15:19:00,AQU-BA-32OZ,1
2021-08-24 17:47:00,BIO-MA-32OZ,1
2021-08-24 08:29:00,INT-CT-25LB,1
2021-08-24 13:15:00,CHL-PS-1LB,1
2021-08-24 17:36:00,AQU-PS-5LB,1
2021-08-24 18:42:00,CHL-CT-21LB,1
2021-08-24 16:54:00,BIO-MA-32OZ,1
2021-08-24 17:14:00,INT-CT-25LB,1
2021-08-24 13:19:00,AQU-CT-11LB,1
2021-08-24 12:42:00,BIO-MA-32OZ,1
2021-08-24 17:43:00,CHL-PS-1LB,1
2021-08-24 10:45:00,CHL-PS-17LB,3
2021-08-24 14:33:00,AQU-BA-32OZ,1
2021-08-24 11:06:00,AQU-PS-5LB,1
2021-08-24 13:33:00,INT-CT-25LB,1
2021-08-24 17:12:00,INT-CA-32OZ,1
2021-08-24 13:29:00,INT-LS-1GAL,1
2021-08-25 14:53:00,BIO-MA-32OZ,1
2021-08-25 14:05:00,INT-CT-25LB,3
2021-08-25 09:03:00,AQU-BA-32OZ,1
2021-08-25 14:56:00,CHL-PS-17LB,2
2021-08-25 10:30:00,AQU-CT-11LB,1
2021-08-25 11:28:00,AQU-BA-32OZ,1
2021-08-25 09:23:00,CHL-PS-1LB,1
2021-08-25 18:33:00,INT-CT-25LB,1
2021-08-25 14:37:00,INT-LS-1GAL,1
2021-08-25 16:33:00,INT-LS-1GAL,1
2021-08-25 14:55:00,CHL-PS-1LB,3
2021-08-25 12:37:00,AQU-PS-25LB,4
2021-08-25 15:40:00,CHL-PS-17LB,2
2021-08-25 14:28:00,AQU-PS-25LB,1
2021-08-25 15:46:00,AQU-BA-32OZ,3
2021-08-25 14:52:00,CHL-CT-1LB,2
2021-08-25 10:09:00,CHL-CT-21LB,3
2021-08-25 16:08:00,INT-LS-1GAL,1
2021-08-25 15:45:00,AQU-CT-11LB,1
2021-08-25 15:08:00,AQU-BA-32OZ,1
2021-08-25 16:55:00,CHL-PS-17LB,1
2021-08-25 16:07:00,INT-BA-32OZ,1
2021-08-25 11:29:00,CHL-CT-1LB,3
2021-08-25 15:02:00,AQU-PS-25LB,1
2021-08-25 10:35:00,INT-CA-32OZ,1
2021-08-25 13:58:00,INT-MA-1GAL,2
2021-08-25 09:38:00,AQU-CT-11LB,1
2021-08-25 14:07:00,INT-BA-32OZ,1
2021-08-26 17:18:00,AQU-BA-32OZ,1
2021-08-26 08:33:00,INT-LS-1GAL,1
2021-08-26 10:07:00,CHL-PS-1LB,1
2021-08-26 13:19:00,AQU-BA-32OZ,1
2021-08-26 13:19:00,INT-BA-32OZ,1
2021-08-26 12:31:00,AQU-BA-32OZ,1
2021-08-26 08:50:00,AQU-BA-32OZ,1
2021-08-26 10:09:00,BIO-PD-2LB,1
2021-08-26 17:26:00,AQU-PS-25LB,1
2021-08-26 08:59:00,CHL-CT-21LB,1
2021-08-26 12:56:00,INT-CT-25LB,1
2021-08-26 12:13:00,CHL-PS-1LB,3
2021-08-26 10:52:00,INT-BA-32OZ,3
2021-08-26 15:00:00,INT-BA-32OZ,1
2021-08-26 09:35:00,CHL-CT-21LB,1
2021-08-26 13:04:00,CHL-S-1LB,1
2021-08-26 08:26:00,AQU-BA-32OZ,3
2021-08-26 15:36:00,INT-BA-32OZ,3
2021-08-26 12:36:00,CHL-CT-1LB,4
2021-08-26 15:57:00,INT-BA-32OZ,1
2021-08-26 13:50:00,AQU-BA-32OZ,1
2021-08-26 14:30:00,AQU-CT-11LB,1
2021-08-26 17:08:00,CHL-PS-17LB,1
2021-08-26 10:32:00,BIO-MA-32OZ,1
2021-08-26 18:29:00,AQU-PS-25LB,1
2021-08-26 15:42:00,CHL-CT-1LB,2
2021-08-26 15:09:00,BIO-MA-32OZ,3
2021-08-26 13:05:00,INT-CT-25LB,1
2021-08-26 17:42:00,BIO-PU-5LB,2
2021-08-26 17:26:00,INT-CT-25LB,1
2021-08-26 14:14:00,BIO-PU-5LB,2
2021-08-26 14:21:00,CHL-CT-1LB,2
2021-08-26 16:02:00,CHL-PS-1LB,1
2021-08-26 18:56:00,CHL-CT-1LB,1
2021-08-26 15:47:00,CHL-PS-1LB,1
2021-08-26 12:41:00,INT-BA-32OZ,2
2021-08-26 09:55:00,AQU-CHI-11LB,1
2021-08-27 08:36:00,CHL-PS-17LB,2
2021-08-27 18:50:00,INT-CA-32OZ,1
2021-08-27 12:35:00,AQU-BA-32OZ,2
2021-08-27 18:07:00,CHL-PS-1LB,1
2021-08-27 18:35:00,CHL-PS-1LB,1
2021-08-27 09:12:00,CHL-CT-21LB,1
2021-08-27 17:34:00,AQU-PS-25LB,3
2021-08-27 17:48:00,CHL-CT-1LB,1
2021-08-27 08:36:00,INT-LS-1GAL,1
2021-08-27 16:12:00,CHL-CT-1LB,1
2021-08-27 15:32:00,AQU-PS-5LB,2
2021-08-27 08:07:00,HTH-F-2LB,1
2021-08-27 18:59:00,CHL-CT-1LB,1
2021-08-27 16:11:00,INT-CA-32OZ,1
2021-08-27 08:17:00,AQU-BA-32OZ,1
2021-08-27 11:15:00,AQU-CT-11LB,1
2021-08-27 17:28:00,INT-MA-1GAL,2
2021-08-27 09:51:00,CHL-PS-1LB,1
2021-08-27 16:38:00,AQU-CT-11LB,1
2021-08-27 13:25:00,INT-BA-32OZ,2
2021-08-27 17:02:00,INT-CA-32OZ,4
2021-08-27 15:55:00,AQU-PS-25LB,3
2021-08-27 08:21:00,INT-CA-32OZ,1
2021-08-27 14:11:00,INT-CA-32OZ,1
2021-08-27 14:01:00,BIO-MA-32OZ,1
2021-08-27 16:20:00,INT-LS-1GAL,1
2021-08-27 14:16:00,INT-BA-32OZ,1
2021-08-27 09:07:00,CHL-PS-1LB,1
2021-08-27 09:34:00,INT-CT-25LB,3
2021-08-27 10:18:00,BIO-PD-2LB,1
2021-08-27 10:11:00,INT-CA-32OZ,1
2021-08-27 12:49:00,INT-CA-32OZ,1
2021-08-27 09:09:00,CHL-CT-1LB,1
2021-08-27 12:26:00,CHL-PS-1LB,2
2021-08-27 18:10:00,BIO-MA-32OZ,1
2021-08-27 08:39:00,AQU-CT-11LB,3
2021-08-27 13:11:00,BIO-MA-32OZ,1
2021-08-28 08:19:00,INT-LS-1GAL,1
2021-08-28 14:06:00,CHL-CT-21LB,1
2021-08-28 13:09:00,INT-LS-1GAL,3
2021-08-28 14:57:00,INT-BA-32OZ,4
2021-08-28 13:16:00,INT-CA-32OZ,3
2021-08-28 14:52:00,AQU-PS-25LB,2
2021-08-28 09:03:00,CHL-PS-1LB,1
2021-08-28 11:15:00,AQU-CT-11LB,1
2021-08-28 17:37:00,AQU-BA-32OZ,3
2021-08-28 11:31:00,CHL-PS-1LB,1
2021-08-28 16:48:00,CHL-CT-1LB,1
2021-08-28 16:24:00,BIO-MA-32OZ,1
2021-08-28 09:17:00,INT-MA-1GAL,1
2021-08-28 08:20:00,INT-BA-32OZ,1
2021-08-28 15:35:00,AQU-PS-25LB,1
2021-08-28 14:04:00,BIO-MA-32OZ,2
2021-08-28 15:01:00,INT-LS-1GAL,1
2021-08-28 14:40:00,CHL-PS-1LB,1
2021-08-28 11:58:00,AQU-CT-11LB,1
2021-08-28 08:17:00,BIO-MA-32OZ,2
2021-08-28 16:37:00,INT-MA-1GAL,1
2021-08-28 18:06:00,INT-MA-1GAL,1
2021-08-28 11:48:00,INT-CT-25LB,4
2021-08-28 16:41:00,INT-BA-32OZ,1
2021-08-28 10:19:00,INT-CA-32OZ,3
2021-08-28 17:26:00,BIO-MA-32OZ,1
2021-08-28 15:05:00,INT-BA-32OZ,4
2021-08-28 18:32:00,AQU-PS-5LB,1
2021-08-28 11:50:00,INT-LS-1GAL,1
2021-08-28 10:23:00,INT-CT-25LB,1
2021-08-28 16:10:00,CHL-PS-17LB,1
2021-08-28 11:34:00,AQU-PS-5LB,1
2021-08-28 14:58:00,BIO-MA-32OZ,1
2021-08-28 16:28:00,AQU-CT-11LB,3
2021-08-29 15:53:00,INT-CT-25LB,2
2021-08-29 17:18:00,AQU-BA-32OZ,3
2021-08-29 18:10:00,BIO-MA-32OZ,1
2021-08-29 08:03:00,CHL-PS-1LB,1
2021-08-29 15:17:00,CHL-PS-17LB,2
2021-08-29 17:16:00,INT-BA-32OZ,1
2021-08-29 18:24:00,BIO-MA-32OZ,1
2021-08-29 13:53:00,AQU-CT-11LB,1
2021-08-29 18:13:00,AQU-CT-11LB,1
2021-08-29 17:53:00,CHL-PS-1LB,1
2021-08-29 16:18:00,INT-CA-32OZ,3
2021-08-29 08:10:00,CHL-CT-1LB,1
2021-08-29 16:36:00,INT-BA-32OZ,3
2021-08-29 09:19:00,AQU-PS-25LB,1
2021-08-29 09:25:00,BIO-MA-32OZ,1
2021-08-29 09:53:00,AQU-PS-5LB,1
2021-08-29 10:46:00,CHL-PS-17LB,1
2021-08-29 16:17:00,CHL-CT-21LB,3
2021-08-29 14:13:00,AQU-CT-11LB,1
2021-08-29 17:32:00,AQU-PS-25LB,3
2021-08-29 13:56:00,CHL-PS-17LB,1
2021-08-29 18:21:00,CHL-PS-17LB,2
2021-08-29 18:16:00,AQU-CT-11LB,1
2021-08-29 15:17:00,CHL-CT-1LB,3
2021-08-29 11:42:00,CHL-CT-21LB,2
2021-08-29 13:21:00,AQU-BA-32OZ,3
2021-08-29 11:29:00,INT-LS-1GAL,4
2021-08-29 17:21:00,CHL-PS-1LB,1
2021-08-29 08:58:00,AQU-BA-32OZ,1
2021-08-30 18:59:00,AQU-PS-25LB,1
2021-08-30 08:38:00,INT-CT-25LB,1
2021-08-30 15:00:00,INT-CA-32OZ,3
2021-08-30 08:43:00,INT-BA-32OZ,1
2021-08-30 10:26:00,AQU-PD-5LB,1
2021-08-30 16:57:00,CHL-PS-17LB,1
2021-08-30 15:48:00,INT-CT-25LB,1
2021-08-30 14:34:00,AQU-PS-5LB,1
2021-08-30 09:50:00,AQU-PS-25LB,1
2021-08-30 18:41:00,BIO-MA-32OZ,2
2021-08-30 09:34:00,AQU-PS-25LB,1
2021-08-30 08:57:00,HTH-S-5LB,1
2021-08-30 18:28:00,AQU-BA-32OZ,1
2021-08-30 18:07:00,INT-MA-1GAL,1
2021-08-30 13:52:00,AQU-CT-11LB,2
2021-08-30 14:52:00,INT-CT-25LB,1
2021-08-30 17:22:00,CHL-CT-21LB,2
2021-08-30 14:11:00,CHL-PS-1LB,1
2021-08-30 08:07:00,AQU-CT-11LB,1
2021-08-30 15:23:00,INT-BA-32OZ,1
2021-08-30 11:28:00,AQU-CT-11LB,1
2021-08-30 08:14:00,CHL-CT-21LB,1
2021-08-30 08:48:00,CHL-PS-1LB,1
2021-08-30 12:43:00,INT-MA-1GAL,1
2021-08-30 13:12:00,INT-CA-32OZ,1
2021-08-30 09:52:00,AQU-PS-5LB,1
2021-08-30 17:40:00,AQU-CT-11LB,4
2021-08-31 11:14:00,CHL-CT-1LB,3
2021-08-31 15:23:00,INT-CT-25LB,1
2021-08-31 08:17:00,AQU-PS-25LB,1
2021-08-31 15:57:00,INT-MA-1GAL,1
2021-08-31 17:13:00,AQU-CT-11LB,1
2021-08-31 08:12:00,BIO-MA-32OZ,1
2021-08-31 18:25:00,BIO-MA-32OZ,1
2021-08-31 09:55:00,AQU-BA-32OZ,2
2021-08-31 12:36:00,CHL-PS-17LB,1
2021-08-31 16:31:00,INT-LS-1GAL,1
2021-08-31 10:35:00,AQU-BA-32OZ,1
2021-08-31 11:42:00,CHL-CT-1LB,1
2021-08-31 17:43:00,CHL-CT-1LB,3
2021-08-31 18:38:00,CHL-CT-1LB,4
2021-08-31 17:11:00,INT-MA-1GAL,1
2021-08-31 09:37:00,CHL-PS-17LB,3
2021-08-31 10:47:00,CHL-CT-1LB,1
2021-08-31 09:08:00,AQU-PS-25LB,1
2021-08-31 12:59:00,BIO-MA-32OZ,1
2021-08-31 17:54:00,AQU-PS-5LB,3
2021-08-31 11:56:00,INT-CA-32OZ,1
2021-08-31 16:46:00,INT-CA-32OZ,1
2021-08-31 12:12:00,INT-CA-32OZ,1
2021-08-31 18:01:00,AQU-PS-25LB,2
2021-08-31 18:34:00,CHL-CT-1LB,4
2021-08-31 17:16:00,INT-LS-1GAL,3
2021-08-31 18:35:00,AQU-PD-5LB,1
2021-08-31 15:00:00,BIO-MA-32OZ,1
2021-09-01 18:43:00,CHL-PU-2LB,1
2021-09-01 18:03:00,INT-CA-32OZ,1
2021-09-01 13:27:00,AQU-PS-25LB,1
2021-09-01 14:17:00,AQU-CT-11LB,2
2021-09-01 09:43:00,INT-CT-25LB,1
2021-09-01 16:29:00,INT-LS-1GAL,1
2021-09-01 15:23:00,CHL-PS-1LB,2
2021-09-01 16:48:00,AQU-CHI-11LB,1
2021-09-01 08:56:00,CHL-PS-1LB,1
2021-09-01 11:03:00,INT-BA-32OZ,1
2021-09-01 12:58:00,BIO-MA-32OZ,1
2021-09-01 14:34:00,INT-CA-32OZ,1
2021-09-01 15:20:00,INT-LS-1GAL,1
2021-09-01 08:25:00,CHL-PS-17LB,1
2021-09-01 11:21:00,AQU-BA-32OZ,1
2021-09-01 09:56:00,BIO-MA-32OZ,1
2021-09-01 17:51:00,CHL-PS-17LB,1
2021-09-01 08:47:00,CHL-CT-21LB,1
2021-09-01 11:44:00,AQU-PS-5LB,1
2021-09-01 14:04:00,AQU-PS-5LB,1
2021-09-01 11:12:00,CHL-CT-1LB,1
2021-09-01 10:21:00,BIO-PD-2LB,1
2021-09-01 12:04:00,INT-CA-32OZ,1
2021-09-01 18:40:00,INT-BA-32OZ,1
2021-09-01 09:01:00,INT-MA-1GAL,1
2021-09-01 15:27:00,BIO-MA-32OZ,1
2021-09-01 08:37:00,AQU-PS-5LB,1
2021-09-01 18:59:00,CHL-PS-1LB,1
2021-09-01 13:53:00,CHL-PS-17LB,1
2021-09-01 12:15:00,INT-AI-25LB,1
2021-09-01 09:30:00,BIO-MA-32OZ,1
2021-09-01 11:21:00,CHL-CT-21LB,3
2021-09-01 08:52:00,AQU-BA-32OZ,2
2021-09-01 13:33:00,INT-LS-1GAL,1
2021-09-01 11:04:00,AQU-PS-25LB,1
2021-09-01 17:39:00,AQU-CT-11LB,2
2021-09-01 15:48:00,AQU-BA-32OZ,1
2021-09-01 09:40:00,CHL-PS-1LB,3
2021-09-01 15:37:00,CHL-PS-17LB,1
2021-09-01 09:05:00,CHL-PS-1LB,1
2021-09-01 08:58:00,AQU-CHI-11LB,1
2021-09-01 08:24:00,AQU-CT-11LB,1
2021-09-01 13:56:00,AQU-BA-32OZ,3
2021-09-01 09:50:00,AQU-PS-25LB,1
2021-09-01 10:03:00,INT-CT-25LB,1
2021-09-01 15:03:00,INT-BA-32OZ,1
2021-09-01 12:39:00,AQU-PS-5LB,1
2021-09-01 18:27:00,AQU-PS-25LB,3
2021-09-01 09:06:00,CHL-PS-1LB,1
2021-09-01 18:03:00,HTH-F-2LB,1
2021-09-01 16:03:00,INT-BA-32OZ,1
2021-09-01 12:54:00,INT-CT-25LB,2
2021-09-01 14:25:00,INT-LS-1GAL,2
2021-09-01 09:39:00,INT-CT-25LB,1
2021-09-01 14:14:00,CHL-CT-21LB,1
2021-09-01 17:50:00,CHL-PS-17LB,1
2021-09-01 18:39:00,INT-LS-1GAL,1
2021-09-01 08:29:00,INT-CA-32OZ,1
2021-09-01 14:29:00,INT-MA-1GAL,1
2021-09-01 14:56:00,CHL-CT-1LB,2
2021-09-01 17:39:00,CHL-CT-21LB,1
2021-09-01 09:21:00,CHL-PS-1LB,1
2021-09-01 18:43:00,AQU-PS-25LB,4
2021-09-01 08:29:00,INT-LS-1GAL,3
2021-09-01 16:21:00,INT-BA-32OZ,1
2021-09-01 17:12:00,CHL-CT-21LB,2
2021-09-01 09:06:00,AQU-BA-32OZ,1
2021-09-01 08:38:00,INT-LS-1GAL,1
2021-09-01 09:37:00,CHL-PS-1LB,1
2021-09-01 11:57:00,AQU-BA-32OZ,1
2021-09-01 17:08:00,INT-CA-32OZ,1
2021-09-01 18:32:00,CHL-CT-1LB,1
2021-09-01 12:22:00,INT-CA-32OZ,3
2021-09-02 17:28:00,AQU-PS-5LB,2
2021-09-02 10:15:00,CHL-CT-21LB,1
2021-09-02 10:51:00,INT-AI-5LB,1
2021-09-02 08:03:00,AQU-BA-32OZ,1
2021-09-02 10:19:00,CHL-CT-1LB,3
2021-09-02 17:27:00,AQU-BA-32OZ,1
2021-09-02 16:41:00,INT-CT-25LB,2
2021-09-02 13:19:00,BIO-MA-32OZ,1
2021-09-02 17:56:00,BIO-MA-32OZ,1
2021-09-02 16:49:00,AQU-CT-11LB,1
2021-09-02 10:09:00,CHL-CT-21LB,3
2021-09-02 15:19:00,CHL-CT-21LB,4
2021-09-02 17:21:00,CHL-PS-17LB,2
2021-09-02 12:23:00,BIO-MA-32OZ,1
2021-09-02 08:33:00,INT-CT-25LB,1
2021-09-02 17:42:00,AQU-BA-32OZ,2
2021-09-02 18:09:00,AQU-PS-5LB,2
2021-09-02 08:15:00,CHL-CT-1LB,1
2021-09-02 16:52:00,AQU-BA-32OZ,1
2021-09-02 16:54:00,BIO-MA-32OZ,1
2021-09-02 08:27:00,CHL-PS-1LB,1
2021-09-02 13:12:00,AQU-PS-5LB,2
2021-09-02 11:40:00,AQU-PS-25LB,1
2021-09-02 11:50:00,AQU-PS-5LB,1
2021-09-02 09:21:00,BIO-MA-32OZ,1
2021-09-02 11:42:00,INT-BA-32OZ,3
2021-09-02 15:44:00,INT-BA-32OZ,2
2021-09-02 15:38:00,AQU-PS-5LB,1
2021-09-02 13:54:00,AQU-BA-32OZ,2
2021-09-02 17:36:00,INT-BA-32OZ,1
2021-09-02 13:39:00,CHL-CT-1LB,1
2021-09-02 12:26:00,BIO-MA-32OZ,1
2021-09-02 13:10:00,AQU-CT-11LB,3
2021-09-02 09:29:00,INT-LS-1GAL,1
2021-09-02 08:31:00,AQU-BA-32OZ,2
2021-09-02 11:58:00,CHL-CT-21LB,1
2021-09-02 08:40:00,AQU-PS-25LB,1
2021-09-02 11:44:00,CHL-CT-1LB,2
2021-09-02 11:29:00,INT-MA-1GAL,2
2021-09-02 17:13:00,CHL-CT-1LB,2
2021-09-02 11:30:00,INT-LS-1GAL,1
2021-09-02 13:51:00,CHL-PS-1LB,1
2021-09-02 14:13:00,AQU-BA-32OZ,1
2021-09-02 14:11:00,CHL-PS-17LB,4
2021-09-02 08:23:00,CHL-PS-1LB,2
2021-09-02 08:04:00,INT-LS-1GAL,1
2021-09-02 13:01:00,CHL-PU-2LB,1
2021-09-02 16:07:00,CHL-CT-21LB,1
2021-09-02 10:18:00,CHL-PS-1LB,1
2021-09-02 15:12:00,AQU-PS-5LB,1
2021-09-02 18:37:00,INT-CA-32OZ,1
2021-09-02 13:02:00,INT-LS-1GAL,1
2021-09-02 08:12:00,BIO-PD-2LB,3
2021-09-02 11:18:00,INT-CA-32OZ,3
2021-09-02 10:14:00,INT-LS-1GAL,1
2021-09-02 12:46:00,INT-CT-25LB,1
2021-09-02 10:21:00,AQU-CT-11LB,1
2021-09-02 16:15:00,AQU-CHI-11LB,2
2021-09-02 10:12:00,AQU-CT-11LB,2
2021-09-02 08:11:00,AQU-PS-25LB,1
2021-09-02 12:58:00,CHL-CT-1LB,1
2021-09-02 09:01:00,CHL-PS-1LB,2
2021-09-03 10:24:00,CHL-CT-1LB,1
2021-09-03 18:50:00,AQU-PS-5LB,1
2021-09-03 09:21:00,AQU-BA-32OZ,1
2021-09-03 11:19:00,INT-MA-1GAL,4
2021-09-03 15:15:00,CHL-CT-1LB,1
2021-09-03 13:51:00,AQU-BA-32OZ,4
2021-09-03 13:42:00,INT-CT-25LB,2
2021-09-03 10:33:00,BIO-MA-32OZ,1
2021-09-03 17:56:00,INT-CT-25LB,2
2021-09-03 14:56:00,INT-BA-32OZ,1
2021-09-03 09:07:00,INT-LS-1GAL,1
2021-09-03 10:56:00,AQU-PS-25LB,3
2021-09-03 10:50:00,CHL-PS-1LB,1
2021-09-03 11:12:00,INT-LS-1GAL,1
2021-09-03 16:24:00,CHL-CT-21LB,1
2021-09-03 13:20:00,CHL-PS-17LB,1
2021-09-03 17:27:00,CHL-CT-21LB,1
2021-09-03 18:15:00,INT-MA-1GAL,1
2021-09-03 08:48:00,CHL-PS-1LB,2
2021-09-03 17:37:00,INT-LS-1GAL,1
2021-09-03 11:54:00,AQU-PS-25LB,1
2021-09-03 16:18:00,INT-CA-32OZ,3
2021-09-03 10:20:00,AQU-PS-25LB,1
2021-09-03 11:03:00,AQU-CT-11LB,3
2021-09-03 18:50:00,AQU-BA-32OZ,1
2021-09-03 12:55:00,AQU-PS-5LB,1
2021-09-03 10:54:00,AQU-PS-5LB,1
2021-09-03 16:37:00,CHL-PS-17LB,1
2021-09-03 15:13:00,INT-MA-1GAL,4
2021-09-03 09:50:00,CHL-CT-1LB,1
2021-09-03 15:50:00,AQU-BA-32OZ,1
2021-09-03 18:39:00,INT-BA-32OZ,1
2021-09-03 09:10:00,CHL-PS-17LB,1
2021-09-03 16:24:00,AQU-PS-5LB,1
2021-09-03 18:48:00,AQU-PS-25LB,1
2021-09-03 16:23:00,AQU-PS-5LB,3
2021-09-03 15:33:00,CHL-CT-21LB,1
2021-09-03 15:11:00,INT-CT-25LB,1
2021-09-03 13:45:00,CHL-PS-17LB,2
2021-09-03 13:33:00,AQU-PS-5LB,1
2021-09-03 15:45:00,INT-CA-32OZ,1
2021-09-03 15:30:00,INT-LS-1GAL,1
2021-09-03 12:37:00,AQU-CT-11LB,2
2021-09-03 14:40:00,INT-CT-25LB,1
2021-09-03 17:41:00,INT-CA-32OZ,1
2021-09-03 08:13:00,INT-LS-1GAL,1
2021-09-03 11:57:00,INT-LS-1GAL,4
2021-09-03 11:28:00,BIO-MA-32OZ,1
2021-09-03 11:25:00,CHL-PS-1LB,1
2021-09-03 11:19:00,AQU-PS-25LB,1
2021-09-03 14:56:00,CHL-CT-21LB,3
2021-09-03 14:36:00,INT-CA-32OZ,1
2021-09-03 10:59:00,CHL-CT-1LB,1
2021-09-03 13:16:00,BIO-MA-32OZ,2
2021-09-03 16:05:00,AQU-BA-32OZ,1
2021-09-04 09:18:00,INT-CT-25LB,1
2021-09-04 15:33:00,AQU-CT-11LB,1
2021-09-04 13:14:00,AQU-PS-25LB,1
2021-09-04 17:02:00,CHL-PS-1LB,1
2021-09-04 15:32:00,CHL-PS-1LB,1
2021-09-04 17:21:00,AQU-PS-25LB,1
2021-09-04 14:28:00,AQU-CHI-11LB,1
2021-09-04 15:27:00,AQU-PS-5LB,1
2021-09-04 14:23:00,AQU-BA-32OZ,1
2021-09-04 15:20:00,INT-LS-1GAL,1
2021-09-04 12:24:00,INT-CA-32OZ,2
2021-09-04 08:11:00,INT-BA-32OZ,3
2021-09-04 15:14:00,AQU-BA-32OZ,1
2021-09-04 12:41:00,AQU-CT-11LB,1
2021-09-04 09:22:00,BIO-MA-32OZ,1
2021-09-04 09:18:00,CHL-CHI-20LB,1
2021-09-04 16:32:00,AQU-CT-11LB,3
2021-09-04 16:41:00,AQU-PS-25LB,1
2021-09-04 09:50:00,AQU-PS-5LB,1
2021-09-04 12:59:00,CHL-PS-17LB,1
2021-09-04 11:06:00,CHL-CT-1LB,4
2021-09-04 09:04:00,CHL-CHI-20LB,1
2021-09-04 13:02:00,INT-CA-32OZ,1
2021-09-04 16:12:00,CHL-PS-1LB,1
2021-09-04 13:12:00,HTH-S-5LB,3
2021-09-04 18:21:00,CHL-PS-17LB,1
2021-09-04 12:19:00,AQU-PS-25LB,1
2021-09-04 18:54:00,INT-CT-25LB,1
2021-09-04 12:12:00,INT-CA-32OZ,1
2021-09-04 17:08:00,BIO-PU-5LB,1
2021-09-04 16:58:00,AQU-CT-11LB,2
2021-09-04 12:00:00,BIO-MA-32OZ,1
2021-09-04 12:18:00,INT-LS-1GAL,3
2021-09-04 13:50:00,CHL-PS-17LB,1
2021-09-04 14:25:00,AQU-CT-11LB,2
2021-09-04 17:48:00,INT-CA-32OZ,3
2021-09-04 18:00:00,CHL-CT-21LB,1
2021-09-04 15:41:00,INT-CT-25LB,2
2021-09-04 16:48:00,AQU-PS-5LB,1
2021-09-04 10:55:00,CHL-PS-1LB,1
2021-09-04 14:14:00,AQU-BA-32OZ,1
2021-09-05 11:30:00,INT-CHI-7LB,1
2021-09-05 11:33:00,AQU-BA-32OZ,2
2021-09-05 17:50:00,INT-LS-1GAL,4
2021-09-05 16:48:00,INT-LS-1GAL,3
2021-09-05 15:46:00,AQU-BA-32OZ,2
2021-09-05 15:21:00,INT-CT-25LB,1
2021-09-05 09:20:00,CHL-CT-21LB,1
2021-09-05 11:27:00,BIO-MA-32OZ,2
2021-09-05 14:13:00,AQU-BA-32OZ,1
2021-09-05 15:28:00,BIO-MA-32OZ,3
2021-09-05 16:01:00,BIO-MA-32OZ,1
2021-09-05 13:08:00,AQU-PS-5LB,1
2021-09-05 17:55:00,INT-CT-25LB,1
2021-09-05 10:19:00,AQU-CHI-11LB,1
2021-09-05 08:31:00,INT-LS-1GAL,1
2021-09-05 18:53:00,BIO-MA-32OZ,3
2021-09-05 13:21:00,BIO-MA-32OZ,1
2021-09-05 11:26:00,INT-BA-32OZ,3
2021-09-05 14:43:00,AQU-CT-11LB,1
2021-09-05 14:48:00,CHL-PS-17LB,1
2021-09-05 16:19:00,INT-CA-32OZ,1
2021-09-05 13:37:00,AQU-PS-25LB,1
2021-09-05 08:36:00,CHL-CT-21LB,1
2021-09-05 08:59:00,INT-BA-32OZ,1
2021-09-05 10:09:00,AQU-PS-5LB,1
2021-09-05 13:36:00,INT-LS-1GAL,1
2021-09-05 18:51:00,CHL-PS-1LB,3
2021-09-05 17:58:00,INT-BA-32OZ,1
2021-09-05 17:36:00,CHL-PS-1LB,4
2021-09-05 14:24:00,INT-BA-32OZ,1
2021-09-05 11:25:00,INT-BA-32OZ,2
2021-09-05 09:34:00,BIO-MA-32OZ,1
2021-09-05 14:12:00,AQU-CT-11LB,1
2021-09-05 15:06:00,BIO-PD-2LB,1
2021-09-05 13:36:00,CHL-PS-17LB,3
2021-09-05 15:40:00,AQU-BA-32OZ,4
2021-09-05 12:05:00,AQU-BA-32OZ,4
2021-09-05 10:06:00,AQU-PS-25LB,2
2021-09-05 18:35:00,BIO-MA-32OZ,1
2021-09-05 10:02:00,AQU-PS-5LB,4
2021-09-05 17:31:00,INT-LS-1GAL,3
2021-09-05 08:11:00,CHL-PS-1LB,1
2021-09-05 11:04:00,AQU-CT-11LB,1
2021-09-05 14:18:00,INT-BA-32OZ,1
2021-09-05 11:14:00,AQU-PS-5LB,1
2021-09-05 12:42:00,CHL-CT-1LB,1
2021-09-05 16:04:00,BIO-MA-32OZ,1
2021-09-05 15:03:00,AQU-PS-5LB,1
2021-09-05 13:33:00,AQU-PS-5LB,1
2021-09-05 08:10:00,AQU-PS-25LB,3
2021-09-06 14:25:00,CHL-CT-21LB,2
2021-09-06 10:07:00,CHL-CHI-20LB,1
2021-09-06 10:34:00,CHL-PS-1LB,1
2021-09-06 14:30:00,BIO-MA-32OZ,2
2021-09-06 09:24:00,INT-BA-32OZ,4
2021-09-06 11:08:00,CHL-CT-21LB,3
2021-09-06 11:19:00,INT-AI-5LB,2
2021-09-06 14:52:00,INT-LS-1GAL,1
2021-09-06 18:30:00,CHL-CT-21LB,1
2021-09-06 10:38:00,AQU-BA-32OZ,1
2021-09-06 17:19:00,AQU-PS-25LB,2
2021-09-06 17:12:00,AQU-PS-5LB,1
2021-09-06 16:45:00,CHL-CT-1LB,1
2021-09-06 18:29:00,CHL-PS-17LB,3
2021-09-06 12:12:00,AQU-CT-11LB,3
2021-09-06 08:09:00,AQU-CT-11LB,1
2021-09-06 15:04:00,CHL-PS-17LB,1
2021-09-06 14:38:00,CHL-CT-21LB,1
2021-09-06 11:33:00,CHL-CT-1LB,1
2021-09-06 13:58:00,AQU-PS-25LB,1
2021-09-06 17:56:00,BIO-MA-32OZ,3
2021-09-06 15:29:00,AQU-PS-5LB,1
2021-09-06 15:36:00,CHL-S-1LB,1
2021-09-06 08:47:00,INT-AI-25LB,1
2021-09-06 09:18:00,AQU-BA-32OZ,1
2021-09-06 18:56:00,INT-MA-1GAL,1
2021-09-06 15:22:00,INT-BA-32OZ,1
2021-09-06 12:25:00,AQU-PS-25LB,2
2021-09-06 17:52:00,CHL-CT-21LB,3
2021-09-06 10:26:00,AQU-CT-11LB,3
2021-09-06 11:11:00,AQU-CT-11LB,4
2021-09-06 17:46:00,CHL-S-1LB,1
2021-09-06 14:29:00,AQU-BA-32OZ,2
2021-09-06 14:58:00,CHL-PS-17LB,1
2021-09-06 18:11:00,AQU-PS-5LB,2
2021-09-06 17:06:00,CHL-PS-17LB,1
2021-09-06 14:44:00,CHL-CT-1LB,1
2021-09-07 11:56:00,AQU-BA-32OZ,4
2021-09-07 10:17:00,AQU-CT-11LB,1
2021-09-07 18:34:00,INT-CA-32OZ,1
2021-09-07 12:42:00,AQU-CT-11LB,1
2021-09-07 09:44:00,CHL-CT-21LB,1
2021-09-07 11:58:00,INT-CA-32OZ,1
2021-09-07 15:26:00,AQU-BA-32OZ,1
2021-09-07 16:07:00,AQU-PS-25LB,3
2021-09-07 13:04:00,CHL-CT-21LB,1
2021-09-07 09:32:00,INT-CT-25LB,1
2021-09-07 13:26:00,BIO-MA-32OZ,1
2021-09-07 15:10:00,INT-CA-32OZ,1
2021-09-07 12:13:00,CHL-CT-1LB,4
2021-09-07 16:02:00,BIO-MA-32OZ,1
2021-09-07 15:01:00,AQU-PS-25LB,1
2021-09-07 09:40:00,INT-BA-32OZ,2
2021-09-07 18:47:00,INT-CA-32OZ,1
2021-09-07 15:24:00,BIO-MA-32OZ,1
2021-09-07 13:47:00,AQU-PS-5LB,1
2021-09-07 14:54:00,INT-MA-1GAL,2
2021-09-07 11:25:00,INT-CT-25LB,1
2021-09-07 08:00:00,AQU-PD-5LB,1
2021-09-07 12:07:00,INT-LS-1GAL,4
2021-09-07 10:20:00,AQU-BA-32OZ,1
2021-09-07 18:47:00,AQU-CT-11LB,1
2021-09-07 15:31:00,CHL-PS-17LB,4
2021-09-07 15:04:00,CHL-CT-1LB,3
2021-09-07 09:35:00,CHL-PS-17LB,1
2021-09-07 18:15:00,CHL-PS-1LB,2
2021-09-07 15:08:00,INT-CT-25LB,1
2021-09-07 15:52:00,CHL-PS-1LB,1
2021-09-07 12:53:00,AQU-PS-5LB,1
2021-09-07 10:10:00,INT-CT-25LB,1
2021-09-07 08:38:00,INT-CT-25LB,1
2021-09-07 09:11:00,AQU-PS-25LB,1
2021-09-07 12:07:00,AQU-PS-5LB,2
2021-09-07 16:47:00,INT-CT-25LB,1
2021-09-07 14:10:00,CHL-PS-17LB,3
2021-09-07 09:42:00,INT-CA-32OZ,1
2021-09-07 08:43:00,CHL-CT-1LB,1
2021-09-07 12:09:00,INT-AI-25LB,2
2021-09-07 15:22:00,INT-LS-1GAL,2
2021-09-07 10:13:00,INT-CA-32OZ,1
2021-09-08 18:34:00,AQU-PS-5LB,2
2021-09-08 11:28:00,AQU-PS-25LB,2
2021-09-08 08:53:00,HTH-F-2LB,1
2021-09-08 18:51:00,AQU-CT-11LB,2
2021-09-08 16:41:00,BIO-MA-32OZ,2
2021-09-08 18:45:00,INT-LS-1GAL,1
2021-09-08 18:57:00,INT-CT-25LB,4
2021-09-08 09:24:00,INT-LS-1GAL,3
2021-09-08 12:28:00,AQU-PS-25LB,4
2021-09-08 08:38:00,INT-BA-32OZ,1
2021-09-08 08:03:00,INT-CT-25LB,1
2021-09-08 14:49:00,AQU-PS-25LB,1
2021-09-08 11:59:00,AQU-PS-5LB,1
2021-09-08 11:23:00,INT-CA-32OZ,1
2021-09-08 11:12:00,AQU-PS-5LB,3
2021-09-08 09:01:00,INT-CT-25LB,4
2021-09-08 14:01:00,INT-BA-32OZ,1
2021-09-08 08:21:00,AQU-CT-11LB,1
2021-09-08 11:43:00,CHL-PS-1LB,1
2021-09-08 18:04:00,AQU-PS-5LB,1
2021-09-08 11:56:00,AQU-CT-11LB,1
2021-09-08 09:51:00,AQU-PS-5LB,1
2021-09-08 18:10:00,INT-CT-25LB,1
2021-09-08 10:02:00,CHL-PS-1LB,1
2021-09-08 14:32:00,CHL-CT-1LB,1
2021-09-08 09:52:00,CHL-CT-1LB,1
2021-09-08 13:20:00,CHL-CT-21LB,1
2021-09-08 16:40:00,INT-LS-1GAL,1
2021-09-08 11:39:00,AQU-BA-32OZ,2
2021-09-08 11:59:00,CHL-CT-21LB,1
2021-09-08 16:25:00,CHL-CT-1LB,3
2021-09-08 14:07:00,CHL-PS-1LB,4
2021-09-08 11:13:00,INT-BA-32OZ,1
2021-09-08 09:22:00,CHL-PS-1LB,1
2021-09-08 13:11:00,AQU-CT-11LB,1
2021-09-08 08:25:00,AQU-PS-25LB,3
2021-09-08 18:20:00,CHL-CT-21LB,1
2021-09-08 08:24:00,AQU-PS-5LB,2
2021-09-09 11:04:00,INT-BA-32OZ,1
2021-09-09 18:52:00,CHL-CT-21LB,1
2021-09-09 12:41:00,INT-CT-25LB,1
2021-09-09 17:23:00,INT-MA-1GAL,1
2021-09-09 08:04:00,INT-LS-1GAL,1
2021-09-09 11:26:00,BIO-MA-32OZ,1
2021-09-09 12:49:00,INT-LS-1GAL,1
2021-09-09 17:31:00,INT-LS-1GAL,2
2021-09-09 09:45:00,AQU-PS-5LB,2
2021-09-09 16:50:00,CHL-PS-1LB,1
2021-09-09 17:10:00,AQU-BA-32OZ,1
2021-09-09 12:06:00,INT-LS-1GAL,1
2021-09-09 17:20:00,INT-CT-25LB,1
2021-09-09 18:44:00,CHL-CHI-20LB,4
2021-09-09 14:43:00,INT-BA-32OZ,1
2021-09-09 10:21:00,AQU-CT-11LB,1
2021-09-09 10:40:00,AQU-PS-5LB,1
2021-09-09 13:54:00,AQU-PS-5LB,1
2021-09-09 18:30:00,CHL-PS-17LB,1
2021-09-09 09:21:00,BIO-MA-32OZ,1
2021-09-09 08:38:00,INT-LS-1GAL,1
2021-09-09 17:28:00,CHL-CT-21LB,1
2021-09-09 14:32:00,INT-CT-25LB,4
2021-09-09 18:47:00,AQU-PS-5LB,1
2021-09-09 11:32:00,AQU-CT-11LB,4
2021-09-09 17:45:00,INT-CA-32OZ,3
2021-09-09 08:14:00,INT-LS-1GAL,4
2021-09-09 08:39:00,AQU-PS-5LB,1
2021-09-09 09:19:00,AQU-BA-32OZ,3
2021-09-09 11:47:00,AQU-PS-5LB,1
2021-09-09 14:48:00,CHL-PS-1LB,1
2021-09-09 11:39:00,CHL-PS-17LB,4
2021-09-09 09:03:00,INT-BA-32OZ,2
2021-09-09 10:23:00,BIO-MA-32OZ,1
2021-09-09 15:18:00,BIO-MA-32OZ,1
2021-09-09 11:09:00,INT-LS-1GAL,1
2021-09-09 14:13:00,CHL-CT-21LB,2
2021-09-09 18:02:00,INT-CHI-7LB,1
2021-09-09 11:59:00,INT-CA-32OZ,1
2021-09-09 17:28:00,BIO-MA-32OZ,1
2021-09-09 13:08:00,CHL-PS-1LB,1
2021-09-09 12:20:00,INT-CT-25LB,1
2021-09-09 18:50:00,BIO-PU-5LB,1
2021-09-09 08:33:00,AQU-PD-5LB,2
2021-09-09 14:41:00,INT-LS-1GAL,1
2021-09-10 08:14:00,INT-BA-32OZ,1
2021-09-10 13:21:00,AQU-CT-11LB,4
2021-09-10 11:13:00,AQU-PS-25LB,1
2021-09-10 16:03:00,INT-LS-1GAL,2
2021-09-10 18:15:00,INT-CA-32OZ,1
2021-09-10 18:44:00,AQU-PS-5LB,1
2021-09-10 11:38:00,AQU-CT-11LB,1
2021-09-10 14:33:00,AQU-CHI-11LB,1
2021-09-10 13:11:00,AQU-PS-25LB,3
2021-09-10 15:40:00,AQU-CT-11LB,1
2021-09-10 08:04:00,AQU-PS-5LB,1
2021-09-10 15:04:00,INT-MA-1GAL,1
2021-09-10 11:03:00,INT-LS-1GAL,1
2021-09-10 18:09:00,AQU-BA-32OZ,1
2021-09-10 11:08:00,CHL-CT-21LB,4
2021-09-10 09:11:00,CHL-PS-17LB,2
2021-09-10 17:35:00,INT-CT-25LB,1
2021-09-10 11:15:00,INT-LS-1GAL,1
2021-09-10 16:05:00,INT-BA-32OZ,1
2021-09-10 14:46:00,CHL-CT-1LB,1
2021-09-10 15:19:00,CHL-PS-1LB,4
2021-09-10 10:46:00,AQU-CT-11LB,4
2021-09-10 11:15:00,AQU-PS-5LB,1
2021-09-10 14:11:00,CHL-PS-17LB,2
2021-09-10 17:15:00,BIO-MA-32OZ,1
2021-09-10 12:18:00,AQU-BA-32OZ,1
2021-09-10 17:28:00,INT-CT-25LB,4
2021-09-10 18:12:00,AQU-BA-32OZ,4
2021-09-10 12:55:00,INT-LS-1GAL,1
2021-09-10 15:05:00,CHL-PS-17LB,1
2021-09-10 13:25:00,BIO-MA-32OZ,1
2021-09-10 14:10:00,INT-BA-32OZ,1
2021-09-10 15:28:00,INT-LS-1GAL,1
2021-09-10 14:32:00,AQU-CT-11LB,2
2021-09-10 17:47:00,CHL-PS-17LB,2
2021-09-10 14:48:00,CHL-PS-1LB,1
2021-09-10 10:52:00,INT-BA-32OZ,3
2021-09-10 15:01:00,AQU-PS-25LB,1
2021-09-10 14:27:00,CHL-CT-21LB,1
2021-09-10 09:48:00,BIO-MA-32OZ,2
2021-09-10 12:38:00,CHL-PS-17LB,1
2021-09-10 16:09:00,BIO-MA-32OZ,1
2021-09-10 16:46:00,INT-CT-25LB,1
2021-09-10 10:16:00,INT-CT-25LB,1
2021-09-10 14:29:00,BIO-MA-32OZ,1
2021-09-10 12:29:00,AQU-PS-25LB,2
2021-09-10 12:24:00,CHL-PS-1LB,1
2021-09-10 16:38:00,CHL-CT-1LB,1
2021-09-10 15:04:00,AQU-BA-32OZ,2
2021-09-10 13:08:00,CHL-PS-1LB,2
2021-09-10 15:12:00,CHL-CT-21LB,3
2021-09-10 10:58:00,INT-LS-1GAL,1
2021-09-10 11:00:00,CHL-CT-21LB,1
2021-09-10 08:55:00,AQU-CT-11LB,1
2021-09-10 16:46:00,INT-CA-32OZ,1
2021-09-10 13:31:00,CHL-S-1LB,1
2021-09-10 14:59:00,INT-BA-32OZ,3
2021-09-11 14:47:00,INT-BA-32OZ,3
2021-09-11 13:24:00,BIO-MA-32OZ,1
2021-09-11 15:19:00,INT-CT-25LB,1
2021-09-11 18:37:00,CHL-CT-21LB,1
2021-09-11 09:26:00,INT-CA-32OZ,1
2021-09-11 08:58:00,CHL-CT-1LB,1
2021-09-11 09:24:00,HTH-F-2LB,1
2021-09-11 17:10:00,CHL-PS-1LB,1
2021-09-11 11:48:00,INT-AI-5LB,4
2021-09-11 14:16:00,INT-BA-32OZ,3
2021-09-11 13:32:00,AQU-PS-25LB,4
2021-09-11 15:40:00,CHL-PS-17LB,1
2021-09-11 13:44:00,AQU-PS-5LB,1
2021-09-11 08:41:00,BIO-MA-32OZ,1
2021-09-11 14:59:00,INT-AI-25LB,1
2021-09-11 14:47:00,CHL-PS-17LB,1
2021-09-11 11:15:00,INT-BA-32OZ,2
2021-09-11 15:02:00,AQU-CT-11LB,1
2021-09-11 13:40:00,AQU-PS-25LB,1
2021-09-11 18:01:00,AQU-CHI-11LB,1
2021-09-11 18:41:00,AQU-BA-32OZ,1
2021-09-11 10:16:00,AQU-PS-25LB,4
2021-09-11 17:29:00,AQU-CT-11LB,1
2021-09-11 18:09:00,CHL-PS-17LB,1
2021-09-11 12:15:00,BIO-MA-32OZ,1
2021-09-11 17:37:00,AQU-BA-32OZ,1
2021-09-11 18:53:00,AQU-PS-5LB,1
2021-09-11 10:00:00,CHL-CT-21LB,4
2021-09-11 09:49:00,INT-BA-32OZ,1
2021-09-11 09:41:00,AQU-BA-32OZ,2
2021-09-11 14:25:00,CHL-PS-1LB,2
2021-09-11 17:57:00,INT-LS-1GAL,1
2021-09-11 09:33:00,AQU-PS-25LB,1
2021-09-11 11:56:00,AQU-CT-11LB,1
2021-09-11 14:10:00,CHL-PS-17LB,2
2021-09-11 14:16:00,AQU-CHI-11LB,2
2021-09-11 12:32:00,INT-LS-1GAL,1
2021-09-11 16:42:00,AQU-PS-25LB,1
2021-09-11 14:37:00,CHL-CT-21LB,1
2021-09-11 12:46:00,INT-CA-32OZ,1
2021-09-11 14:48:00,INT-LS-1GAL,1
2021-09-11 09:06:00,INT-BA-32OZ,1
2021-09-11 18:36:00,AQU-PS-25LB,1
2021-09-11 13:52:00,AQU-PS-25LB,1
2021-09-11 10:17:00,BIO-MA-32OZ,3
2021-09-11 11:59:00,AQU-PS-25LB,1
2021-09-11 14:44:00,INT-CA-32OZ,1
2021-09-11 12:00:00,CHL-CT-1LB,1
2021-09-11 10:52:00,AQU-PS-25LB,2
2021-09-11 15:00:00,BIO-MA-32OZ,1
2021-09-11 09:04:00,INT-LS-1GAL,1
2021-09-11 14:33:00,AQU-PS-5LB,4
2021-09-11 14:41:00,INT-BA-32OZ,1
2021-09-11 12:46:00,INT-CA-32OZ,2
2021-09-11 14:10:00,BIO-MA-32OZ,1
2021-09-11 10:23:00,CHL-PS-17LB,1
2021-09-11 10:45:00,CHL-CT-1LB,4
2021-09-11 10:12:00,INT-BA-32OZ,4
2021-09-11 15:11:00,CHL-PS-17LB,3
2021-09-11 16:07:00,INT-LS-1GAL,4
2021-09-11 15:36:00,CHL-PS-17LB,1
2021-09-11 11:11:00,BIO-MA-32OZ,1
2021-09-12 10:51:00,AQU-CT-11LB,1
2021-09-12 11:16:00,CHL-PS-1LB,2
2021-09-12 14:28:00,INT-BA-32OZ,1
2021-09-12 18:58:00,CHL-PS-1LB,1
2021-09-12 17:06:00,CHL-PS-1LB,1
2021-09-12 18:10:00,INT-CT-25LB,1
2021-09-12 09:18:00,CHL-PS-17LB,1
2021-09-12 09:24:00,CHL-PS-1LB,1
2021-09-12 09:17:00,CHL-PS-17LB,1
2021-09-12 09:21:00,INT-BA-32OZ,2
2021-09-12 08:37:00,AQU-PS-25LB,1
2021-09-12 11:30:00,AQU-PS-5LB,1
2021-09-12 15:43:00,INT-MA-1GAL,1
2021-09-12 09:00:00,AQU-PS-25LB,1
2021-09-12 08:17:00,INT-CT-25LB,1
2021-09-12 08:42:00,INT-BA-32OZ,3
2021-09-12 17:50:00,AQU-CT-11LB,1
2021-09-12 08:06:00,INT-LS-1GAL,1
2021-09-12 11:33:00,INT-CT-25LB,1
2021-09-12 08:24:00,INT-BA-32OZ,1
2021-09-12 17:33:00,AQU-BA-32OZ,1
2021-09-12 12:59:00,BIO-MA-32OZ,1
2021-09-12 15:30:00,INT-BA-32OZ,3
2021-09-12 13:38:00,CHL-CT-1LB,2
2021-09-12 14:21:00,INT-CA-32OZ,1
2021-09-12 13:43:00,INT-CT-25LB,1
2021-09-12 13:20:00,INT-AI-5LB,2
2021-09-12 11:23:00,AQU-PS-5LB,1
2021-09-12 18:25:00,INT-CT-25LB,1
2021-09-12 14:39:00,CHL-PS-1LB,1
2021-09-12 08:22:00,CHL-CT-1LB,1
2021-09-12 13:51:00,BIO-MA-32OZ,3
2021-09-12 09:00:00,INT-CA-32OZ,2
2021-09-12 15:55:00,AQU-PS-25LB,1
2021-09-12 14:46:00,CHL-PS-17LB,2
2021-09-12 10:01:00,INT-MA-1GAL,2
2021-09-12 17:07:00,AQU-BA-32OZ,1
2021-09-12 16:17:00,CHL-CT-1LB,1
2021-09-12 11:23:00,AQU-PS-5LB,1
2021-09-12 15:39:00,INT-BA-32OZ,1
2021-09-12 18:42:00,CHL-CT-21LB,1
2021-09-12 15:32:00,AQU-PS-25LB,1
2021-09-12 14:42:00,AQU-CT-11LB,1
2021-09-12 11:00:00,BIO-MA-32OZ,1
2021-09-12 18:52:00,INT-CT-25LB,3
2021-09-12 13:01:00,AQU-BA-32OZ,3
2021-09-12 18:23:00,AQU-PS-25LB,1
2021-09-12 08:51:00,AQU-PS-25LB,1
2021-09-12 13:43:00,AQU-BA-32OZ,1
2021-09-12 15:14:00,AQU-PS-5LB,1
2021-09-13 14:47:00,CHL-PS-17LB,1
2021-09-13 17:50:00,INT-CA-32OZ,3
2021-09-13 09:22:00,INT-MA-1GAL,1
2021-09-13 14:59:00,INT-LS-1GAL,1
2021-09-13 15:42:00,CHL-CT-1LB,3
2021-09-13 09:46:00,INT-CT-25LB,2
2021-09-13 14:18:00,AQU-CT-11LB,1
2021-09-13 17:12:00,CHL-PS-1LB,1
2021-09-13 10:55:00,INT-CA-32OZ,1
2021-09-13 16:56:00,INT-CA-32OZ,2
2021-09-13 17:50:00,CHL-CT-1LB,2
2021-09-13 16:02:00,CHL-CT-1LB,1
2021-09-13 10:31:00,INT-CA-32OZ,4
2021-09-13 09:19:00,INT-LS-1GAL,1
2021-09-13 18:35:00,CHL-PS-17LB,1
2021-09-13 15:10:00,INT-BA-32OZ,3
2021-09-13 15:07:00,CHL-CT-1LB,1
2021-09-13 15:42:00,INT-LS-1GAL,1
2021-09-13 16:15:00,INT-LS-1GAL,1
2021-09-13 11:13:00,INT-CA-32OZ,1
2021-09-13 10:48:00,CHL-CT-21LB,2
2021-09-13 18:44:00,AQU-PS-25LB,1
2021-09-13 09:06:00,INT-BA-32OZ,1
2021-09-13 14:45:00,AQU-CT-11LB,1
2021-09-13 08:10:00,BIO-MA-32OZ,2
2021-09-13 13:57:00,INT-LS-1GAL,1
2021-09-13 14:49:00,AQU-PS-5LB,1
2021-09-13 12:14:00,INT-CT-25LB,1
2021-09-13 12:42:00,INT-LS-1GAL,2
2021-09-13 15:57:00,INT-LS-1GAL,2
2021-09-13 18:07:00,INT-CA-32OZ,1
2021-09-13 18:08:00,INT-CA-32OZ,2
2021-09-13 16:40:00,CHL-CT-1LB,1
2021-09-13 15:05:00,CHL-CT-21LB,3
2021-09-13 13:55:00,INT-BA-32OZ,1
2021-09-13 11:59:00,INT-BA-32OZ,1
2021-09-13 17:49:00,INT-CT-25LB,2
2021-09-13 17:04:00,CHL-CT-21LB,2
2021-09-13 18:21:00,INT-CA-32OZ,1
2021-09-13 14:58:00,CHL-PS-17LB,2
2021-09-13 14:41:00,INT-MA-1GAL,1
2021-09-13 18:50:00,AQU-CT-11LB,1
2021-09-13 16:54:00,INT-CA-32OZ,2
2021-09-13 14:51:00,CHL-PS-17LB,3
2021-09-13 11:14:00,CHL-PS-17LB,2
2021-09-13 12:07:00,AQU-CT-11LB,1
2021-09-13 12:05:00,CHL-PS-17LB,1
2021-09-13 09:05:00,INT-BA-32OZ,1
2021-09-13 13:47:00,AQU-PS-5LB,1
2021-09-14 11:47:00,INT-CA-32OZ,1
2021-09-14 09:36:00,CHL-CT-21LB,1
2021-09-14 13:08:00,AQU-BA-32OZ,3
2021-09-14 13:24:00,INT-BA-32OZ,3
2021-09-14 17:47:00,BIO-MA-32OZ,2
2021-09-14 08:19:00,INT-CT-25LB,1
2021-09-14 08:37:00,AQU-PS-25LB,1
2021-09-14 16:12:00,INT-CT-25LB,1
2021-09-14 14:27:00,AQU-PS-25LB,1
2021-09-14 13:49:00,AQU-PS-25LB,1
2021-09-14 13:51:00,BIO-PU-5LB,2
2021-09-14 18:59:00,INT-BA-32OZ,1
2021-09-14 10:33:00,AQU-CT-11LB,1
2021-09-14 18:38:00,AQU-BA-32OZ,1
2021-09-14 17:14:00,AQU-PS-5LB,2
2021-09-14 09:25:00,CHL-PS-17LB,1
2021-09-14 08:34:00,CHL-PS-1LB,1
2021-09-14 15:20:00,CHL-PS-17LB,1
2021-09-14 10:52:00,INT-BA-32OZ,2
2021-09-14 12:53:00,CHL-CT-1LB,3
2021-09-14 11:31:00,AQU-PS-25LB,1
2021-09-14 18:29:00,CHL-PS-17LB,1
2021-09-14 10:38:00,CHL-CT-1LB,1
2021-09-14 12:09:00,INT-CA-32OZ,1
2021-09-14 18:54:00,INT-CT-25LB,3
2021-09-14 08:38:00,INT-LS-1GAL,1
2021-09-14 13:19:00,INT-CA-32OZ,1
2021-09-14 16:44:00,CHL-PS-17LB,1
2021-09-14 09:17:00,AQU-CT-11LB,1
2021-09-14 17:30:00,CHL-PS-17LB,3
2021-09-14 18:53:00,INT-CA-32OZ,1
2021-09-14 11:31:00,INT-BA-32OZ,3
2021-09-14 12:45:00,AQU-PS-5LB,1
2021-09-14 14:03:00,CHL-CT-21LB,2
2021-09-14 13:09:00,CHL-PS-1LB,4
2021-09-14 11:54:00,AQU-CT-11LB,1
2021-09-14 11:44:00,INT-LS-1GAL,1
2021-09-14 08:59:00,BIO-MA-32OZ,4
2021-09-14 10:54:00,CHL-CT-1LB,4
2021-09-14 15:46:00,BIO-MA-32OZ,1
2021-09-14 14:19:00,INT-BA-32OZ,1
2021-09-14 18:58:00,CHL-CT-21LB,1
2021-09-14 10:01:00,INT-BA-32OZ,1
2021-09-14 16:25:00,BIO-MA-32OZ,2
2021-09-14 13:27:00,AQU-PS-25LB,1
2021-09-14 18:30:00,AQU-CT-11LB,1
2021-09-14 13:48:00,INT-LS-1GAL,1
2021-09-14 14:25:00,INT-LS-1GAL,1
2021-09-14 09:33:00,CHL-PS-1LB,1
2021-09-14 12:18:00,BIO-MA-32OZ,4
2021-09-14 11:44:00,AQU-CT-11LB,1
2021-09-15 14:06:00,CHL-PS-17LB,1
2021-09-15 10:20:00,CHL-PS-17LB,1
2021-09-15 17:55:00,AQU-PD-5LB,1
2021-09-15 08:54:00,INT-CA-32OZ,1
2021-09-15 12:29:00,CHL-CT-1LB,1
2021-09-15 18:10:00,CHL-CT-1LB,1
2021-09-15 17:08:00,CHL-CT-1LB,1
2021-09-15 15:44:00,INT-LS-1GAL,1
2021-09-15 15:18:00,CHL-PU-2LB,1
2021-09-15 10:13:00,CHL-PS-17LB,1
2021-09-15 11:51:00,AQU-BA-32OZ,1
2021-09-15 11:47:00,AQU-CT-11LB,1
2021-09-15 18:00:00,AQU-CT-11LB,1
2021-09-15 13:46:00,INT-MA-1GAL,3
2021-09-15 17:06:00,AQU-PS-5LB,1
2021-09-15 18:50:00,AQU-PS-25LB,1
2021-09-15 10:24:00,AQU-BA-32OZ,1
2021-09-15 14:43:00,INT-LS-1GAL,1
2021-09-15 10:59:00,BIO-MA-32OZ,1
2021-09-15 08:06:00,AQU-CT-11LB,1
2021-09-15 13:30:00,INT-LS-1GAL,4
2021-09-15 10:03:00,CHL-CT-21LB,1
2021-09-15 09:32:00,CHL-CT-21LB,2
2021-09-16 17:27:00,INT-CT-25LB,1
2021-09-16 10:40:00,INT-CA-32OZ,3
2021-09-16 14:15:00,CHL-CT-1LB,1
2021-09-16 08:07:00,CHL-S-1LB,1
2021-09-16 11:25:00,INT-CT-25LB,1
2021-09-16 15:19:00,CHL-CT-21LB,1
2021-09-16 17:11:00,INT-CA-32OZ,2
2021-09-16 18:47:00,CHL-CT-21LB,1
2021-09-16 14:49:00,AQU-PS-5LB,1
2021-09-16 18:42:00,INT-LS-1GAL,1
2021-09-16 09:49:00,INT-MA-1GAL,2
2021-09-16 15:55:00,INT-BA-32OZ,1
2021-09-16 18:24:00,CHL-PS-17LB,4
2021-09-16 12:40:00,CHL-CT-1LB,1
2021-09-16 18:28:00,CHL-CT-21LB,3
2021-09-16 13:00:00,AQU-BA-32OZ,1
2021-09-16 09:07:00,AQU-BA-32OZ,1
2021-09-16 09:07:00,CHL-PS-1LB,2
2021-09-17 18:58:00,AQU-BA-32OZ,1
2021-09-17 16:14:00,INT-CT-25LB,2
2021-09-17 08:37:00,BIO-MA-32OZ,3
2021-09-17 17:36:00,CHL-CT-21LB,4
2021-09-17 15:17:00,HTH-F-2LB,1
2021-09-17 09:50:00,AQU-BA-32OZ,1
2021-09-17 17:11:00,CHL-CT-1LB,1
2021-09-17 14:30:00,CHL-PS-1LB,1
2021-09-17 18:44:00,AQU-BA-32OZ,1
2021-09-17 14:19:00,AQU-CT-11LB,3
2021-09-17 17:08:00,AQU-CT-11LB,1
2021-09-17 09:20:00,AQU-CT-11LB,1
2021-09-17 09:45:00,INT-CT-25LB,2
2021-09-17 16:11:00,AQU-CT-11LB,2
2021-09-17 14:52:00,CHL-CT-21LB,1
2021-09-17 08:25:00,INT-BA-32OZ,2
2021-09-17 16:52:00,CHL-CT-21LB,1
2021-09-17 16:50:00,CHL-PS-17LB,1
2021-09-17 16:31:00,INT-LS-1GAL,1
2021-09-18 17:34:00,CHL-CT-21LB,1
2021-09-18 18:07:00,AQU-BA-32OZ,1
2021-09-18 11:42:00,AQU-CT-11LB,2
2021-09-18 09:11:00,INT-CT-25LB,1
2021-09-18 17:44:00,CHL-CT-1LB,2
2021-09-18 10:00:00,HTH-AI-11LB,3
2021-09-18 16:28:00,INT-LS-1GAL,4
2021-09-18 13:07:00,CHL-PS-1LB,1
2021-09-18 08:08:00,BIO-MA-32OZ,1
2021-09-18 17:13:00,CHL-PS-1LB,1
2021-09-18 18:10:00,AQU-CT-11LB,2
2021-09-18 09:35:00,INT-CT-25LB,1
2021-09-18 12:54:00,CHL-CT-21LB,3
2021-09-18 08:05:00,BIO-MA-32OZ,1
2021-09-18 09:32:00,INT-CHI-7LB,2
2021-09-18 12:23:00,CHL-PS-1LB,1
2021-09-19 10:27:00,CHL-PS-17LB,2
2021-09-19 18:00:00,CHL-PS-17LB,1
2021-09-19 11:19:00,AQU-PS-5LB,3
2021-09-19 08:33:00,INT-LS-1GAL,3
2021-09-19 12:42:00,INT-MA-1GAL,1
2021-09-19 16:28:00,AQU-CT-11LB,1
2021-09-19 10:36:00,AQU-BA-32OZ,1
2021-09-19 15:44:00,AQU-PS-5LB,1
2021-09-19 13:33:00,CHL-CT-1LB,3
2021-09-19 13:38:00,INT-BA-32OZ,3
2021-09-19 16:32:00,CHL-CT-1LB,1
2021-09-19 11:44:00,HTH-AI-11LB,1
2021-09-19 09:42:00,INT-MA-1GAL,1
2021-09-19 08:15:00,CHL-PS-1LB,1
2021-09-19 08:12:00,INT-AI-25LB,4
2021-09-19 10:19:00,CHL-PS-17LB,1
2021-09-19 11:08:00,INT-CT-25LB,1
2021-09-19 17:35:00,INT-CA-32OZ,1
2021-09-19 11:37:00,CHL-S-1LB,1
2021-09-20 10:46:00,CHL-CT-1LB,4
2021-09-20 17:27:00,INT-CT-25LB,3
2021-09-20 09:35:00,INT-MA-1GAL,1
2021-09-20 12:16:00,CHL-CT-21LB,1
2021-09-20 14:41:00,CHL-PS-1LB,1
2021-09-20 10:25:00,CHL-PS-17LB,1
2021-09-20 15:05:00,INT-LS-1GAL,1
2021-09-20 12:43:00,CHL-CT-1LB,1
2021-09-20 14:44:00,CHL-PS-1LB,1
2021-09-20 10:34:00,CHL-CT-21LB,1
2021-09-20 11:04:00,INT-BA-32OZ,2
2021-09-20 18:46:00,AQU-CT-11LB,1
2021-09-20 12:40:00,INT-MA-1GAL,2
2021-09-20 18:12:00,AQU-CT-11LB,1
2021-09-20 13:36:00,CHL-PS-17LB,1
2021-09-20 18:41:00,INT-CHI-7LB,1
2021-09-20 16:38:00,BIO-PD-2LB,1
2021-09-20 10:26:00,HTH-F-2LB,1
2021-09-20 10:20:00,CHL-PS-1LB,1
2021-09-20 14:24:00,AQU-PS-25LB,1
2021-09-20 08:38:00,BIO-MA-32OZ,1
2021-09-21 12:07:00,BIO-MA-32OZ,1
2021-09-21 16:07:00,CHL-PS-17LB,4
2021-09-21 18:35:00,CHL-CT-1LB,1
2021-09-21 14:04:00,INT-CT-25LB,1
2021-09-21 13:40:00,AQU-BA-32OZ,1
2021-09-21 09:23:00,CHL-CT-1LB,3
2021-09-21 13:49:00,CHL-PS-17LB,1
2021-09-21 12:09:00,INT-MA-1GAL,1
2021-09-21 11:17:00,BIO-MA-32OZ,1
2021-09-21 08:06:00,BIO-MA-32OZ,3
2021-09-21 14:14:00,AQU-PS-25LB,1
2021-09-21 14:06:00,AQU-CT-11LB,2
2021-09-21 09:11:00,AQU-PS-25LB,1
2021-09-21 16:46:00,INT-LS-1GAL,4
2021-09-21 12:37:00,INT-BA-32OZ,1
2021-09-21 15:06:00,CHL-PS-17LB,1
2021-09-21 16:22:00,CHL-PS-17LB,1
2021-09-21 17:55:00,AQU-BA-32OZ,4
2021-09-21 12:35:00,CHL-PS-17LB,1
2021-09-21 12:38:00,INT-LS-1GAL,1
2021-09-21 09:57:00,CHL-PS-17LB,1
2021-09-21 08:10:00,CHL-PS-17LB,2
2021-09-21 13:48:00,INT-CA-32OZ,1
2021-09-21 14:11:00,CHL-CT-1LB,3
2021-09-21 13:51:00,INT-AI-5LB,1
2021-09-22 16:35:00,AQU-PS-5LB,1
2021-09-22 17:56:00,INT-CT-25LB,1
2021-09-22 14:30:00,INT-LS-1GAL,1
2021-09-22 17:08:00,CHL-S-1LB,1
2021-09-22 12:00:00,INT-BA-32OZ,1
2021-09-22 18:32:00,CHL-PS-1LB,1
2021-09-22 10:42:00,AQU-PS-5LB,1
2021-09-22 10:09:00,CHL-PS-17LB,1
2021-09-22 14:36:00,INT-BA-32OZ,1
2021-09-22 12:03:00,INT-BA-32OZ,1
2021-09-22 18:23:00,INT-CT-25LB,1
2021-09-22 11:43:00,INT-BA-32OZ,4
2021-09-22 17:26:00,INT-MA-1GAL,1
2021-09-22 15:11:00,AQU-BA-32OZ,1
2021-09-22 15:22:00,INT-MA-1GAL,1
2021-09-22 15:32:00,CHL-CT-1LB,1
2021-09-22 12:17:00,AQU-PS-5LB,2
2021-09-22 14:33:00,INT-MA-1GAL,1
2021-09-22 11:19:00,INT-CA-32OZ,2
2021-09-22 18:54:00,AQU-PS-25LB,1
2021-09-22 09:19:00,CHL-PS-1LB,1
2021-09-22 14:49:00,AQU-PS-25LB,1
2021-09-22 13:54:00,CHL-PS-17LB,1
2021-09-23 09:04:00,AQU-BA-32OZ,1
2021-09-23 11:05:00,CHL-CT-21LB,1
2021-09-23 10:36:00,CHL-CT-21LB,1
2021-09-23 08:05:00,INT-LS-1GAL,1
2021-09-23 12:35:00,CHL-CT-1LB,1
2021-09-23 15:51:00,CHL-CT-21LB,1
2021-09-23 08:27:00,CHL-CT-21LB,1
2021-09-23 18:32:00,CHL-CT-1LB,2
2021-09-23 10:30:00,AQU-PS-25LB,2
2021-09-23 15:32:00,INT-CA-32OZ,1
2021-09-23 18:43:00,INT-LS-1GAL,1
2021-09-23 16:44:00,AQU-PS-5LB,1
2021-09-23 09:25:00,AQU-PS-5LB,1
2021-09-23 08:39:00,CHL-CT-21LB,2
2021-09-24 08:45:00,AQU-PS-5LB,1
2021-09-24 14:44:00,CHL-CT-21LB,2
2021-09-24 16:47:00,HTH-F-2LB,1
2021-09-24 13:15:00,INT-LS-1GAL,1
2021-09-24 18:58:00,CHL-PS-1LB,1
2021-09-24 16:43:00,CHL-CT-21LB,2
2021-09-24 17:02:00,CHL-CT-21LB,3
2021-09-24 17:28:00,INT-CT-25LB,2
2021-09-24 10:43:00,CHL-PS-17LB,3
2021-09-24 16:57:00,INT-BA-32OZ,1
2021-09-24 11:11:00,CHL-PS-17LB,3
2021-09-24 09:23:00,CHL-PS-1LB,1
2021-09-24 10:32:00,INT-LS-1GAL,1
2021-09-24 13:03:00,BIO-MA-32OZ,1
2021-09-24 14:31:00,AQU-CT-11LB,4
2021-09-24 14:10:00,BIO-MA-32OZ,3
2021-09-24 13:07:00,AQU-CT-11LB,1
2021-09-24 13:58:00,CHL-CT-1LB,2
2021-09-25 16:54:00,AQU-PS-5LB,1
2021-09-25 09:18:00,CHL-PS-1LB,1
2021-09-25 12:30:00,BIO-MA-32OZ,1
2021-09-25 12:16:00,INT-BA-32OZ,3
2021-09-25 11:00:00,AQU-PS-25LB,1
2021-09-25 18:36:00,HTH-AI-11LB,4
2021-09-25 14:13:00,AQU-PS-25LB,1
2021-09-25 12:59:00,CHL-PS-17LB,2
2021-09-25 18:32:00,INT-CA-32OZ,1
2021-09-25 08:59:00,INT-LS-1GAL,1
2021-09-25 15:57:00,INT-CT-25LB,1
2021-09-25 17:54:00,INT-CA-32OZ,1
2021-09-25 15:03:00,INT-LS-1GAL,1
2021-09-25 13:00:00,AQU-PS-25LB,1
2021-09-25 17:29:00,AQU-PS-5LB,1
2021-09-25 13:19:00,CHL-PS-1LB,1
2021-09-25 13:06:00,INT-CA-32OZ,1
2021-09-25 08:22:00,INT-BA-32OZ,2
2021-09-25 10:25:00,INT-CT-25LB,4
2021-09-25 13:00:00,CHL-PS-1LB,2
2021-09-25 09:27:00,CHL-S-1LB,3
2021-09-25 15:12:00,CHL-PS-17LB,1
2021-09-25 09:33:00,CHL-PS-17LB,1
2021-09-25 16:57:00,INT-CA-32OZ,1
2021-09-25 10:26:00,CHL-CT-21LB,1
2021-09-25 09:58:00,CHL-CT-1LB,3
2021-09-25 15:00:00,INT-CA-32OZ,1
2021-09-26 18:16:00,CHL-CT-21LB,4
2021-09-26 11:30:00,AQU-BA-32OZ,1
2021-09-26 14:23:00,INT-LS-1GAL,1
2021-09-26 12:23:00,CHL-CT-21LB,1
2021-09-26 14:57:00,CHL-CT-21LB,1
2021-09-26 10:34:00,INT-LS-1GAL,1
2021-09-26 12:06:00,INT-AI-5LB,2
2021-09-26 15:42:00,INT-LS-1GAL,1
2021-09-26 15:10:00,CHL-CT-21LB,1
2021-09-26 10:22:00,CHL-CT-21LB,2
2021-09-26 14:00:00,INT-CT-25LB,1
2021-09-26 13:56:00,CHL-CT-21LB,3
2021-09-26 11:07:00,AQU-PD-5LB,1
2021-09-26 11:18:00,INT-LS-1GAL,1
2021-09-26 08:08:00,CHL-PS-17LB,1
2021-09-27 13:57:00,CHL-CT-21LB,1
2021-09-27 08:10:00,CHL-PS-17LB,1
2021-09-27 18:12:00,AQU-BA-32OZ,1
2021-09-27 15:42:00,INT-BA-32OZ,1
2021-09-27 12:07:00,INT-CT-25LB,1
2021-09-27 14:31:00,INT-BA-32OZ,1
2021-09-27 16:31:00,CHL-CT-21LB,1
2021-09-27 18:45:00,INT-LS-1GAL,4
2021-09-27 10:20:00,CHL-PS-17LB,1
2021-09-27 14:32:00,CHL-CT-21LB,3
2021-09-27 14:08:00,CHL-CT-1LB,2
2021-09-27 09:06:00,AQU-BA-32OZ,1
2021-09-27 08:08:00,CHL-CT-1LB,1
2021-09-27 10:22:00,BIO-MA-32OZ,1
2021-09-27 16:00:00,INT-LS-1GAL,1
2021-09-27 18:15:00,INT-CT-25LB,1
2021-09-27 08:43:00,CHL-CT-21LB,1
2021-09-27 13:27:00,AQU-CT-11LB,1
2021-09-27 17:47:00,AQU-BA-32OZ,1
2021-09-27 08:27:00,AQU-BA-32OZ,1
2021-09-27 15:18:00,CHL-PS-1LB,2
2021-09-27 12:31:00,CHL-PS-1LB,4
2021-09-27 09:48:00,AQU-BA-32OZ,1
2021-09-28 17:09:00,CHL-CT-1LB,1
2021-09-28 16:11:00,INT-LS-1GAL,1
2021-09-28 11:17:00,CHL-PS-17LB,2
2021-09-28 09:55:00,BIO-MA-32OZ,1
2021-09-28 12:44:00,AQU-BA-32OZ,1
2021-09-28 11:42:00,CHL-PS-1LB,1
2021-09-28 14:12:00,AQU-CT-11LB,1
2021-09-28 15:45:00,AQU-BA-32OZ,4
2021-09-28 09:44:00,INT-BA-32OZ,2
2021-09-28 16:39:00,AQU-PS-5LB,1
2021-09-28 10:12:00,INT-CA-32OZ,1
2021-09-28 17:40:00,AQU-CT-11LB,1
2021-09-28 18:09:00,INT-CT-25LB,1
2021-09-28 11:07:00,INT-CT-25LB,1
2021-09-28 10:25:00,CHL-PS-1LB,1
2021-09-28 08:17:00,AQU-PS-25LB,3
2021-09-28 11:59:00,CHL-PS-1LB,1
2021-09-28 10:27:00,CHL-CT-21LB,1
2021-09-29 11:05:00,CHL-PS-1LB,1
2021-09-29 08:24:00,AQU-CHI-11LB,1
2021-09-29 14:33:00,CHL-CT-1LB,1
2021-09-29 12:44:00,AQU-PS-25LB,1
2021-09-29 18:14:00,INT-BA-32OZ,3
2021-09-29 11:21:00,CHL-PS-17LB,2
2021-09-29 14:30:00,AQU-PS-5LB,1
2021-09-29 08:32:00,CHL-PS-1LB,1
2021-09-29 14:41:00,CHL-PU-2LB,1
2021-09-29 08:19:00,AQU-PS-5LB,4
2021-09-29 09:17:00,AQU-BA-32OZ,2
2021-09-29 13:17:00,AQU-PD-5LB,1
2021-09-29 13:45:00,BIO-MA-32OZ,1
2021-09-29 14:15:00,AQU-BA-32OZ,2
2021-09-30 08:11:00,AQU-PS-25LB,1
2021-09-30 08:00:00,AQU-PS-5LB,3
2021-09-30 08:42:00,INT-LS-1GAL,1
2021-09-30 13:13:00,CHL-CT-1LB,4
2021-09-30 12:30:00,INT-LS-1GAL,2
2021-09-30 12:58:00,AQU-BA-32OZ,1
2021-09-30 17:06:00,CHL-CT-1LB,2
2021-09-30 14:11:00,AQU-BA-32OZ,2
2021-09-30 12:31:00,AQU-PS-25LB,3
2021-09-30 13:21:00,CHL-CT-1LB,1
2021-09-30 12:07:00,BIO-MA-32OZ,1
2021-09-30 09:42:00,BIO-MA-32OZ,1
2021-09-30 08:43:00,AQU-BA-32OZ,1
2021-09-30 16:49:00,CHL-CT-1LB,2
2021-09-30 10:21:00,CHL-PS-1LB,1
2021-09-30 13:47:00,AQU-CHI-11LB,1
2021-09-30 13:47:00,HTH-AI-11LB,1
2021-09-30 17:33:00,CHL-CT-1LB,2
2021-09-30 17:23:00,INT-BA-32OZ,1
2021-09-30 11:41:00,CHL-CT-21LB,2
2021-09-30 12:13:00,AQU-PS-25LB,1
2021-09-30 17:24:00,CHL-PS-17LB,1
2021-09-30 09:56:00,AQU-PS-25LB,1
2021-09-30 09:08:00,AQU-CT-11LB,1
2021-09-30 18:47:00,AQU-PS-5LB,1
2021-10-01 08:37:00,AQU-CT-11LB,3
2021-10-01 18:52:00,INT-BA-32OZ,1
2021-10-01 11:12:00,INT-CT-25LB,1
2021-10-01 15:59:00,BIO-MA-32OZ,4
2021-10-01 09:04:00,CHL-CT-21LB,1
2021-10-01 16:39:00,AQU-PS-25LB,1
2021-10-01 13:19:00,AQU-BA-32OZ,1
2021-10-01 15:48:00,AQU-PS-25LB,1
2021-10-01 11:34:00,INT-CA-32OZ,1
2021-10-01 10:02:00,BIO-PD-2LB,1
2021-10-02 14:35:00,AQU-PS-25LB,1
2021-10-02 12:57:00,CHL-PS-17LB,1
2021-10-02 16:22:00,AQU-PS-5LB,3
2021-10-02 13:28:00,CHL-CT-21LB,2
2021-10-02 18:45:00,INT-LS-1GAL,1
2021-10-02 09:58:00,CHL-CT-21LB,3
2021-10-02 14:04:00,INT-CA-32OZ,2
2021-10-02 15:26:00,CHL-PS-1LB,1
2021-10-02 16:59:00,AQU-CT-11LB,3
2021-10-02 16:50:00,AQU-PS-25LB,1
2021-10-02 08:10:00,CHL-CT-1LB,1
2021-10-03 10:18:00,AQU-PS-5LB,3
2021-10-03 08:36:00,CHL-CT-21LB,3
2021-10-03 08:50:00,BIO-MA-32OZ,1
2021-10-03 11:47:00,CHL-CT-21LB,1
2021-10-03 14:31:00,AQU-BA-32OZ,1
2021-10-03 18:34:00,CHL-CT-1LB,1
2021-10-03 16:04:00,AQU-CT-11LB,1
2021-10-03 10:28:00,CHL-CT-1LB,2
2021-10-03 16:24:00,BIO-MA-32OZ,1
2021-10-04 14:25:00,CHL-PS-1LB,3
2021-10-04 17:17:00,AQU-PS-25LB,1
2021-10-04 11:11:00,INT-CT-25LB,1
2021-10-04 08:10:00,AQU-BA-32OZ,1
2021-10-04 17:13:00,INT-LS-1GAL,1
2021-10-04 17:44:00,BIO-MA-32OZ,1
2021-10-04 08:56:00,BIO-MA-32OZ,1
2021-10-04 16:29:00,CHL-PS-17LB,2
2021-10-04 16:45:00,AQU-PS-5LB,1
2021-10-04 16:16:00,CHL-PS-1LB,1
2021-10-04 12:54:00,INT-CT-25LB,1
2021-10-04 11:18:00,CHL-CT-1LB,1
2021-10-04 12:35:00,AQU-PS-25LB,1
2021-10-05 11:02:00,INT-MA-1GAL,3
2021-10-05 16:15:00,CHL-PS-17LB,1
2021-10-05 12:02:00,AQU-PD-5LB,1
2021-10-05 18:09:00,CHL-CT-21LB,2
2021-10-05 12:59:00,INT-LS-1GAL,1
2021-10-05 10:17:00,INT-AI-5LB,1
2021-10-05 08:41:00,CHL-PS-17LB,1
2021-10-05 11:52:00,CHL-PS-17LB,2
2021-10-06 09:00:00,BIO-PU-5LB,3
2021-10-06 18:22:00,AQU-CT-11LB,1
2021-10-06 18:38:00,CHL-CT-21LB,1
2021-10-06 13:20:00,CHL-PS-1LB,3
2021-10-06 09:45:00,CHL-PS-17LB,1
2021-10-06 16:16:00,AQU-CT-11LB,1
2021-10-06 10:26:00,CHL-PS-1LB,1
2021-10-06 17:18:00,CHL-CT-1LB,1
2021-10-07 08:40:00,AQU-PS-25LB,1
2021-10-07 08:52:00,CHL-CT-21LB,3
2021-10-07 13:14:00,INT-LS-1GAL,1
2021-10-07 12:11:00,AQU-CT-11LB,2
2021-10-07 12:01:00,AQU-PS-5LB,1
2021-10-07 16:42:00,CHL-PS-1LB,1
2021-10-07 17:06:00,AQU-CT-11LB,1
2021-10-08 14:41:00,AQU-CT-11LB,1
2021-10-08 12:55:00,CHL-CT-21LB,1
2021-10-08 18:40:00,AQU-BA-32OZ,4
2021-10-08 17:35:00,CHL-PS-17LB,1
2021-10-08 11:52:00,CHL-PS-17LB,1
2021-10-08 15:14:00,INT-BA-32OZ,2
2021-10-08 13:17:00,INT-CA-32OZ,1
2021-10-08 11:37:00,INT-CT-25LB,1
2021-10-08 18:51:00,CHL-CT-21LB,1
2021-10-08 14:09:00,INT-BA-32OZ,1
2021-10-08 15:14:00,INT-BA-32OZ,1
2021-10-08 14:23:00,INT-CA-32OZ,1
2021-10-09 15:05:00,CHL-CT-21LB,1
2021-10-09 15:11:00,AQU-CT-11LB,1
2021-10-09 15:11:00,CHL-PS-1LB,1
2021-10-09 10:12:00,INT-CT-25LB,4
2021-10-09 17:31:00,CHL-CT-1LB,1
2021-10-09 10:41:00,CHL-PS-17LB,1
2021-10-09 12:01:00,INT-CA-32OZ,1
2021-10-09 12:10:00,INT-CT-25LB,1
2021-10-09 10:52:00,AQU-CT-11LB,3
2021-10-09 14:43:00,AQU-CT-11LB,1
2021-10-10 09:09:00,HTH-AI-11LB,1
2021-10-10 09:27:00,CHL-CT-1LB,3
2021-10-10 11:29:00,AQU-CT-11LB,1
2021-10-11 14:06:00,INT-MA-1GAL,2
2021-10-11 16:08:00,BIO-MA-32OZ,1
2021-10-11 08:38:00,BIO-MA-32OZ,1
2021-10-11 09:24:00,INT-CT-25LB,4
2021-10-12 09:52:00,AQU-CT-11LB,1
2021-10-12 08:48:00,INT-CA-32OZ,1
2021-10-13 08:08:00,INT-CT-25LB,1
2021-10-13 11:49:00,INT-MA-1GAL,1
2021-10-13 09:17:00,AQU-PS-25LB,1
2021-10-13 10:40:00,INT-MA-1GAL,2
2021-10-14 08:50:00,AQU-CT-11LB,1
2021-10-14 09:34:00,CHL-CT-21LB,1
2021-10-14 13:54:00,INT-AI-25LB,2
2021-10-15 11:08:00,CHL-CT-1LB,1
2021-10-15 15:48:00,BIO-MA-32OZ,1
2021-10-15 17:57:00,CHL-PS-17LB,1
2021-10-15 15:52:00,CHL-CT-21LB,2
2021-10-15 10:19:00,INT-LS-1GAL,1
2021-10-16 10:15:00,AQU-PS-25LB,1
2021-10-16 08:34:00,INT-MA-1GAL,4
2021-10-17 18:34:00,AQU-CHI-11LB,2
2021-10-17 09:01:00,CHL-PS-17LB,1
2021-10-17 08:06:00,INT-LS-1GAL,1
2021-10-18 09:32:00,AQU-BA-32OZ,2
2021-10-18 14:09:00,CHL-PS-17LB,3
2021-10-19 11:01:00,AQU-PS-25LB,1
2021-10-20 14:09:00,AQU-PS-5LB,1
2021-10-21 12:14:00,CHL-CHI-20LB,1
2021-10-21 18:24:00,INT-CA-32OZ,1
2021-10-22 09:31:00,AQU-PS-25LB,1
2021-10-22 10:07:00,CHL-PS-17LB,1
2021-10-22 11:06:00,INT-LS-1GAL,2
2021-10-23 12:22:00,CHL-PS-17LB,1
2021-10-23 09:39:00,CHL-PS-1LB,1
2021-10-23 13:07:00,CHL-PS-1LB,4
2021-10-23 13:59:00,BIO-MA-32OZ,1
2021-10-24 09:57:00,INT-CA-32OZ,1
2021-10-24 08:38:00,INT-CT-25LB,2
2021-10-24 10:11:00,INT-CA-32OZ,2
2021-10-24 14:33:00,AQU-BA-32OZ,3
2021-10-24 13:38:00,CHL-CT-1LB,1
2021-10-25 14:09:00,BIO-MA-32OZ,1
2021-10-26 18:19:00,AQU-PS-25LB,1
2021-10-26 17:52:00,INT-CA-32OZ,1
2021-10-26 12:22:00,INT-CA-32OZ,1
2021-10-27 12:58:00,AQU-PS-25LB,1
2021-10-27 15:42:00,INT-CT-25LB,2
2021-10-27 13:59:00,AQU-BA-32OZ,3
2021-10-27 12:51:00,HTH-S-5LB,1
2021-10-28 09:50:00,BIO-MA-32OZ,1
2021-10-28 08:55:00,CHL-CT-1LB,1
2021-10-28 10:49:00,INT-LS-1GAL,1
2021-10-28 18:09:00,BIO-MA-32OZ,1
2021-10-29 14:28:00,INT-LS-1GAL,1
2021-10-30 15:52:00,AQU-PS-25LB,1
2021-10-30 09:07:00,INT-BA-32OZ,1
2021-10-31 12:09:00,CHL-PS-17LB,1
2021-10-31 09:20:00,HTH-AI-11LB,1
2021-10-31 10:11:00,INT-CT-25LB,1
2021-11-01 13:20:00,CHL-PS-1LB,1
2021-11-01 15:27:00,CHL-CT-1LB,1
2021-11-01 15:44:00,INT-BA-32OZ,4
2021-11-02 17:50:00,CHL-CT-1LB,1
2021-11-02 18:21:00,HTH-S-5LB,2
2021-11-02 10:51:00,AQU-CT-11LB,2
2021-11-02 18:58:00,AQU-PS-5LB,1
2021-11-02 11:24:00,AQU-PS-25LB,1
2021-11-03 15:34:00,INT-BA-32OZ,1
2021-11-04 16:34:00,CHL-CT-21LB,1
2021-11-04 11:24:00,AQU-PS-5LB,1
2021-11-05 14:33:00,AQU-PS-5LB,3
2021-11-06 11:44:00,CHL-CT-21LB,1
2021-11-06 09:15:00,INT-LS-1GAL,1
2021-11-07 11:54:00,INT-CA-32OZ,1
2021-11-07 08:23:00,BIO-MA-32OZ,1
2021-11-08 10:58:00,INT-CT-25LB,1
2021-11-08 09:03:00,BIO-MA-32OZ,1
2021-11-09 13:54:00,CHL-CT-1LB,1
2021-11-09 10:18:00,CHL-CT-21LB,1
2021-11-09 15:09:00,INT-BA-32OZ,4
2021-11-09 16:59:00,AQU-CT-11LB,1
2021-11-09 14:15:00,INT-BA-32OZ,1
2021-11-10 11:03:00,AQU-PS-25LB,3
2021-11-11 09:44:00,INT-CA-32OZ,2
2021-11-11 10:24:00,INT-LS-1GAL,3
2021-11-11 08:44:00,CHL-CT-21LB,1
2021-11-11 14:23:00,INT-CT-25LB,1
2021-11-12 09:42:00,HTH-S-5LB,1
2021-11-13 15:53:00,INT-CT-25LB,2
2021-11-13 17:55:00,CHL-CT-21LB,1
2021-11-13 10:01:00,BIO-PU-5LB,1
2021-11-14 10:05:00,AQU-BA-32OZ,1
2021-11-15 08:36:00,AQU-CT-11LB,2
2021-11-16 14:09:00,BIO-MA-32OZ,2
2021-11-16 10:30:00,BIO-PD-2LB,1
2021-11-16 10:47:00,CHL-PS-17LB,1
2021-11-16 16:44:00,AQU-PS-25LB,1
2021-11-17 15:26:00,CHL-PS-1LB,1
2021-11-17 13:28:00,BIO-MA-32OZ,1
2021-11-17 18:44:00,CHL-CT-1LB,3
2021-11-18 09:09:00,CHL-PS-1LB,4
2021-11-19 18:02:00,INT-BA-32OZ,2
2021-11-20 10:32:00,AQU-CT-11LB,3
2021-11-20 10:00:00,CHL-PS-17LB,1
2021-11-20 14:53:00,AQU-PS-5LB,1
2021-11-21 15:35:00,AQU-PS-5LB,1
2021-11-21 12:58:00,CHL-CT-21LB,3
2021-11-22 12:45:00,HTH-F-2LB,2
2021-11-22 11:27:00,INT-AI-5LB,2
2021-11-22 10:17:00,HTH-S-5LB,2
2021-11-23 16:24:00,INT-BA-32OZ,1
2021-11-23 10:47:00,AQU-PS-25LB,1
2021-11-23 11:25:00,AQU-PD-5LB,1
2021-11-23 17:03:00,INT-CA-32OZ,2
2021-11-23 11:25:00,HTH-S-5LB,3
2021-11-24 16:38:00,INT-CA-32OZ,1
2021-11-25 15:30:00,INT-CA-32OZ,3
2021-11-25 13:41:00,BIO-MA-32OZ,1
2021-11-25 18:25:00,INT-CT-25LB,1
2021-11-25 14:10:00,CHL-PS-1LB,1
2021-11-26 13:41:00,AQU-PS-5LB,2
2021-11-27 12:06:00,CHL-S-1LB,1
2021-11-28 13:38:00,CHL-PS-1LB,1
2021-11-29 13:01:00,CHL-PS-17LB,1
2021-11-29 11:18:00,AQU-BA-32OZ,1
2021-11-29 10:34:00,CHL-PU-2LB,1
2021-11-29 09:04:00,CHL-CT-1LB,2
2021-11-30 08:48:00,AQU-PS-5LB,1
2021-12-01 11:35:00,BIO-MA-32OZ,3
2021-12-01 11:40:00,CHL-CT-1LB,1
2021-12-01 08:15:00,CHL-CT-21LB,4
2021-12-01 12:05:00,BIO-MA-32OZ,3
2021-12-02 17:02:00,AQU-PS-25LB,2
2021-12-02 17:50:00,AQU-PS-25LB,1
2021-12-02 15:02:00,INT-MA-1GAL,1
2021-12-02 08:20:00,HTH-S-5LB,1
2021-12-02 09:19:00,BIO-MA-32OZ,1
2021-12-02 08:22:00,INT-LS-1GAL,1
2021-12-02 12:25:00,INT-CT-25LB,1
2021-12-03 13:48:00,AQU-BA-32OZ,1
2021-12-03 14:46:00,INT-CT-25LB,2
2021-12-03 13:08:00,INT-LS-1GAL,1
2021-12-04 09:21:00,CHL-CT-21LB,1
2021-12-04 14:57:00,CHL-PS-1LB,1
2021-12-04 16:06:00,INT-CT-25LB,1
2021-12-05 10:01:00,AQU-PS-5LB,1
2021-12-05 17:50:00,AQU-BA-32OZ,1
2021-12-06 17:55:00,INT-BA-32OZ,1
2021-12-07 12:10:00,AQU-PS-25LB,2
2021-12-07 10:43:00,AQU-CT-11LB,2
2021-12-07 15:05:00,CHL-CT-1LB,4
2021-12-07 18:05:00,INT-CA-32OZ,4
2021-12-07 11:56:00,CHL-CT-21LB,1
2021-12-08 18:41:00,INT-CA-32OZ,3
2021-12-09 10:32:00,BIO-MA-32OZ,1
2021-12-10 17:41:00,CHL-CT-21LB,1
2021-12-10 16:59:00,INT-LS-1GAL,3
2021-12-11 15:50:00,INT-CT-25LB,1
2021-12-11 10:21:00,INT-LS-1GAL,1
2021-12-11 12:23:00,CHL-PS-17LB,2
2021-12-11 17:54:00,HTH-AI-11LB,1
2021-12-12 08:57:00,CHL-PS-17LB,1
2021-12-12 18:24:00,INT-CA-32OZ,1
2021-12-12 11:13:00,CHL-PS-1LB,1
2021-12-12 17:38:00,INT-MA-1GAL,1
2021-12-13 10:36:00,INT-BA-32OZ,2
2021-12-14 15:06:00,CHL-CT-21LB,4
2021-12-14 08:09:00,INT-BA-32OZ,3
2021-12-14 12:35:00,INT-BA-32OZ,2
2021-12-15 09:31:00,BIO-MA-32OZ,1
2021-12-15 09:29:00,CHL-CT-21LB,1
2021-12-15 13:10:00,BIO-MA-32OZ,1
2021-12-16 10:04:00,BIO-MA-32OZ,1
2021-12-16 12:36:00,CHL-PS-17LB,1
2021-12-16 13:22:00,INT-LS-1GAL,1
2021-12-16 09:04:00,INT-LS-1GAL,1
2021-12-17 15:16:00,INT-BA-32OZ,1
2021-12-18 12:48:00,INT-BA-32OZ,2
2021-12-18 15:41:00,INT-BA-32OZ,1
2021-12-18 10:07:00,INT-BA-32OZ,1
2021-12-18 17:31:00,CHL-PS-1LB,1
2021-12-18 08:23:00,AQU-CT-11LB,1
2021-12-18 12:25:00,INT-CA-32OZ,1
2021-12-19 17:58:00,INT-BA-32OZ,1
2021-12-19 18:08:00,INT-LS-1GAL,2
2021-12-20 16:54:00,CHL-CT-21LB,1
2021-12-20 17:20:00,CHL-CT-21LB,1
2021-12-21 18:26:00,AQU-PS-5LB,1
2021-12-22 12:56:00,INT-BA-32OZ,3
2021-12-22 18:02:00,CHL-CT-1LB,1
2021-12-22 17:41:00,INT-CA-32OZ,2
2021-12-23 11:44:00,AQU-BA-32OZ,1
2021-12-24 08:09:00,AQU-PS-5LB,1
2021-12-24 09:18:00,INT-CA-32OZ,1
2021-12-24 14:10:00,CHL-CT-21LB,1
2021-12-24 17:25:00,INT-LS-1GAL,3
2021-12-24 09:14:00,CHL-PS-17LB,1
2021-12-25 15:42:00,AQU-PD-5LB,3
2021-12-25 09:22:00,INT-LS-1GAL,1
2021-12-26 18:34:00,AQU-PS-5LB,1
2021-12-26 15:06:00,AQU-PS-5LB,1
2021-12-27 09:58:00,CHL-CT-21LB,1
2021-12-28 14:49:00,AQU-CT-11LB,4
2021-12-28 14:12:00,INT-LS-1GAL,1
2021-12-28 14:21:00,CHL-CT-1LB,1
2021-12-28 09:20:00,AQU-CT-11LB,2
2021-12-28 13:38:00,AQU-PS-5LB,1
2021-12-28 15:13:00,CHL-PS-17LB,2
2021-12-29 15:07:00,AQU-CT-11LB,3
2021-12-29 12:29:00,INT-CA-32OZ,2
2021-12-29 08:34:00,BIO-MA-32OZ,1
2021-12-29 10:30:00,AQU-CT-11LB,3
2021-12-30 11:20:00,BIO-PD-2LB,1
2021-12-31 17:49:00,CHL-CT-1LB,1
2021-12-31 14:03:00,AQU-PS-5LB,1
2021-12-31 13:50:00,AQU-PS-25LB,1
2022-01-01 15:13:00,INT-BA-32OZ,4
2022-01-01 08:13:00,AQU-CT-11LB,1
2022-01-02 18:27:00,CHL-CT-21LB,1
2022-01-02 12:16:00,CHL-PS-1LB,1
2022-01-02 18:11:00,AQU-PS-5LB,2
2022-01-02 09:09:00,CHL-PS-17LB,3
2022-01-02 09:17:00,BIO-PD-2LB,4
2022-01-02 14:05:00,INT-MA-1GAL,1
2022-01-02 12:55:00,CHL-CT-21LB,1
2022-01-03 14:33:00,BIO-MA-32OZ,3
2022-01-03 11:42:00,AQU-BA-32OZ,1
2022-01-03 12:11:00,INT-CA-32OZ,1
2022-01-03 08:05:00,CHL-PS-1LB,2
2022-01-04 14:21:00,BIO-MA-32OZ,3
2022-01-04 12:10:00,INT-LS-1GAL,3
2022-01-04 11:22:00,CHL-PS-17LB,1
2022-01-04 14:30:00,AQU-CT-11LB,2
2022-01-04 15:34:00,AQU-CT-11LB,2
2022-01-04 10:44:00,INT-CA-32OZ,1
2022-01-05 17:24:00,INT-MA-1GAL,1
2022-01-05 08:35:00,AQU-BA-32OZ,1
2022-01-06 17:12:00,CHL-PS-17LB,1
2022-01-06 09:46:00,CHL-PS-17LB,1
2022-01-07 17:09:00,CHL-PS-17LB,1
2022-01-07 13:42:00,BIO-MA-32OZ,1
2022-01-07 13:00:00,AQU-BA-32OZ,1
2022-01-08 15:59:00,AQU-CT-11LB,1
2022-01-09 13:07:00,CHL-PS-1LB,3
2022-01-10 18:26:00,INT-CA-32OZ,1
2022-01-10 12:33:00,AQU-PS-25LB,1
2022-01-10 08:28:00,BIO-MA-32OZ,2
2022-01-11 10:40:00,BIO-MA-32OZ,1
2022-01-11 15:40:00,CHL-CT-21LB,2
2022-01-11 17:06:00,CHL-PS-17LB,1
2022-01-11 08:13:00,AQU-PS-5LB,1
2022-01-11 11:26:00,AQU-CT-11LB,1
2022-01-12 10:38:00,CHL-PS-17LB,1
2022-01-12 14:13:00,AQU-PS-25LB,1
2022-01-12 13:13:00,INT-BA-32OZ,1
2022-01-13 18:36:00,BIO-MA-32OZ,2
2022-01-13 08:23:00,AQU-PS-5LB,1
2022-01-13 13:01:00,AQU-BA-32OZ,1
2022-01-13 12:57:00,CHL-PS-17LB,1
2022-01-14 09:44:00,AQU-CHI-11LB,3
2022-01-14 15:41:00,CHL-CT-1LB,1
2022-01-15 14:26:00,INT-LS-1GAL,1
2022-01-15 13:22:00,AQU-PS-5LB,1
2022-01-15 16:27:00,AQU-PS-5LB,1
2022-01-15 16:48:00,INT-LS-1GAL,4
2022-01-15 13:07:00,INT-CT-25LB,4
2022-01-15 10:29:00,CHL-CT-1LB,1
2022-01-15 14:23:00,INT-LS-1GAL,1
2022-01-16 17:10:00,CHL-PS-17LB,1
2022-01-17 14:18:00,AQU-PS-5LB,1
2022-01-17 18:44:00,AQU-PS-25LB,1
2022-01-18 18:18:00,INT-CHI-7LB,1
2022-01-18 17:59:00,AQU-BA-32OZ,2
2022-01-18 09:05:00,INT-MA-1GAL,2
2022-01-19 09:05:00,INT-BA-32OZ,3
2022-01-19 18:01:00,AQU-PS-5LB,1
2022-01-19 17:59:00,AQU-CHI-11LB,2
2022-01-20 15:47:00,INT-CA-32OZ,1
2022-01-20 17:59:00,BIO-PU-5LB,2
2022-01-21 18:28:00,BIO-MA-32OZ,1
2022-01-21 16:37:00,INT-LS-1GAL,1
2022-01-21 08:42:00,INT-MA-1GAL,1
2022-01-22 14:13:00,BIO-MA-32OZ,2
2022-01-23 15:35:00,BIO-MA-32OZ,1
2022-01-24 11:54:00,CHL-PS-1LB,2
2022-01-25 09:22:00,AQU-PS-5LB,1
2022-01-25 15:26:00,CHL-CT-21LB,1
2022-01-26 18:45:00,CHL-PS-1LB,2
2022-01-26 14:00:00,CHL-CT-21LB,1
2022-01-26 13:50:00,CHL-PS-1LB,1
2022-01-26 11:32:00,BIO-MA-32OZ,1
2022-01-27 18:16:00,CHL-CT-21LB,2
2022-01-28 14:43:00,INT-CT-25LB,1
2022-01-29 14:02:00,INT-CA-32OZ,1
2022-01-30 10:50:00,INT-BA-32OZ,1
2022-01-31 16:52:00,CHL-CT-1LB,2
2022-01-31 17:20:00,INT-CA-32OZ,1
2022-02-01 17:27:00,HTH-F-2LB,3
2022-02-02 14:12:00,CHL-PS-1LB,3
2022-02-03 14:53:00,INT-CA-32OZ,1
2022-02-03 08:51:00,INT-BA-32OZ,1
2022-02-03 17:27:00,INT-LS-1GAL,1
2022-02-04 18:24:00,CHL-PS-17LB,2
2022-02-05 10:25:00,AQU-BA-32OZ,1
2022-02-05 13:33:00,CHL-CT-21LB,4
2022-02-05 10:27:00,AQU-BA-32OZ,1
2022-02-05 11:06:00,AQU-CT-11LB,4
2022-02-06 10:32:00,CHL-CT-1LB,1
2022-02-06 09:40:00,CHL-PS-17LB,1
2022-02-07 14:53:00,INT-AI-5LB,2
2022-02-07 18:58:00,AQU-PS-25LB,1
2022-02-07 12:53:00,INT-CHI-7LB,1
2022-02-08 13:13:00,INT-LS-1GAL,3
2022-02-08 09:05:00,INT-CT-25LB,1
2022-02-08 08:27:00,AQU-BA-32OZ,4
2022-02-09 17:09:00,AQU-BA-32OZ,4
2022-02-10 16:58:00,AQU-PS-25LB,1
2022-02-11 17:24:00,CHL-PS-1LB,1
2022-02-11 08:47:00,AQU-PS-5LB,1
2022-02-11 10:29:00,CHL-PS-1LB,2
2022-02-11 18:40:00,CHL-PS-17LB,1
2022-02-11 13:11:00,AQU-BA-32OZ,2
2022-02-12 11:19:00,AQU-PS-25LB,1
2022-02-13 11:46:00,INT-CA-32OZ,1
2022-02-14 14:49:00,INT-LS-1GAL,1
2022-02-14 12:42:00,INT-CA-32OZ,3
2022-02-14 08:17:00,CHL-PS-1LB,1
2022-02-14 09:59:00,CHL-PS-1LB,1
2022-02-14 10:40:00,AQU-BA-32OZ,1
2022-02-15 17:55:00,AQU-PD-5LB,2
2022-02-16 15:59:00,AQU-PS-5LB,1
2022-02-17 09:09:00,CHL-CT-21LB,1
2022-02-17 12:16:00,INT-MA-1GAL,1
2022-02-18 09:04:00,BIO-MA-32OZ,3
2022-02-18 15:54:00,AQU-BA-32OZ,1
2022-02-18 13:58:00,CHL-CT-21LB,1
2022-02-18 11:25:00,CHL-CT-1LB,1
2022-02-19 08:26:00,CHL-CT-21LB,4
2022-02-20 18:04:00,CHL-PS-1LB,1
2022-02-21 14:24:00,INT-CT-25LB,1
2022-02-22 18:58:00,AQU-BA-32OZ,1
2022-02-22 15:51:00,INT-LS-1GAL,1
2022-02-22 10:11:00,CHL-PS-17LB,1
2022-02-22 12:00:00,CHL-CT-1LB,1
2022-02-22 10:42:00,CHL-CT-21LB,1
2022-02-23 17:54:00,INT-LS-1GAL,1
2022-02-23 08:07:00,INT-CA-32OZ,3
2022-02-23 13:22:00,AQU-PS-25LB,1
2022-02-23 15:39:00,CHL-CT-21LB,1
2022-02-24 08:10:00,INT-BA-32OZ,1
2022-02-24 16:47:00,INT-CA-32OZ,1
2022-02-24 12:59:00,AQU-CT-11LB,2
2022-02-25 17:01:00,INT-CHI-7LB,3
2022-02-26 16:32:00,INT-CA-32OZ,1
2022-02-26 10:13:00,CHL-PS-17LB,3
2022-02-27 09:57:00,INT-LS-1GAL,1
2022-02-27 11:01:00,INT-CHI-7LB,1
2022-02-27 13:08:00,AQU-PS-5LB,1
2022-02-27 11:05:00,AQU-CT-11LB,1
2022-02-27 10:17:00,AQU-CT-11LB,1
2022-02-28 11:05:00,BIO-MA-32OZ,1
2022-03-01 16:41:00,INT-CA-32OZ,4
2022-03-02 15:27:00,BIO-MA-32OZ,1
2022-03-03 14:59:00,INT-MA-1GAL,4
2022-03-03 11:16:00,CHL-CT-1LB,4
2022-03-03 10:12:00,CHL-PS-17LB,1
2022-03-04 12:25:00,AQU-PS-5LB,1
2022-03-04 09:37:00,INT-CA-32OZ,3
2022-03-04 17:19:00,BIO-MA-32OZ,1
2022-03-05 11:46:00,CHL-CT-1LB,2
2022-03-06 15:27:00,INT-BA-32OZ,1
2022-03-06 17:47:00,CHL-CT-21LB,3
2022-03-07 13:39:00,BIO-MA-32OZ,1
2022-03-08 14:27:00,AQU-BA-32OZ,1
2022-03-09 13:23:00,AQU-CT-11LB,1
2022-03-10 09:28:00,INT-LS-1GAL,1
2022-03-10 10:56:00,INT-BA-32OZ,1
2022-03-10 08:32:00,AQU-BA-32OZ,2
2022-03-10 12:37:00,CHL-PS-17LB,1
2022-03-11 17:52:00,AQU-PS-25LB,1
2022-03-12 16:22:00,INT-BA-32OZ,1
2022-03-12 14:01:00,CHL-CT-21LB,2
2022-03-12 09:11:00,INT-CA-32OZ,1
2022-03-12 13:27:00,BIO-MA-32OZ,1
2022-03-12 10:22:00,AQU-BA-32OZ,1
2022-03-13 11:42:00,AQU-PS-25LB,1
2022-03-14 10:49:00,CHL-CT-1LB,1
2022-03-14 13:07:00,AQU-CT-11LB,2
2022-03-15 08:45:00,AQU-PS-25LB,4
2022-03-16 15:36:00,BIO-MA-32OZ,2
2022-03-16 13:57:00,INT-LS-1GAL,1
2022-03-17 09:24:00,CHL-PS-17LB,1
2022-03-18 11:33:00,INT-BA-32OZ,1
2022-03-19 16:17:00,AQU-PS-5LB,2
2022-03-20 18:04:00,CHL-PS-17LB,1
2022-03-20 17:57:00,CHL-PS-17LB,2
2022-03-20 18:26:00,CHL-CT-1LB,3
2022-03-21 14:20:00,INT-CA-32OZ,1
2022-03-21 13:12:00,BIO-MA-32OZ,1
2022-03-21 11:03:00,INT-LS-1GAL,2
2022-03-22 15:02:00,INT-MA-1GAL,1
2022-03-22 12:26:00,BIO-MA-32OZ,1
2022-03-22 09:07:00,BIO-MA-32OZ,1
2022-03-22 15:10:00,CHL-PS-17LB,1
2022-03-23 17:24:00,CHL-PS-17LB,1
2022-03-23 11:36:00,CHL-CHI-20LB,1
2022-03-23 08:18:00,CHL-CT-21LB,1
2022-03-24 17:00:00,AQU-BA-32OZ,1
2022-03-25 12:08:00,AQU-PS-25LB,1
2022-03-25 14:02:00,CHL-CT-1LB,1
2022-03-25 16:58:00,CHL-CT-21LB,1
2022-03-26 13:41:00,CHL-CT-21LB,1
2022-03-26 08:04:00,AQU-PD-5LB,3
2022-03-26 15:06:00,CHL-PS-17LB,1
2022-03-26 14:46:00,INT-CT-25LB,1
2022-03-27 13:48:00,CHL-PU-2LB,3
2022-03-28 09:35:00,INT-CT-25LB,1
2022-03-29 15:39:00,CHL-CT-21LB,1
2022-03-29 08:25:00,CHL-PS-1LB,3
2022-03-29 12:44:00,AQU-BA-32OZ,1
2022-03-29 15:31:00,AQU-BA-32OZ,1
2022-03-30 09:53:00,BIO-MA-32OZ,1
2022-03-30 13:39:00,AQU-PS-5LB,1
2022-03-30 09:01:00,AQU-CT-11LB,1
2022-03-31 08:08:00,CHL-CT-21LB,1
2022-04-01 13:55:00,AQU-CT-11LB,2
2022-04-01 14:14:00,CHL-CT-21LB,1
2022-04-01 10:05:00,INT-CA-32OZ,1
2022-04-01 11:46:00,INT-CT-25LB,3
2022-04-01 13:52:00,CHL-PS-1LB,1
2022-04-02 08:59:00,AQU-CT-11LB,4
2022-04-02 08:16:00,CHL-PS-17LB,1
2022-04-02 08:07:00,AQU-BA-32OZ,3
2022-04-02 08:19:00,AQU-CT-11LB,1
2022-04-02 09:16:00,BIO-MA-32OZ,2
2022-04-02 13:44:00,AQU-PS-25LB,1
2022-04-02 17:50:00,AQU-CT-11LB,3
2022-04-02 14:17:00,AQU-BA-32OZ,4
2022-04-02 10:59:00,AQU-BA-32OZ,1
2022-04-02 10:37:00,AQU-CT-11LB,2
2022-04-03 10:20:00,INT-CA-32OZ,1
2022-04-03 10:48:00,AQU-PS-5LB,3
2022-04-03 17:56:00,AQU-CT-11LB,1
2022-04-03 14:40:00,INT-CT-25LB,1
2022-04-03 15:42:00,CHL-PS-17LB,2
2022-04-03 09:33:00,INT-LS-1GAL,1
2022-04-03 16:15:00,CHL-CT-1LB,2
2022-04-03 17:30:00,HTH-S-5LB,2
2022-04-04 12:20:00,INT-LS-1GAL,2
2022-04-04 15:14:00,INT-BA-32OZ,4
2022-04-04 09:16:00,AQU-PS-25LB,1
2022-04-04 12:45:00,CHL-CT-21LB,1
2022-04-04 09:22:00,INT-CT-25LB,1
2022-04-04 16:53:00,AQU-CT-11LB,1
2022-04-04 11:42:00,CHL-PS-1LB,1
2022-04-04 18:47:00,INT-LS-1GAL,1
2022-04-04 11:44:00,INT-LS-1GAL,1
2022-04-05 15:03:00,CHL-CT-1LB,1
2022-04-05 11:00:00,CHL-CT-21LB,1
2022-04-05 18:13:00,INT-CT-25LB,2
2022-04-05 15:52:00,AQU-CT-11LB,1
2022-04-05 14:12:00,BIO-MA-32OZ,1
2022-04-06 13:13:00,CHL-CT-1LB,2
2022-04-06 17:48:00,CHL-PS-17LB,1
2022-04-06 16:32:00,AQU-PS-25LB,1
2022-04-06 13:48:00,AQU-PS-25LB,1
2022-04-06 12:45:00,BIO-MA-32OZ,2
2022-04-06 15:41:00,CHL-CT-1LB,4
2022-04-06 10:54:00,INT-CT-25LB,1
2022-04-07 10:14:00,BIO-MA-32OZ,2
2022-04-07 13:24:00,INT-CA-32OZ,1
2022-04-07 15:55:00,AQU-CT-11LB,3
2022-04-07 17:32:00,CHL-CT-21LB,1
2022-04-07 11:49:00,INT-CT-25LB,2
2022-04-07 14:12:00,INT-LS-1GAL,1
2022-04-07 09:17:00,AQU-PS-5LB,1
2022-04-07 14:10:00,INT-CA-32OZ,1
2022-04-07 18:19:00,INT-BA-32OZ,1
2022-04-07 17:41:00,AQU-PS-5LB,1
2022-04-08 15:56:00,CHL-CT-1LB,2
2022-04-08 09:47:00,INT-CA-32OZ,1
2022-04-08 09:15:00,CHL-PS-1LB,3
2022-04-08 08:57:00,INT-BA-32OZ,1
2022-04-08 15:11:00,BIO-MA-32OZ,1
2022-04-09 15:42:00,INT-CT-25LB,1
2022-04-09 16:28:00,CHL-CT-1LB,3
2022-04-09 13:16:00,AQU-CT-11LB,1
2022-04-09 09:59:00,INT-MA-1GAL,3
2022-04-09 16:05:00,INT-BA-32OZ,1
2022-04-10 11:09:00,CHL-PS-1LB,1
2022-04-10 14:32:00,AQU-PS-5LB,1
2022-04-10 14:32:00,AQU-PS-5LB,1
2022-04-10 13:03:00,INT-CA-32OZ,2
2022-04-10 15:17:00,AQU-CT-11LB,1
2022-04-11 08:41:00,CHL-PS-1LB,1
2022-04-11 14:46:00,AQU-PS-25LB,1
2022-04-11 14:12:00,INT-CA-32OZ,1
2022-04-11 12:12:00,CHL-CT-1LB,1
2022-04-11 14:11:00,BIO-MA-32OZ,1
2022-04-11 17:17:00,INT-CA-32OZ,1
2022-04-11 16:38:00,INT-CA-32OZ,3
2022-04-12 14:06:00,CHL-CT-21LB,1
2022-04-12 18:03:00,INT-MA-1GAL,1
2022-04-12 18:15:00,AQU-PS-5LB,1
2022-04-12 09:14:00,AQU-PS-5LB,1
2022-04-12 09:03:00,CHL-CT-21LB,1
2022-04-12 08:36:00,AQU-PS-5LB,3
2022-04-12 12:15:00,INT-CA-32OZ,2
2022-04-12 09:34:00,CHL-CT-1LB,2
2022-04-13 11:56:00,AQU-CT-11LB,1
2022-04-13 17:44:00,AQU-PS-5LB,1
2022-04-13 14:25:00,AQU-PS-5LB,4
2022-04-13 14:06:00,CHL-PS-1LB,1
2022-04-13 11:46:00,AQU-CT-11LB,1
2022-04-13 12:31:00,INT-CT-25LB,1
2022-04-14 11:22:00,INT-CT-25LB,2
2022-04-14 18:18:00,AQU-BA-32OZ,2
2022-04-14 17:18:00,INT-CT-25LB,1
2022-04-14 08:06:00,CHL-CT-21LB,2
2022-04-14 10:32:00,AQU-BA-32OZ,1
2022-04-15 17:30:00,CHL-CT-1LB,2
2022-04-15 12:54:00,AQU-CT-11LB,1
2022-04-15 11:10:00,CHL-CT-1LB,1
2022-04-15 13:43:00,HTH-F-2LB,1
2022-04-15 09:10:00,CHL-PS-17LB,1
2022-04-15 10:21:00,CHL-PS-1LB,1
2022-04-15 15:09:00,CHL-CT-21LB,1
2022-04-15 08:42:00,INT-BA-32OZ,2
2022-04-15 15:27:00,AQU-PS-25LB,1
2022-04-15 13:01:00,AQU-CHI-11LB,1
2022-04-15 10:16:00,INT-CA-32OZ,1
2022-04-15 09:10:00,BIO-MA-32OZ,2
2022-04-16 08:38:00,INT-MA-1GAL,1
2022-04-16 13:30:00,AQU-PS-25LB,1
2022-04-16 17:00:00,INT-CA-32OZ,1
2022-04-16 15:55:00,CHL-PS-17LB,1
2022-04-16 11:30:00,INT-BA-32OZ,1
2022-04-16 09:02:00,CHL-CT-21LB,2
2022-04-16 08:36:00,CHL-CT-21LB,1
2022-04-16 18:18:00,CHL-PS-17LB,1
2022-04-16 11:33:00,AQU-PS-25LB,1
2022-04-16 16:10:00,CHL-CT-21LB,1
2022-04-17 09:06:00,CHL-PS-1LB,1
2022-04-17 12:51:00,INT-CHI-7LB,1
2022-04-17 13:28:00,AQU-BA-32OZ,2
2022-04-17 15:47:00,CHL-CT-21LB,2
2022-04-17 13:34:00,CHL-PS-17LB,1
2022-04-17 12:42:00,AQU-PS-25LB,2
2022-04-17 15:16:00,AQU-PS-5LB,2
2022-04-17 13:29:00,AQU-PS-5LB,3
2022-04-17 08:52:00,INT-LS-1GAL,1
2022-04-17 13:19:00,AQU-CT-11LB,1
2022-04-18 16:49:00,CHL-PS-1LB,3
2022-04-18 18:54:00,INT-CT-25LB,2
2022-04-18 17:30:00,CHL-CT-1LB,1
2022-04-18 09:17:00,AQU-BA-32OZ,1
2022-04-18 18:33:00,CHL-CT-21LB,1
2022-04-18 18:01:00,CHL-PS-17LB,1
2022-04-18 10:26:00,INT-CA-32OZ,1
2022-04-18 11:42:00,CHL-PS-17LB,1
2022-04-18 10:22:00,CHL-CT-1LB,1
2022-04-18 15:01:00,AQU-BA-32OZ,2
2022-04-19 14:23:00,AQU-PS-5LB,3
2022-04-19 11:47:00,AQU-CT-11LB,2
2022-04-19 09:12:00,AQU-PS-5LB,1
2022-04-19 14:40:00,AQU-PS-25LB,1
2022-04-19 09:17:00,CHL-PS-1LB,1
2022-04-19 18:43:00,AQU-PS-5LB,1
2022-04-19 16:57:00,AQU-PS-5LB,1
2022-04-20 16:11:00,AQU-PS-5LB,3
2022-04-20 12:58:00,AQU-PD-5LB,1
2022-04-20 18:22:00,INT-CT-25LB,1
2022-04-20 13:25:00,AQU-PD-5LB,1
2022-04-20 17:26:00,CHL-PS-1LB,1
2022-04-20 12:19:00,AQU-PS-5LB,1
2022-04-20 11:02:00,INT-BA-32OZ,1
2022-04-20 17:33:00,CHL-CT-1LB,1
2022-04-20 13:53:00,AQU-PS-25LB,1
2022-04-20 17:07:00,BIO-MA-32OZ,1
2022-04-20 14:50:00,INT-CT-25LB,1
2022-04-20 15:36:00,AQU-PS-25LB,1
2022-04-20 13:18:00,AQU-CT-11LB,1
2022-04-20 09:00:00,INT-CT-25LB,1
2022-04-20 15:59:00,INT-LS-1GAL,1
2022-04-20 18:09:00,INT-BA-32OZ,1
2022-04-20 15:43:00,AQU-CT-11LB,1
2022-04-20 10:33:00,CHL-PS-17LB,1
2022-04-20 12:39:00,AQU-BA-32OZ,3
2022-04-20 16:42:00,CHL-PS-1LB,1
2022-04-20 10:19:00,INT-CT-25LB,1
2022-04-21 09:51:00,INT-CA-32OZ,2
2022-04-21 12:00:00,AQU-BA-32OZ,1
2022-04-21 15:02:00,AQU-PS-25LB,2
2022-04-21 11:18:00,INT-BA-32OZ,3
2022-04-21 17:07:00,CHL-PS-1LB,1
2022-04-21 08:31:00,INT-CT-25LB,1
2022-04-21 12:00:00,CHL-CT-21LB,1
2022-04-21 14:22:00,CHL-PS-17LB,1
2022-04-21 18:53:00,INT-BA-32OZ,1
2022-04-21 08:03:00,AQU-BA-32OZ,1
2022-04-21 12:08:00,AQU-PS-25LB,4
2022-04-21 13:56:00,AQU-BA-32OZ,1
2022-04-21 12:50:00,INT-CA-32OZ,1
2022-04-21 16:42:00,CHL-PS-1LB,1
2022-04-21 16:09:00,AQU-PS-25LB,2
2022-04-21 09:45:00,INT-CA-32OZ,4
2022-04-21 12:09:00,INT-CA-32OZ,1
2022-04-21 11:27:00,INT-BA-32OZ,4
2022-04-22 09:18:00,INT-MA-1GAL,1
2022-04-22 11:02:00,INT-CA-32OZ,3
2022-04-22 15:59:00,INT-MA-1GAL,1
2022-04-22 13:15:00,CHL-CT-21LB,1
2022-04-22 18:40:00,AQU-PS-25LB,1
2022-04-22 14:27:00,AQU-PS-25LB,1
2022-04-22 14:57:00,AQU-CT-11LB,1
2022-04-22 09:57:00,AQU-CT-11LB,1
2022-04-22 12:58:00,INT-LS-1GAL,1
2022-04-22 12:38:00,CHL-PS-1LB,1
2022-04-22 12:11:00,INT-CT-25LB,2
2022-04-22 17:27:00,CHL-PS-17LB,1
2022-04-22 18:56:00,INT-CA-32OZ,1
2022-04-22 13:51:00,INT-MA-1GAL,2
2022-04-22 17:08:00,INT-LS-1GAL,1
2022-04-22 18:49:00,CHL-CT-21LB,1
2022-04-22 11:16:00,AQU-PS-5LB,1
2022-04-22 10:26:00,BIO-MA-32OZ,1
2022-04-22 16:12:00,CHL-PS-1LB,1
2022-04-22 12:19:00,AQU-CT-11LB,1
2022-04-22 09:19:00,AQU-PS-25LB,1
2022-04-22 17:59:00,INT-AI-25LB,1
2022-04-22 18:29:00,INT-LS-1GAL,1
2022-04-23 14:50:00,AQU-PS-25LB,1
2022-04-23 14:06:00,BIO-MA-32OZ,3
2022-04-23 10:33:00,CHL-PS-17LB,1
2022-04-23 15:44:00,INT-BA-32OZ,1
2022-04-23 13:32:00,AQU-CT-11LB,1
2022-04-23 18:45:00,AQU-CT-11LB,1
2022-04-23 13:29:00,BIO-MA-32OZ,2
2022-04-23 13:27:00,AQU-PS-5LB,1
2022-04-23 15:26:00,AQU-BA-32OZ,1
2022-04-23 14:29:00,AQU-BA-32OZ,1
2022-04-23 08:58:00,CHL-CT-21LB,1
2022-04-23 16:01:00,AQU-BA-32OZ,1
2022-04-23 14:05:00,AQU-PS-25LB,1
2022-04-23 10:39:00,AQU-BA-32OZ,3
2022-04-23 12:50:00,CHL-CHI-20LB,4
2022-04-23 11:37:00,CHL-PS-1LB,1
2022-04-23 16:23:00,CHL-PS-17LB,1
2022-04-23 10:39:00,BIO-MA-32OZ,3
2022-04-23 16:57:00,CHL-PS-17LB,1
2022-04-23 17:56:00,CHL-PU-2LB,1
2022-04-23 12:03:00,AQU-PS-5LB,1
2022-04-23 14:08:00,CHL-CT-1LB,1
2022-04-24 08:29:00,CHL-CHI-20LB,1
2022-04-24 16:29:00,AQU-CT-11LB,4
2022-04-24 08:05:00,CHL-PS-17LB,1
2022-04-24 08:17:00,BIO-MA-32OZ,1
2022-04-24 18:06:00,BIO-MA-32OZ,1
2022-04-24 13:38:00,CHL-PS-1LB,1
2022-04-24 09:52:00,CHL-PS-17LB,2
2022-04-24 12:36:00,INT-BA-32OZ,3
2022-04-24 15:44:00,BIO-MA-32OZ,1
2022-04-24 13:55:00,BIO-MA-32OZ,1
2022-04-24 08:07:00,INT-BA-32OZ,2
2022-04-24 17:43:00,INT-CT-25LB,1
2022-04-24 16:47:00,INT-BA-32OZ,1
2022-04-24 08:44:00,CHL-PS-17LB,1
2022-04-24 11:33:00,AQU-PS-25LB,1
2022-04-24 10:35:00,CHL-PS-1LB,1
2022-04-24 15:08:00,CHL-CT-1LB,2
2022-04-25 18:40:00,CHL-CT-1LB,1
2022-04-25 10:19:00,CHL-CT-1LB,1
2022-04-25 18:19:00,CHL-CT-1LB,4
2022-04-25 08:51:00,INT-MA-1GAL,2
2022-04-25 15:39:00,BIO-PU-5LB,1
2022-04-25 11:07:00,CHL-CT-21LB,2
2022-04-25 09:00:00,INT-BA-32OZ,3
2022-04-25 10:38:00,INT-CA-32OZ,4
2022-04-25 09:33:00,INT-LS-1GAL,2
2022-04-25 09:15:00,INT-BA-32OZ,1
2022-04-25 11:06:00,INT-LS-1GAL,2
2022-04-25 15:01:00,AQU-BA-32OZ,1
2022-04-25 16:28:00,INT-CT-25LB,1
2022-04-25 14:03:00,AQU-CHI-11LB,1
2022-04-25 09:19:00,AQU-PS-25LB,1
2022-04-25 14:30:00,INT-BA-32OZ,1
2022-04-25 10:52:00,INT-CT-25LB,3
2022-04-26 16:16:00,CHL-PS-1LB,1
2022-04-26 17:43:00,INT-CA-32OZ,1
2022-04-26 15:54:00,BIO-MA-32OZ,2
2022-04-26 18:39:00,CHL-PS-1LB,3
2022-04-26 09:27:00,AQU-PS-25LB,1
2022-04-26 10:40:00,INT-BA-32OZ,1
2022-04-26 08:11:00,HTH-AI-11LB,1
2022-04-26 10:52:00,CHL-PS-1LB,3
2022-04-26 18:15:00,INT-CT-25LB,1
2022-04-26 10:32:00,CHL-CT-21LB,2
2022-04-26 16:12:00,CHL-PS-1LB,1
2022-04-26 15:30:00,AQU-CT-11LB,1
2022-04-26 12:18:00,INT-CA-32OZ,1
2022-04-26 18:06:00,AQU-PS-25LB,1
2022-04-26 17:31:00,INT-CA-32OZ,2
2022-04-26 13:42:00,CHL-CT-1LB,1
2022-04-26 12:25:00,AQU-PS-25LB,1
2022-04-26 14:44:00,CHL-PS-1LB,1
2022-04-27 15:26:00,INT-BA-32OZ,3
2022-04-27 14:09:00,CHL-CT-1LB,2
2022-04-27 08:18:00,INT-CT-25LB,3
2022-04-27 15:07:00,CHL-CT-1LB,1
2022-04-27 17:24:00,AQU-BA-32OZ,1
2022-04-27 08:37:00,AQU-PS-5LB,1
2022-04-27 12:02:00,BIO-MA-32OZ,1
2022-04-27 18:41:00,AQU-BA-32OZ,1
2022-04-27 18:39:00,CHL-PS-1LB,1
2022-04-27 15:02:00,CHL-PS-17LB,1
2022-04-27 13:08:00,INT-BA-32OZ,1
2022-04-27 15:56:00,CHL-PS-1LB,1
2022-04-27 15:17:00,BIO-MA-32OZ,2
2022-04-27 08:10:00,BIO-MA-32OZ,1
2022-04-27 13:32:00,AQU-BA-32OZ,1
2022-04-27 16:13:00,CHL-PS-1LB,2
2022-04-27 13:57:00,INT-MA-1GAL,1
2022-04-27 16:24:00,AQU-PS-25LB,1
2022-04-27 16:04:00,AQU-CT-11LB,3
2022-04-28 10:22:00,INT-LS-1GAL,2
2022-04-28 18:46:00,BIO-PU-5LB,1
2022-04-28 17:21:00,CHL-CT-1LB,2
2022-04-28 15:45:00,CHL-CT-21LB,1
2022-04-28 10:17:00,INT-CT-25LB,1
2022-04-28 18:19:00,BIO-MA-32OZ,1
2022-04-28 14:04:00,AQU-PD-5LB,1
2022-04-28 18:30:00,INT-CA-32OZ,1
2022-04-28 14:30:00,INT-LS-1GAL,1
2022-04-28 17:42:00,INT-CA-32OZ,1
2022-04-28 10:36:00,AQU-BA-32OZ,1
2022-04-28 16:49:00,INT-BA-32OZ,2
2022-04-28 18:33:00,CHL-PS-17LB,1
2022-04-28 12:08:00,AQU-CT-11LB,1
2022-04-28 13:37:00,INT-LS-1GAL,1
2022-04-28 17:22:00,AQU-PS-25LB,2
2022-04-28 17:39:00,INT-MA-1GAL,1
2022-04-28 14:04:00,INT-CT-25LB,1
2022-04-29 10:14:00,AQU-BA-32OZ,1
2022-04-29 09:42:00,INT-CT-25LB,4
2022-04-29 09:31:00,INT-CT-25LB,2
2022-04-29 18:30:00,AQU-CT-11LB,1
2022-04-29 13:48:00,BIO-MA-32OZ,1
2022-04-29 11:49:00,INT-BA-32OZ,1
2022-04-29 11:06:00,AQU-BA-32OZ,1
2022-04-29 10:46:00,CHL-CT-21LB,1
2022-04-29 14:48:00,AQU-CT-11LB,1
2022-04-29 14:59:00,AQU-CT-11LB,1
2022-04-29 09:03:00,AQU-CT-11LB,1
2022-04-29 17:16:00,INT-CT-25LB,1
2022-04-29 09:02:00,AQU-CHI-11LB,1
2022-04-29 09:28:00,CHL-PS-17LB,1
2022-04-29 13:38:00,AQU-BA-32OZ,1
2022-04-30 08:59:00,CHL-PS-17LB,2
2022-04-30 10:20:00,CHL-CT-1LB,1
2022-04-30 09:44:00,BIO-MA-32OZ,1
2022-04-30 15:24:00,AQU-BA-32OZ,1
2022-04-30 10:40:00,INT-CA-32OZ,2
2022-04-30 17:35:00,CHL-PS-1LB,2
2022-04-30 11:12:00,INT-CT-25LB,1
2022-04-30 12:31:00,CHL-CT-21LB,1
2022-04-30 15:43:00,INT-CA-32OZ,1
2022-04-30 12:14:00,INT-MA-1GAL,1
2022-04-30 11:47:00,INT-CT-25LB,1
2022-04-30 10:27:00,INT-CT-25LB,2
2022-04-30 16:51:00,INT-CA-32OZ,2
2022-04-30 11:05:00,AQU-BA-32OZ,1
2022-04-30 17:01:00,INT-LS-1GAL,1
2022-04-30 18:42:00,CHL-CT-21LB,1
2022-04-30 09:13:00,CHL-CT-21LB,1
2022-04-30 08:51:00,CHL-CT-1LB,2
2022-04-30 10:57:00,CHL-CT-1LB,1
2022-04-30 08:23:00,CHL-PS-1LB,3
2022-04-30 14:36:00,CHL-S-1LB,1
2022-05-01 09:21:00,CHL-CT-1LB,3
2022-05-01 10:43:00,INT-BA-32OZ,2
2022-05-01 18:33:00,INT-CA-32OZ,1
2022-05-01 15:12:00,AQU-CT-11LB,1
2022-05-01 11:36:00,INT-LS-1GAL,2
2022-05-01 15:32:00,AQU-BA-32OZ,2
2022-05-01 13:22:00,AQU-CT-11LB,1
2022-05-01 17:57:00,CHL-PS-1LB,1
2022-05-01 16:54:00,AQU-CT-11LB,1
2022-05-01 10:51:00,CHL-PS-1LB,4
2022-05-01 09:28:00,CHL-CT-1LB,2
2022-05-01 14:40:00,CHL-CT-21LB,1
2022-05-01 14:55:00,BIO-MA-32OZ,2
2022-05-01 09:36:00,CHL-CT-21LB,1
2022-05-01 09:08:00,AQU-PS-5LB,1
2022-05-01 16:19:00,AQU-BA-32OZ,1
2022-05-01 09:07:00,AQU-PS-25LB,3
2022-05-01 15:14:00,INT-LS-1GAL,1
2022-05-01 08:38:00,CHL-CT-21LB,1
2022-05-01 16:21:00,CHL-CT-1LB,1
2022-05-01 08:14:00,CHL-PS-1LB,2
2022-05-01 12:59:00,INT-CA-32OZ,1
2022-05-01 12:24:00,INT-BA-32OZ,1
2022-05-01 13:04:00,CHL-PS-1LB,2
2022-05-01 10:18:00,AQU-CT-11LB,1
2022-05-01 09:34:00,AQU-PS-5LB,1
2022-05-01 17:15:00,INT-LS-1GAL,2
2022-05-01 16:59:00,CHL-PU-2LB,3
2022-05-01 17:32:00,CHL-PU-2LB,3
2022-05-01 12:25:00,CHL-CT-21LB,1
2022-05-01 17:03:00,BIO-MA-32OZ,1
2022-05-01 16:44:00,AQU-PS-25LB,1
2022-05-01 09:37:00,CHL-CT-21LB,1
2022-05-01 15:59:00,CHL-PS-17LB,1
2022-05-01 12:41:00,AQU-BA-32OZ,1
2022-05-01 08:02:00,AQU-BA-32OZ,1
2022-05-01 13:26:00,CHL-PS-17LB,1
2022-05-01 12:12:00,AQU-CT-11LB,1
2022-05-01 13:56:00,BIO-MA-32OZ,2
2022-05-01 08:08:00,INT-MA-1GAL,1
2022-05-01 11:35:00,CHL-PS-17LB,1
2022-05-01 13:59:00,AQU-PS-5LB,1
2022-05-01 18:58:00,CHL-PS-17LB,1
2022-05-01 08:15:00,AQU-PS-5LB,1
2022-05-02 17:57:00,INT-CA-32OZ,1
2022-05-02 17:44:00,AQU-PS-5LB,1
2022-05-02 08:22:00,AQU-PS-5LB,2
2022-05-02 09:26:00,INT-CA-32OZ,1
2022-05-02 17:47:00,INT-LS-1GAL,4
2022-05-02 17:59:00,INT-CT-25LB,2
2022-05-02 09:56:00,AQU-PS-25LB,1
2022-05-02 16:30:00,BIO-MA-32OZ,1
2022-05-02 10:17:00,INT-BA-32OZ,1
2022-05-02 08:06:00,INT-CT-25LB,2
2022-05-02 08:31:00,AQU-PS-25LB,1
2022-05-02 16:14:00,AQU-BA-32OZ,1
2022-05-02 18:22:00,CHL-CT-21LB,2
2022-05-02 14:30:00,HTH-F-2LB,1
2022-05-02 12:50:00,AQU-CT-11LB,2
2022-05-02 11:01:00,BIO-MA-32OZ,2
2022-05-02 08:01:00,AQU-CT-11LB,1
2022-05-02 11:34:00,INT-CT-25LB,3
2022-05-02 17:55:00,AQU-BA-32OZ,1
2022-05-02 14:43:00,AQU-CT-11LB,1
2022-05-02 18:47:00,INT-AI-25LB,1
2022-05-02 08:35:00,CHL-CT-1LB,1
2022-05-02 15:03:00,INT-CT-25LB,1
2022-05-02 14:49:00,BIO-MA-32OZ,2
2022-05-02 14:44:00,AQU-CT-11LB,1
2022-05-02 10:27:00,AQU-BA-32OZ,1
2022-05-02 14:35:00,AQU-PS-25LB,3
2022-05-02 10:07:00,BIO-MA-32OZ,2
2022-05-02 15:07:00,CHL-PS-17LB,1
2022-05-02 17:57:00,CHL-PS-1LB,1
2022-05-02 13:22:00,INT-CA-32OZ,1
2022-05-02 11:21:00,INT-CA-32OZ,1
2022-05-02 14:58:00,CHL-CT-1LB,4
2022-05-02 08:15:00,AQU-PS-25LB,1
2022-05-02 11:05:00,INT-LS-1GAL,1
2022-05-02 17:00:00,AQU-CT-11LB,1
2022-05-02 11:26:00,INT-BA-32OZ,2
2022-05-02 16:36:00,CHL-CT-21LB,1
2022-05-02 08:51:00,INT-CT-25LB,1
2022-05-03 11:52:00,INT-CT-25LB,1
2022-05-03 08:04:00,CHL-PS-17LB,2
2022-05-03 08:08:00,AQU-BA-32OZ,2
2022-05-03 15:11:00,INT-LS-1GAL,1
2022-05-03 12:02:00,AQU-BA-32OZ,1
2022-05-03 13:22:00,BIO-MA-32OZ,1
2022-05-03 17:41:00,CHL-PS-1LB,2
2022-05-03 11:18:00,INT-CA-32OZ,2
2022-05-03 10:38:00,AQU-PD-5LB,1
2022-05-03 14:30:00,AQU-PS-25LB,3
2022-05-03 18:07:00,CHL-PS-17LB,1
2022-05-03 18:04:00,CHL-CT-21LB,1
2022-05-03 09:16:00,INT-LS-1GAL,1
2022-05-03 16:13:00,AQU-BA-32OZ,2
2022-05-03 15:45:00,INT-CT-25LB,1
2022-05-03 13:57:00,INT-LS-1GAL,1
2022-05-03 11:28:00,CHL-CT-1LB,1
2022-05-03 12:23:00,CHL-PS-17LB,1
2022-05-03 16:18:00,CHL-CT-1LB,1
2022-05-03 18:15:00,INT-CT-25LB,1
2022-05-03 16:57:00,AQU-PS-5LB,3
2022-05-03 12:20:00,AQU-PS-5LB,3
2022-05-03 16:32:00,CHL-PS-1LB,3
2022-05-03 09:03:00,CHL-PS-1LB,2
2022-05-03 13:57:00,CHL-CT-1LB,2
2022-05-03 14:45:00,CHL-CT-1LB,1
2022-05-03 17:31:00,INT-CA-32OZ,1
2022-05-03 12:05:00,BIO-PU-5LB,1
2022-05-03 11:58:00,AQU-CT-11LB,2
2022-05-03 10:53:00,CHL-CT-1LB,1
2022-05-03 16:14:00,INT-CA-32OZ,2
2022-05-03 12:47:00,BIO-PU-5LB,1
2022-05-03 16:13:00,CHL-CT-21LB,1
2022-05-03 09:23:00,AQU-PS-25LB,2
2022-05-03 10:02:00,INT-LS-1GAL,1
2022-05-03 11:44:00,CHL-CT-1LB,2
2022-05-03 15:41:00,CHL-PU-2LB,1
2022-05-03 15:07:00,AQU-CT-11LB,2
2022-05-03 08:31:00,INT-BA-32OZ,1
2022-05-04 12:17:00,INT-LS-1GAL,1
2022-05-04 17:24:00,AQU-BA-32OZ,2
2022-05-04 12:52:00,INT-BA-32OZ,1
2022-05-04 09:03:00,AQU-PS-5LB,1
2022-05-04 12:54:00,AQU-PS-5LB,1
2022-05-04 17:24:00,CHL-CT-21LB,1
2022-05-04 15:01:00,AQU-PS-5LB,1
2022-05-04 14:24:00,INT-CT-25LB,1
2022-05-04 15:02:00,CHL-CT-21LB,1
2022-05-04 11:13:00,CHL-CT-1LB,1
2022-05-04 14:11:00,AQU-PS-25LB,3
2022-05-04 18:27:00,INT-AI-25LB,1
2022-05-04 16:03:00,CHL-PU-2LB,1
2022-05-04 18:19:00,CHL-PS-1LB,4
2022-05-04 08:34:00,AQU-PS-5LB,1
2022-05-04 13:59:00,AQU-PS-25LB,1
2022-05-04 08:58:00,INT-BA-32OZ,1
2022-05-04 17:48:00,AQU-PS-25LB,1
2022-05-04 13:59:00,INT-LS-1GAL,4
2022-05-04 12:51:00,BIO-MA-32OZ,1
2022-05-04 17:13:00,CHL-PS-17LB,2
2022-05-04 08:21:00,CHL-PS-17LB,1
2022-05-04 17:27:00,CHL-CT-1LB,3
2022-05-04 14:50:00,AQU-PS-5LB,1
2022-05-04 08:51:00,CHL-CT-21LB,1
2022-05-04 09:35:00,INT-CT-25LB,1
2022-05-04 14:46:00,AQU-CT-11LB,1
2022-05-04 18:18:00,CHL-PS-17LB,2
2022-05-04 16:29:00,AQU-BA-32OZ,1
2022-05-04 14:36:00,AQU-PS-5LB,1
2022-05-04 17:49:00,INT-CT-25LB,2
2022-05-04 16:16:00,CHL-CT-1LB,1
2022-05-04 10:24:00,INT-CA-32OZ,3
2022-05-04 15:47:00,CHL-PS-1LB,1
2022-05-04 11:08:00,CHL-PS-1LB,3
2022-05-04 08:17:00,BIO-MA-32OZ,1
2022-05-04 18:17:00,AQU-PS-5LB,1
2022-05-04 09:15:00,INT-LS-1GAL,1
2022-05-04 16:18:00,AQU-PS-25LB,1
2022-05-04 13:36:00,INT-CA-32OZ,1
2022-05-04 14:02:00,AQU-CT-11LB,1
2022-05-04 17:17:00,BIO-MA-32OZ,1
2022-05-05 18:16:00,AQU-BA-32OZ,1
2022-05-05 18:51:00,INT-MA-1GAL,3
2022-05-05 17:00:00,INT-CT-25LB,3
2022-05-05 09:19:00,INT-LS-1GAL,1
2022-05-05 17:42:00,CHL-PS-1LB,1
2022-05-05 13:53:00,INT-CA-32OZ,2
2022-05-05 12:54:00,CHL-PS-17LB,1
2022-05-05 10:28:00,CHL-PS-17LB,1
2022-05-05 15:01:00,CHL-PS-17LB,3
2022-05-05 15:00:00,AQU-PS-25LB,1
2022-05-05 15:02:00,AQU-BA-32OZ,1
2022-05-05 13:30:00,CHL-PS-1LB,1
2022-05-05 18:54:00,AQU-PS-5LB,4
2022-05-05 16:13:00,INT-CT-25LB,1
2022-05-05 14:03:00,INT-CT-25LB,1
2022-05-05 17:05:00,BIO-MA-32OZ,3
2022-05-05 12:57:00,AQU-BA-32OZ,1
2022-05-05 17:35:00,INT-LS-1GAL,1
2022-05-05 13:04:00,INT-BA-32OZ,1
2022-05-05 15:11:00,AQU-CT-11LB,3
2022-05-05 12:49:00,CHL-PS-17LB,1
2022-05-05 12:16:00,AQU-PS-5LB,1
2022-05-05 15:08:00,CHL-PS-1LB,1
2022-05-05 11:40:00,INT-LS-1GAL,1
2022-05-05 10:09:00,INT-CA-32OZ,1
2022-05-05 17:41:00,INT-BA-32OZ,1
2022-05-05 08:14:00,CHL-CT-21LB,3
2022-05-05 09:41:00,CHL-PS-1LB,1
2022-05-05 08:11:00,AQU-BA-32OZ,1
2022-05-05 18:32:00,AQU-PS-25LB,1
2022-05-05 15:37:00,INT-BA-32OZ,3
2022-05-06 16:45:00,AQU-PS-25LB,1
2022-05-06 11:03:00,CHL-PS-17LB,1
2022-05-06 12:16:00,AQU-PD-5LB,1
2022-05-06 08:43:00,CHL-PS-17LB,1
2022-05-06 13:34:00,AQU-PD-5LB,2
2022-05-06 08:38:00,BIO-MA-32OZ,1
2022-05-06 11:22:00,BIO-MA-32OZ,1
2022-05-06 09:04:00,AQU-PS-25LB,1
2022-05-06 16:28:00,BIO-MA-32OZ,2
2022-05-06 09:32:00,AQU-BA-32OZ,3
2022-05-06 09:15:00,AQU-PS-25LB,1
2022-05-06 11:20:00,CHL-PS-1LB,3
2022-05-06 17:23:00,CHL-PS-17LB,3
2022-05-06 18:26:00,INT-LS-1GAL,1
2022-05-06 09:41:00,CHL-PS-1LB,1
2022-05-06 14:56:00,AQU-BA-32OZ,1
2022-05-06 12:09:00,CHL-CT-1LB,1
2022-05-06 08:20:00,CHL-CT-1LB,1
2022-05-06 17:50:00,AQU-PS-25LB,3
2022-05-06 13:21:00,AQU-CT-11LB,1
2022-05-06 14:57:00,INT-CT-25LB,1
2022-05-06 18:23:00,AQU-PS-25LB,1
2022-05-06 15:18:00,AQU-PS-25LB,1
2022-05-06 17:01:00,AQU-CT-11LB,2
2022-05-06 10:23:00,INT-MA-1GAL,1
2022-05-07 10:58:00,INT-LS-1GAL,1
2022-05-07 17:01:00,CHL-PS-17LB,2
2022-05-07 09:38:00,INT-CA-32OZ,1
2022-05-07 11:51:00,CHL-CT-21LB,1
2022-05-07 13:32:00,CHL-CT-21LB,2
2022-05-07 16:50:00,INT-CT-25LB,1
2022-05-07 17:45:00,INT-BA-32OZ,1
2022-05-07 13:13:00,CHL-CT-21LB,1
2022-05-07 14:53:00,CHL-CT-1LB,2
2022-05-07 17:02:00,AQU-BA-32OZ,1
2022-05-07 18:46:00,AQU-PD-5LB,1
2022-05-07 10:24:00,INT-BA-32OZ,3
2022-05-07 18:05:00,AQU-CT-11LB,2
2022-05-07 09:59:00,CHL-PS-17LB,1
2022-05-07 11:36:00,INT-BA-32OZ,3
2022-05-07 16:36:00,AQU-BA-32OZ,1
2022-05-07 18:35:00,CHL-CT-21LB,1
2022-05-07 14:34:00,INT-AI-25LB,1
2022-05-07 09:54:00,INT-CA-32OZ,1
2022-05-07 16:51:00,INT-CT-25LB,1
2022-05-07 08:38:00,HTH-S-5LB,1
2022-05-07 15:42:00,INT-MA-1GAL,1
2022-05-07 16:33:00,INT-CT-25LB,2
2022-05-07 15:20:00,INT-CA-32OZ,3
2022-05-07 12:12:00,CHL-PS-1LB,1
2022-05-07 17:18:00,AQU-CT-11LB,1
2022-05-08 13:15:00,CHL-CT-21LB,1
2022-05-08 13:14:00,CHL-PS-1LB,1
2022-05-08 15:20:00,CHL-CT-1LB,4
2022-05-08 09:44:00,CHL-PS-17LB,1
2022-05-08 11:28:00,AQU-CHI-11LB,2
2022-05-08 14:23:00,CHL-CHI-20LB,4
2022-05-08 09:22:00,AQU-CT-11LB,1
2022-05-08 16:32:00,AQU-PS-5LB,1
2022-05-08 09:58:00,BIO-MA-32OZ,1
2022-05-08 13:41:00,INT-BA-32OZ,2
2022-05-08 15:38:00,AQU-PS-25LB,3
2022-05-08 11:28:00,AQU-CT-11LB,1
2022-05-08 14:14:00,AQU-BA-32OZ,1
2022-05-08 17:52:00,INT-CA-32OZ,1
2022-05-08 10:59:00,CHL-CT-1LB,2
2022-05-08 16:15:00,INT-CT-25LB,1
2022-05-08 14:43:00,AQU-PS-5LB,3
2022-05-08 17:42:00,CHL-PS-1LB,3
2022-05-08 10:38:00,CHL-CT-1LB,1
2022-05-08 12:50:00,BIO-PU-5LB,1
2022-05-08 12:21:00,INT-CT-25LB,2
2022-05-08 13:07:00,INT-CA-32OZ,1
2022-05-08 09:26:00,INT-CT-25LB,2
2022-05-08 14:32:00,BIO-MA-32OZ,2
2022-05-08 10:36:00,CHL-CT-1LB,4
2022-05-08 15:40:00,AQU-CT-11LB,1
2022-05-08 11:57:00,CHL-CT-1LB,1
2022-05-08 10:56:00,AQU-PS-5LB,1
2022-05-08 15:00:00,CHL-PS-1LB,1
2022-05-08 10:07:00,AQU-PS-5LB,1
2022-05-09 16:45:00,AQU-PS-5LB,1
2022-05-09 15:47:00,AQU-PS-25LB,1
2022-05-09 09:08:00,HTH-S-5LB,3
2022-05-09 08:53:00,AQU-BA-32OZ,1
2022-05-09 14:01:00,AQU-PS-25LB,1
2022-05-09 10:04:00,BIO-MA-32OZ,1
2022-05-09 10:32:00,CHL-CT-21LB,1
2022-05-09 16:58:00,AQU-PS-25LB,4
2022-05-09 14:57:00,INT-CA-32OZ,2
2022-05-09 14:22:00,INT-CT-25LB,3
2022-05-09 10:25:00,INT-BA-32OZ,3
2022-05-09 16:15:00,AQU-PS-25LB,1
2022-05-09 12:07:00,INT-BA-32OZ,1
2022-05-09 13:57:00,AQU-BA-32OZ,4
2022-05-09 13:37:00,CHL-CT-21LB,1
2022-05-09 17:39:00,AQU-CT-11LB,3
2022-05-09 09:46:00,INT-BA-32OZ,1
2022-05-09 08:04:00,CHL-CT-21LB,1
2022-05-09 13:28:00,BIO-MA-32OZ,1
2022-05-09 14:40:00,AQU-CT-11LB,2
2022-05-09 15:47:00,CHL-PS-1LB,1
2022-05-09 14:18:00,CHL-CT-1LB,1
2022-05-09 15:44:00,INT-LS-1GAL,4
2022-05-09 10:46:00,BIO-MA-32OZ,3
2022-05-09 10:46:00,INT-MA-1GAL,1
2022-05-09 17:58:00,INT-LS-1GAL,1
2022-05-09 16:05:00,BIO-MA-32OZ,1
2022-05-09 10:57:00,AQU-PS-25LB,1
2022-05-09 08:37:00,CHL-CT-21LB,1
2022-05-09 17:23:00,AQU-BA-32OZ,1
2022-05-09 18:41:00,AQU-BA-32OZ,1
2022-05-09 15:24:00,INT-CA-32OZ,3
2022-05-10 10:32:00,AQU-CT-11LB,1
2022-05-10 17:17:00,INT-MA-1GAL,1
2022-05-10 09:14:00,AQU-CT-11LB,1
2022-05-10 12:31:00,AQU-BA-32OZ,4
2022-05-10 13:03:00,AQU-CT-11LB,1
2022-05-10 17:33:00,BIO-MA-32OZ,1
2022-05-10 16:37:00,CHL-CT-1LB,3
2022-05-10 16:54:00,HTH-AI-11LB,1
2022-05-10 14:18:00,INT-CT-25LB,1
2022-05-10 13:24:00,INT-CT-25LB,1
2022-05-10 13:48:00,INT-LS-1GAL,1
2022-05-10 10:09:00,AQU-PS-25LB,1
2022-05-10 08:52:00,CHL-CT-21LB,1
2022-05-10 11:27:00,INT-CT-25LB,1
2022-05-10 16:17:00,CHL-CT-1LB,2
2022-05-10 17:56:00,AQU-CT-11LB,4
2022-05-10 17:20:00,AQU-CT-11LB,1
2022-05-10 09:22:00,CHL-PS-1LB,1
2022-05-10 12:10:00,AQU-BA-32OZ,3
2022-05-10 09:18:00,HTH-F-2LB,1
2022-05-10 12:31:00,INT-CT-25LB,1
2022-05-10 15:14:00,INT-CT-25LB,1
2022-05-10 10:18:00,AQU-BA-32OZ,3
2022-05-10 12:38:00,AQU-CT-11LB,1
2022-05-10 09:59:00,AQU-PS-5LB,1
2022-05-10 11:42:00,INT-LS-1GAL,3
2022-05-10 12:09:00,INT-BA-32OZ,1
2022-05-10 09:13:00,CHL-CT-21LB,1
2022-05-10 16:53:00,AQU-PD-5LB,1
2022-05-10 16:48:00,CHL-CHI-20LB,1
2022-05-10 10:01:00,INT-CA-32OZ,1
2022-05-11 08:57:00,INT-CT-25LB,2
2022-05-11 16:34:00,BIO-MA-32OZ,2
2022-05-11 11:00:00,AQU-PS-25LB,4
2022-05-11 15:53:00,CHL-CHI-20LB,1
2022-05-11 08:23:00,INT-MA-1GAL,1
2022-05-11 11:18:00,INT-BA-32OZ,1
2022-05-11 17:27:00,INT-AI-5LB,1
2022-05-11 15:33:00,CHL-CT-21LB,1
2022-05-11 10:53:00,INT-LS-1GAL,1
2022-05-11 15:18:00,AQU-PS-5LB,2
2022-05-11 09:45:00,INT-AI-25LB,2
2022-05-11 09:28:00,AQU-BA-32OZ,1
2022-05-11 14:31:00,INT-LS-1GAL,1
2022-05-11 12:05:00,CHL-PS-1LB,3
2022-05-11 10:17:00,CHL-PS-17LB,3
2022-05-11 18:07:00,AQU-PS-5LB,2
2022-05-11 13:51:00,CHL-PS-17LB,1
2022-05-11 09:47:00,INT-CA-32OZ,1
2022-05-11 11:46:00,INT-CA-32OZ,1
2022-05-11 09:20:00,AQU-PS-5LB,3
2022-05-11 10:32:00,AQU-CT-11LB,2
2022-05-11 13:17:00,CHL-CT-21LB,1
2022-05-11 15:40:00,INT-LS-1GAL,1
2022-05-11 16:43:00,CHL-CT-21LB,1
2022-05-12 13:57:00,INT-BA-32OZ,1
2022-05-12 08:27:00,INT-LS-1GAL,1
2022-05-12 09:59:00,AQU-PS-5LB,1
2022-05-12 16:20:00,CHL-PS-1LB,4
2022-05-12 11:53:00,INT-CA-32OZ,1
2022-05-12 16:42:00,CHL-PS-1LB,2
2022-05-12 18:02:00,AQU-CT-11LB,2
2022-05-12 18:40:00,BIO-PU-5LB,1
2022-05-12 08:15:00,CHL-PS-17LB,2
2022-05-12 10:37:00,INT-MA-1GAL,1
2022-05-12 14:55:00,INT-BA-32OZ,1
2022-05-12 11:43:00,CHL-CT-1LB,2
2022-05-12 11:16:00,BIO-PD-2LB,1
2022-05-12 15:09:00,BIO-MA-32OZ,1
2022-05-12 15:52:00,AQU-PS-25LB,1
2022-05-12 10:46:00,CHL-PS-17LB,1
2022-05-12 15:18:00,INT-LS-1GAL,2
2022-05-12 10:12:00,BIO-MA-32OZ,1
2022-05-12 18:56:00,CHL-PS-17LB,1
2022-05-12 09:33:00,CHL-CHI-20LB,1
2022-05-12 11:00:00,CHL-PS-1LB,1
2022-05-12 14:04:00,INT-LS-1GAL,1
2022-05-12 15:35:00,BIO-MA-32OZ,2
2022-05-12 17:13:00,AQU-PS-25LB,1
2022-05-12 10:02:00,AQU-PS-25LB,3
2022-05-12 14:44:00,CHL-CT-21LB,1
2022-05-12 12:39:00,CHL-CT-1LB,1
2022-05-12 14:40:00,CHL-CT-1LB,1
2022-05-12 17:15:00,INT-BA-32OZ,1
2022-05-12 18:22:00,INT-LS-1GAL,1
2022-05-12 15:33:00,CHL-CT-1LB,1
2022-05-12 18:11:00,INT-CT-25LB,3
2022-05-12 12:53:00,CHL-PS-1LB,1
2022-05-12 11:56:00,CHL-PS-17LB,1
2022-05-12 12:42:00,AQU-CT-11LB,2
2022-05-12 15:31:00,AQU-PS-25LB,1
2022-05-12 18:25:00,AQU-BA-32OZ,3
2022-05-12 17:22:00,CHL-S-1LB,2
2022-05-12 16:30:00,AQU-BA-32OZ,1
2022-05-12 12:06:00,CHL-PS-17LB,1
2022-05-12 11:07:00,INT-CA-32OZ,3
2022-05-12 12:26:00,CHL-PS-17LB,1
2022-05-12 15:20:00,INT-CA-32OZ,3
2022-05-12 11:42:00,INT-BA-32OZ,4
2022-05-13 10:29:00,INT-LS-1GAL,1
2022-05-13 13:42:00,CHL-CT-21LB,1
2022-05-13 09:22:00,CHL-PS-1LB,2
2022-05-13 14:45:00,INT-CA-32OZ,2
2022-05-13 10:49:00,INT-LS-1GAL,1
2022-05-13 15:53:00,CHL-CT-1LB,1
2022-05-13 15:38:00,CHL-CT-21LB,1
2022-05-13 14:43:00,AQU-PS-5LB,2
2022-05-13 11:01:00,CHL-PS-1LB,4
2022-05-13 12:17:00,CHL-CT-21LB,4
2022-05-13 16:13:00,CHL-PS-1LB,1
2022-05-13 14:03:00,INT-LS-1GAL,2
2022-05-13 16:49:00,CHL-CT-1LB,1
2022-05-13 13:16:00,AQU-BA-32OZ,1
2022-05-13 18:20:00,CHL-PS-1LB,1
2022-05-13 14:25:00,INT-BA-32OZ,1
2022-05-13 15:27:00,AQU-CT-11LB,1
2022-05-13 14:16:00,INT-CT-25LB,2
2022-05-13 08:17:00,CHL-CT-1LB,1
2022-05-13 15:46:00,AQU-PS-5LB,1
2022-05-13 11:21:00,CHL-PS-17LB,1
2022-05-13 18:52:00,CHL-CT-21LB,3
2022-05-13 08:19:00,AQU-PS-5LB,1
2022-05-13 15:26:00,CHL-CT-21LB,1
2022-05-13 11:36:00,AQU-BA-32OZ,1
2022-05-13 10:34:00,CHL-PS-1LB,1
2022-05-14 18:07:00,INT-CT-25LB,1
2022-05-14 17:39:00,CHL-CT-1LB,1
2022-05-14 13:08:00,AQU-CT-11LB,4
2022-05-14 17:34:00,CHL-PS-1LB,4
2022-05-14 08:46:00,INT-CT-25LB,2
2022-05-14 08:51:00,AQU-CT-11LB,1
2022-05-14 14:05:00,AQU-BA-32OZ,3
2022-05-14 13:58:00,AQU-PS-25LB,1
2022-05-14 13:49:00,CHL-CT-21LB,3
2022-05-14 16:04:00,INT-LS-1GAL,1
2022-05-14 18:03:00,INT-CA-32OZ,2
2022-05-14 16:13:00,INT-CT-25LB,1
2022-05-14 13:34:00,HTH-S-5LB,1
2022-05-14 11:10:00,INT-CA-32OZ,1
2022-05-14 16:25:00,INT-BA-32OZ,1
2022-05-14 11:18:00,AQU-PS-25LB,2
2022-05-14 10:58:00,CHL-CT-21LB,1
2022-05-14 13:21:00,AQU-PS-25LB,1
2022-05-14 14:13:00,AQU-CT-11LB,1
2022-05-14 16:46:00,INT-LS-1GAL,2
2022-05-14 11:00:00,BIO-MA-32OZ,1
2022-05-14 08:54:00,INT-LS-1GAL,1
2022-05-14 08:48:00,INT-BA-32OZ,2
2022-05-14 16:06:00,INT-BA-32OZ,1
2022-05-14 16:25:00,CHL-CT-1LB,1
2022-05-14 15:02:00,CHL-PS-17LB,1
2022-05-15 12:01:00,AQU-PS-5LB,3
2022-05-15 11:40:00,BIO-MA-32OZ,3
2022-05-15 11:02:00,AQU-BA-32OZ,1
2022-05-15 12:47:00,AQU-BA-32OZ,1
2022-05-15 09:52:00,CHL-PS-1LB,2
2022-05-15 14:41:00,AQU-PS-5LB,4
2022-05-15 14:08:00,INT-BA-32OZ,2
2022-05-15 12:55:00,AQU-PS-25LB,1
2022-05-15 09:04:00,CHL-PS-1LB,2
2022-05-15 09:32:00,CHL-PS-17LB,1
2022-05-15 14:01:00,AQU-PS-25LB,1
2022-05-15 08:47:00,AQU-CT-11LB,1
2022-05-15 16:38:00,INT-CA-32OZ,1
2022-05-15 10:06:00,INT-LS-1GAL,1
2022-05-15 17:50:00,INT-LS-1GAL,1
2022-05-15 14:12:00,BIO-MA-32OZ,1
2022-05-15 17:54:00,AQU-PS-5LB,1
2022-05-15 12:50:00,AQU-CT-11LB,1
2022-05-15 13:27:00,CHL-CT-1LB,2
2022-05-15 16:47:00,CHL-PS-1LB,1
2022-05-15 08:19:00,CHL-CT-1LB,1
2022-05-15 12:29:00,HTH-S-5LB,1
2022-05-15 11:06:00,AQU-CHI-11LB,1
2022-05-15 12:41:00,CHL-PS-1LB,1
2022-05-16 14:18:00,AQU-PS-5LB,1
2022-05-16 14:05:00,INT-LS-1GAL,1
2022-05-16 11:26:00,INT-LS-1GAL,3
2022-05-16 16:17:00,INT-LS-1GAL,2
2022-05-16 15:18:00,INT-CT-25LB,1
2022-05-16 16:32:00,AQU-PS-25LB,1
2022-05-16 11:24:00,INT-CT-25LB,1
2022-05-16 08:31:00,AQU-PS-25LB,1
2022-05-16 14:23:00,AQU-BA-32OZ,1
2022-05-16 16:45:00,INT-CT-25LB,1
2022-05-16 09:28:00,AQU-BA-32OZ,1
2022-05-16 11:36:00,AQU-CT-11LB,3
2022-05-16 08:25:00,INT-CA-32OZ,1
2022-05-16 11:28:00,CHL-PS-17LB,2
2022-05-16 13:30:00,BIO-MA-32OZ,1
2022-05-16 17:06:00,CHL-CT-21LB,1
2022-05-16 18:19:00,AQU-CT-11LB,1
2022-05-16 13:09:00,AQU-PS-5LB,4
2022-05-16 18:05:00,INT-CA-32OZ,1
2022-05-16 09:35:00,INT-LS-1GAL,1
2022-05-16 10:13:00,CHL-CT-1LB,1
2022-05-16 15:37:00,INT-CT-25LB,1
2022-05-16 11:05:00,INT-CT-25LB,2
2022-05-17 17:53:00,CHL-PS-1LB,1
2022-05-17 15:33:00,INT-CA-32OZ,1
2022-05-17 17:48:00,INT-BA-32OZ,1
2022-05-17 11:03:00,CHL-CHI-20LB,1
2022-05-17 15:16:00,AQU-CT-11LB,1
2022-05-17 14:19:00,CHL-PS-17LB,1
2022-05-17 13:53:00,CHL-PS-17LB,4
2022-05-17 10:02:00,INT-MA-1GAL,1
2022-05-17 13:44:00,INT-BA-32OZ,1
2022-05-17 17:38:00,BIO-MA-32OZ,1
2022-05-17 14:55:00,CHL-PS-1LB,2
2022-05-17 08:17:00,INT-CA-32OZ,1
2022-05-17 11:48:00,AQU-BA-32OZ,3
2022-05-17 16:50:00,CHL-CT-21LB,1
2022-05-17 15:34:00,HTH-F-2LB,1
2022-05-17 15:20:00,INT-LS-1GAL,1
2022-05-17 18:15:00,AQU-BA-32OZ,2
2022-05-17 13:29:00,AQU-PS-5LB,4
2022-05-17 15:32:00,INT-CA-32OZ,3
2022-05-17 16:54:00,CHL-PS-1LB,1
2022-05-17 09:58:00,INT-BA-32OZ,1
2022-05-17 09:27:00,INT-BA-32OZ,2
2022-05-17 09:24:00,CHL-CT-1LB,2
2022-05-17 10:48:00,CHL-PS-17LB,1
2022-05-17 08:10:00,CHL-PS-1LB,1
2022-05-18 09:10:00,INT-BA-32OZ,1
2022-05-18 11:28:00,INT-BA-32OZ,1
2022-05-18 09:02:00,CHL-PS-17LB,1
2022-05-18 14:31:00,INT-BA-32OZ,2
2022-05-18 10:40:00,CHL-CT-1LB,2
2022-05-18 16:31:00,INT-BA-32OZ,4
2022-05-18 10:47:00,AQU-PS-25LB,1
2022-05-18 16:26:00,INT-CT-25LB,4
2022-05-18 14:00:00,CHL-PS-17LB,1
2022-05-18 12:07:00,INT-LS-1GAL,1
2022-05-18 14:18:00,AQU-PS-25LB,1
2022-05-18 18:17:00,INT-CT-25LB,1
2022-05-18 16:20:00,CHL-PS-17LB,1
2022-05-18 17:56:00,CHL-PS-1LB,4
2022-05-18 13:36:00,INT-CT-25LB,2
2022-05-18 18:10:00,AQU-CT-11LB,3
2022-05-18 10:18:00,AQU-CT-11LB,1
2022-05-18 16:43:00,AQU-CT-11LB,2
2022-05-18 11:51:00,INT-CT-25LB,1
2022-05-18 17:45:00,CHL-PS-17LB,1
2022-05-18 13:33:00,AQU-CT-11LB,1
2022-05-18 17:16:00,CHL-CT-1LB,1
2022-05-18 15:29:00,BIO-MA-32OZ,1
2022-05-18 11:59:00,INT-LS-1GAL,2
2022-05-18 13:59:00,INT-BA-32OZ,1
2022-05-18 10:10:00,AQU-BA-32OZ,1
2022-05-18 16:45:00,CHL-CT-21LB,4
2022-05-18 15:00:00,INT-MA-1GAL,1
2022-05-18 13:26:00,AQU-PS-5LB,1
2022-05-18 10:09:00,CHL-PS-1LB,1
2022-05-18 15:04:00,CHL-CT-1LB,3
2022-05-18 08:19:00,AQU-BA-32OZ,1
2022-05-18 11:12:00,INT-CT-25LB,1
2022-05-18 09:34:00,AQU-PS-25LB,1
2022-05-18 15:21:00,INT-CA-32OZ,1
2022-05-18 09:03:00,AQU-BA-32OZ,1
2022-05-18 17:29:00,AQU-PS-25LB,1
2022-05-18 17:10:00,INT-CT-25LB,3
2022-05-18 09:22:00,INT-CA-32OZ,1
2022-05-18 18:35:00,INT-CT-25LB,1
2022-05-19 13:40:00,HTH-F-2LB,2
2022-05-19 08:59:00,INT-CT-25LB,1
2022-05-19 11:17:00,INT-CT-25LB,1
2022-05-19 12:52:00,CHL-PS-1LB,1
2022-05-19 14:37:00,AQU-PD-5LB,1
2022-05-19 12:23:00,AQU-PS-5LB,3
2022-05-19 17:49:00,AQU-PS-25LB,1
2022-05-19 14:59:00,INT-LS-1GAL,1
2022-05-19 12:35:00,CHL-CT-21LB,1
2022-05-19 16:41:00,INT-CA-32OZ,1
2022-05-19 18:12:00,BIO-MA-32OZ,1
2022-05-19 09:37:00,BIO-MA-32OZ,1
2022-05-19 10:06:00,INT-BA-32OZ,1
2022-05-19 11:17:00,INT-BA-32OZ,1
2022-05-19 10:16:00,AQU-BA-32OZ,1
2022-05-19 17:06:00,CHL-PS-17LB,1
2022-05-19 10:51:00,INT-CA-32OZ,1
2022-05-19 16:37:00,BIO-PU-5LB,4
2022-05-19 18:49:00,INT-CT-25LB,1
2022-05-19 14:21:00,INT-CA-32OZ,1
2022-05-19 17:49:00,CHL-CT-21LB,3
2022-05-19 17:38:00,INT-MA-1GAL,3
2022-05-19 12:51:00,AQU-PS-25LB,1
2022-05-19 17:42:00,INT-LS-1GAL,1
2022-05-19 15:13:00,INT-LS-1GAL,1
2022-05-19 10:00:00,INT-CT-25LB,2
2022-05-19 11:13:00,INT-CA-32OZ,2
2022-05-19 09:59:00,CHL-PS-1LB,1
2022-05-19 17:09:00,BIO-MA-32OZ,1
2022-05-19 10:10:00,INT-CT-25LB,1
2022-05-19 15:55:00,AQU-PS-25LB,1
2022-05-19 08:20:00,AQU-BA-32OZ,3
2022-05-20 08:08:00,BIO-MA-32OZ,1
2022-05-20 16:51:00,CHL-CT-21LB,3
2022-05-20 15:27:00,BIO-MA-32OZ,3
2022-05-20 18:30:00,AQU-PS-25LB,1
2022-05-20 13:19:00,BIO-MA-32OZ,1
2022-05-20 16:48:00,BIO-MA-32OZ,1
2022-05-20 09:15:00,BIO-MA-32OZ,1
2022-05-20 16:25:00,CHL-PS-17LB,1
2022-05-20 14:49:00,INT-BA-32OZ,1
2022-05-20 14:45:00,AQU-CT-11LB,3
2022-05-20 15:22:00,CHL-CT-21LB,1
2022-05-20 12:53:00,CHL-PS-1LB,3
2022-05-20 16:20:00,CHL-PS-17LB,1
2022-05-20 16:05:00,BIO-MA-32OZ,1
2022-05-20 17:53:00,CHL-CT-21LB,1
2022-05-20 11:10:00,INT-CA-32OZ,1
2022-05-20 18:53:00,AQU-BA-32OZ,3
2022-05-20 12:45:00,INT-BA-32OZ,2
2022-05-20 10:53:00,CHL-CT-21LB,1
2022-05-20 14:35:00,INT-BA-32OZ,3
2022-05-20 15:31:00,CHL-CT-1LB,1
2022-05-20 12:43:00,CHL-CT-1LB,1
2022-05-20 09:35:00,AQU-PS-5LB,1
2022-05-20 14:41:00,CHL-CT-21LB,1
2022-05-20 13:11:00,CHL-CT-1LB,1
2022-05-20 08:55:00,AQU-BA-32OZ,4
2022-05-20 13:54:00,INT-CT-25LB,1
2022-05-20 15:49:00,INT-AI-5LB,2
2022-05-20 18:22:00,INT-LS-1GAL,1
2022-05-20 14:13:00,CHL-PS-17LB,1
2022-05-20 17:35:00,CHL-PS-1LB,3
2022-05-20 11:24:00,CHL-CT-21LB,1
2022-05-20 13:11:00,BIO-MA-32OZ,2
2022-05-20 08:12:00,AQU-BA-32OZ,4
2022-05-20 15:23:00,AQU-CT-11LB,4
2022-05-20 16:12:00,INT-CA-32OZ,1
2022-05-20 08:37:00,INT-BA-32OZ,1
2022-05-20 12:21:00,AQU-BA-32OZ,1
2022-05-20 09:58:00,INT-CT-25LB,1
2022-05-20 13:58:00,INT-LS-1GAL,1
2022-05-20 12:32:00,CHL-CT-21LB,2
2022-05-20 08:38:00,CHL-PS-17LB,1
2022-05-20 12:02:00,CHL-PS-17LB,1
2022-05-20 18:17:00,CHL-CT-21LB,1
2022-05-20 18:30:00,INT-CT-25LB,1
2022-05-20 14:02:00,AQU-PS-5LB,1
2022-05-20 12:17:00,INT-CT-25LB,1
2022-05-20 18:03:00,INT-CT-25LB,2
2022-05-20 17:52:00,INT-CA-32OZ,1
2022-05-20 08:55:00,INT-CT-25LB,1
2022-05-20 15:38:00,CHL-PS-1LB,3
2022-05-20 18:29:00,AQU-BA-32OZ,3
2022-05-20 15:11:00,BIO-MA-32OZ,2
2022-05-20 15:47:00,INT-CT-25LB,1
2022-05-20 18:48:00,BIO-MA-32OZ,1
2022-05-20 16:51:00,INT-LS-1GAL,1
2022-05-20 09:02:00,AQU-BA-32OZ,1
2022-05-20 13:01:00,INT-BA-32OZ,4
2022-05-20 17:57:00,INT-CA-32OZ,4
2022-05-20 10:45:00,INT-BA-32OZ,1
2022-05-20 10:55:00,BIO-MA-32OZ,1
2022-05-20 10:05:00,AQU-CT-11LB,1
2022-05-20 14:53:00,AQU-PS-25LB,1
2022-05-20 09:03:00,CHL-CT-1LB,1
2022-05-20 15:40:00,BIO-MA-32OZ,1
2022-05-20 08:20:00,AQU-PS-25LB,1
2022-05-20 09:54:00,INT-BA-32OZ,3
2022-05-20 16:17:00,CHL-PS-1LB,3
2022-05-20 11:41:00,CHL-CT-21LB,1
2022-05-21 08:21:00,AQU-PS-5LB,1
2022-05-21 18:54:00,AQU-PS-25LB,1
2022-05-21 13:57:00,CHL-CT-21LB,2
2022-05-21 10:57:00,INT-CA-32OZ,1
2022-05-21 17:46:00,CHL-CT-21LB,1
2022-05-21 13:33:00,HTH-AI-11LB,1
2022-05-21 08:42:00,AQU-PS-25LB,1
2022-05-21 14:26:00,INT-CT-25LB,1
2022-05-21 18:42:00,CHL-PS-1LB,2
2022-05-21 08:04:00,INT-BA-32OZ,1
2022-05-21 11:52:00,CHL-PS-1LB,1
2022-05-21 16:09:00,INT-MA-1GAL,3
2022-05-21 12:05:00,INT-LS-1GAL,1
2022-05-21 10:28:00,AQU-CT-11LB,1
2022-05-21 08:17:00,INT-BA-32OZ,4
2022-05-21 17:12:00,CHL-CT-1LB,1
2022-05-21 16:26:00,AQU-BA-32OZ,1
2022-05-21 10:40:00,INT-MA-1GAL,1
2022-05-21 08:19:00,INT-MA-1GAL,1
2022-05-21 12:35:00,CHL-PS-1LB,1
2022-05-21 13:07:00,AQU-CT-11LB,1
2022-05-21 13:29:00,INT-MA-1GAL,2
2022-05-21 17:53:00,INT-BA-32OZ,1
2022-05-21 09:36:00,INT-CA-32OZ,2
2022-05-21 15:05:00,AQU-CT-11LB,3
2022-05-21 09:58:00,CHL-PS-17LB,1
2022-05-21 09:11:00,CHL-PS-1LB,2
2022-05-21 09:11:00,INT-CT-25LB,1
2022-05-21 13:37:00,CHL-PS-17LB,1
2022-05-21 18:01:00,CHL-PS-17LB,1
2022-05-21 10:50:00,AQU-PS-25LB,1
2022-05-21 08:13:00,AQU-BA-32OZ,1
2022-05-21 18:23:00,INT-CA-32OZ,1
2022-05-21 15:05:00,CHL-CT-1LB,1
2022-05-21 11:19:00,CHL-PS-17LB,1
2022-05-21 18:41:00,AQU-BA-32OZ,3
2022-05-21 11:47:00,AQU-PS-5LB,1
2022-05-21 10:19:00,CHL-S-1LB,1
2022-05-21 08:24:00,INT-BA-32OZ,4
2022-05-21 12:11:00,INT-AI-25LB,1
2022-05-21 12:08:00,CHL-PS-17LB,1
2022-05-21 17:20:00,AQU-BA-32OZ,3
2022-05-21 14:14:00,INT-CT-25LB,2
2022-05-21 11:17:00,INT-CA-32OZ,1
2022-05-21 11:11:00,BIO-MA-32OZ,1
2022-05-21 12:16:00,CHL-CT-21LB,1
2022-05-21 15:16:00,INT-CA-32OZ,1
2022-05-22 13:37:00,INT-BA-32OZ,3
2022-05-22 13:22:00,CHL-PS-17LB,1
2022-05-22 18:33:00,AQU-PS-25LB,3
2022-05-22 15:53:00,AQU-PS-5LB,1
2022-05-22 18:43:00,BIO-MA-32OZ,1
2022-05-22 10:02:00,INT-MA-1GAL,3
2022-05-22 17:24:00,INT-LS-1GAL,1
2022-05-22 10:34:00,INT-LS-1GAL,1
2022-05-22 17:13:00,AQU-BA-32OZ,4
2022-05-22 14:22:00,AQU-PS-5LB,1
2022-05-22 18:51:00,CHL-CT-21LB,1
2022-05-22 18:50:00,CHL-CT-1LB,1
2022-05-22 12:13:00,CHL-CT-21LB,1
2022-05-22 13:44:00,INT-BA-32OZ,1
2022-05-22 16:35:00,BIO-MA-32OZ,1
2022-05-22 12:05:00,AQU-BA-32OZ,1
2022-05-22 16:49:00,AQU-BA-32OZ,3
2022-05-22 11:16:00,AQU-CT-11LB,1
2022-05-22 11:29:00,AQU-PD-5LB,2
2022-05-22 12:02:00,BIO-PD-2LB,2
2022-05-22 09:33:00,INT-CT-25LB,1
2022-05-22 18:40:00,INT-LS-1GAL,4
2022-05-22 10:30:00,INT-LS-1GAL,1
2022-05-22 10:29:00,INT-CA-32OZ,2
2022-05-22 17:20:00,INT-LS-1GAL,1
2022-05-22 13:36:00,AQU-CT-11LB,1
2022-05-22 14:42:00,BIO-MA-32OZ,1
2022-05-22 17:57:00,AQU-BA-32OZ,2
2022-05-22 08:20:00,INT-BA-32OZ,1
2022-05-22 09:40:00,CHL-CT-21LB,1
2022-05-22 13:55:00,INT-LS-1GAL,2
2022-05-22 08:10:00,AQU-CT-11LB,2
2022-05-22 14:30:00,AQU-PS-5LB,1
2022-05-22 13:21:00,INT-AI-25LB,1
2022-05-22 18:57:00,CHL-CT-21LB,1
2022-05-22 09:11:00,AQU-PS-25LB,2
2022-05-22 13:19:00,AQU-PS-5LB,1
2022-05-22 10:29:00,INT-CT-25LB,3
2022-05-22 16:11:00,CHL-CT-21LB,1
2022-05-22 08:28:00,INT-CT-25LB,1
2022-05-22 17:29:00,CHL-PS-17LB,1
2022-05-22 17:36:00,CHL-CT-21LB,1
2022-05-22 14:46:00,AQU-CT-11LB,3
2022-05-22 14:30:00,INT-CA-32OZ,1
2022-05-22 11:16:00,AQU-PS-25LB,1
2022-05-22 13:38:00,AQU-BA-32OZ,1
2022-05-22 13:30:00,BIO-MA-32OZ,1
2022-05-22 18:25:00,CHL-CT-21LB,4
2022-05-22 12:02:00,INT-CA-32OZ,3
2022-05-22 11:48:00,CHL-CT-1LB,1
2022-05-22 16:06:00,INT-CT-25LB,1
2022-05-22 14:27:00,INT-CT-25LB,1
2022-05-23 17:25:00,CHL-PS-17LB,1
2022-05-23 17:01:00,INT-CA-32OZ,3
2022-05-23 10:32:00,AQU-CT-11LB,1
2022-05-23 10:59:00,AQU-PS-5LB,3
2022-05-23 12:56:00,INT-CT-25LB,2
2022-05-23 17:44:00,BIO-MA-32OZ,1
2022-05-23 16:12:00,CHL-CT-21LB,4
2022-05-23 17:48:00,AQU-PS-5LB,1
2022-05-23 10:08:00,CHL-S-1LB,1
2022-05-23 18:21:00,AQU-BA-32OZ,3
2022-05-23 08:05:00,INT-CA-32OZ,1
2022-05-23 12:50:00,INT-LS-1GAL,1
2022-05-23 10:51:00,BIO-MA-32OZ,2
2022-05-23 13:29:00,INT-CT-25LB,1
2022-05-23 14:10:00,AQU-PS-5LB,2
2022-05-23 15:00:00,INT-CA-32OZ,3
2022-05-23 18:09:00,INT-CA-32OZ,2
2022-05-23 11:56:00,INT-CA-32OZ,1
2022-05-23 10:19:00,AQU-CT-11LB,3
2022-05-23 12:05:00,INT-BA-32OZ,1
2022-05-23 10:15:00,AQU-PS-5LB,1
2022-05-23 11:27:00,CHL-CT-21LB,1
2022-05-23 09:46:00,AQU-PS-25LB,1
2022-05-23 11:09:00,CHL-PS-17LB,2
2022-05-23 18:35:00,AQU-CT-11LB,1
2022-05-23 13:00:00,CHL-PS-17LB,1
2022-05-23 15:10:00,CHL-CT-1LB,2
2022-05-23 13:06:00,INT-CA-32OZ,1
2022-05-23 15:35:00,INT-CT-25LB,1
2022-05-23 18:25:00,AQU-CHI-11LB,4
2022-05-23 11:58:00,CHL-CT-21LB,1
2022-05-23 15:42:00,BIO-MA-32OZ,2
2022-05-23 14:53:00,INT-BA-32OZ,4
2022-05-23 15:45:00,INT-CT-25LB,1
2022-05-23 11:48:00,AQU-BA-32OZ,1
2022-05-23 09:24:00,INT-CA-32OZ,1
2022-05-23 10:20:00,CHL-CT-1LB,1
2022-05-23 10:25:00,CHL-CT-21LB,1
2022-05-23 13:57:00,HTH-F-2LB,1
2022-05-23 12:52:00,BIO-MA-32OZ,1
2022-05-23 18:46:00,BIO-MA-32OZ,1
2022-05-23 14:38:00,INT-BA-32OZ,1
2022-05-24 09:22:00,INT-CT-25LB,3
2022-05-24 15:42:00,AQU-BA-32OZ,4
2022-05-24 17:01:00,INT-BA-32OZ,4
2022-05-24 11:56:00,BIO-MA-32OZ,1
2022-05-24 17:11:00,AQU-CT-11LB,1
2022-05-24 11:23:00,CHL-PS-1LB,1
2022-05-24 13:21:00,CHL-PS-1LB,2
2022-05-24 16:52:00,AQU-CT-11LB,1
2022-05-24 08:39:00,INT-CA-32OZ,2
2022-05-24 17:48:00,HTH-AI-11LB,1
2022-05-24 14:58:00,AQU-CT-11LB,1
2022-05-24 09:41:00,AQU-PS-25LB,1
2022-05-24 11:08:00,CHL-CT-1LB,4
2022-05-24 15:12:00,CHL-PS-1LB,1
2022-05-24 08:13:00,CHL-PS-17LB,2
2022-05-24 12:27:00,CHL-CT-1LB,1
2022-05-24 09:21:00,CHL-PS-17LB,1
2022-05-24 14:41:00,AQU-PS-5LB,1
2022-05-24 10:27:00,AQU-PS-5LB,2
2022-05-24 10:18:00,INT-CT-25LB,2
2022-05-24 12:24:00,CHL-CT-1LB,1
2022-05-24 18:52:00,AQU-PS-5LB,1
2022-05-24 15:02:00,CHL-CT-21LB,1
2022-05-24 12:26:00,INT-CA-32OZ,2
2022-05-24 10:10:00,INT-CA-32OZ,1
2022-05-24 14:43:00,INT-CT-25LB,1
2022-05-24 16:53:00,INT-BA-32OZ,1
2022-05-24 09:29:00,AQU-PS-5LB,3
2022-05-24 09:22:00,INT-CT-25LB,1
2022-05-24 18:46:00,CHL-PS-1LB,1
2022-05-24 09:41:00,BIO-PU-5LB,1
2022-05-24 14:51:00,INT-AI-5LB,1
2022-05-24 08:10:00,INT-CT-25LB,2
2022-05-24 13:08:00,CHL-CT-21LB,1
2022-05-24 17:32:00,INT-CT-25LB,1
2022-05-24 14:43:00,INT-CA-32OZ,2
2022-05-24 15:00:00,INT-CA-32OZ,1
2022-05-24 15:41:00,AQU-PS-25LB,1
2022-05-24 18:25:00,BIO-MA-32OZ,4
2022-05-24 14:49:00,AQU-PS-5LB,1
2022-05-24 08:19:00,INT-LS-1GAL,1
2022-05-24 14:16:00,CHL-CT-21LB,1
2022-05-24 18:07:00,CHL-PS-1LB,2
2022-05-24 17:51:00,BIO-MA-32OZ,4
2022-05-24 15:32:00,CHL-PS-17LB,1
2022-05-24 13:49:00,AQU-CT-11LB,1
2022-05-24 15:45:00,INT-CT-25LB,2
2022-05-24 13:54:00,CHL-PS-1LB,4
2022-05-24 16:23:00,BIO-MA-32OZ,2
2022-05-24 09:50:00,INT-CA-32OZ,1
2022-05-24 10:27:00,INT-CA-32OZ,1
2022-05-24 16:48:00,AQU-BA-32OZ,1
2022-05-24 14:55:00,INT-LS-1GAL,1
2022-05-24 18:05:00,INT-LS-1GAL,1
2022-05-24 10:00:00,AQU-CT-11LB,3
2022-05-24 13:59:00,CHL-CT-21LB,1
2022-05-24 17:16:00,AQU-PS-25LB,1
2022-05-24 11:32:00,CHL-CT-21LB,2
2022-05-24 17:46:00,AQU-PS-5LB,1
2022-05-24 15:27:00,CHL-CT-1LB,1
2022-05-24 08:29:00,CHL-CT-1LB,2
2022-05-24 12:02:00,INT-LS-1GAL,1
2022-05-24 09:55:00,INT-CT-25LB,1
2022-05-25 13:03:00,INT-CA-32OZ,1
2022-05-25 17:43:00,AQU-CT-11LB,2
2022-05-25 13:16:00,AQU-PS-25LB,3
2022-05-25 14:21:00,CHL-CT-21LB,1
2022-05-25 18:18:00,AQU-BA-32OZ,2
2022-05-25 08:34:00,INT-CT-25LB,2
2022-05-25 12:11:00,AQU-CT-11LB,1
2022-05-25 12:22:00,CHL-PS-1LB,1
2022-05-25 14:01:00,BIO-MA-32OZ,1
2022-05-25 15:20:00,CHL-PS-17LB,2
2022-05-25 12:40:00,CHL-PS-1LB,1
2022-05-25 08:38:00,INT-CT-25LB,1
2022-05-25 09:22:00,BIO-MA-32OZ,1
2022-05-25 08:34:00,CHL-CT-21LB,2
2022-05-25 14:15:00,CHL-CT-21LB,1
2022-05-25 10:05:00,AQU-BA-32OZ,1
2022-05-25 16:06:00,CHL-CT-1LB,1
2022-05-25 10:46:00,INT-CT-25LB,1
2022-05-25 10:40:00,CHL-CT-21LB,2
2022-05-25 15:27:00,CHL-CT-21LB,1
2022-05-25 12:22:00,BIO-MA-32OZ,1
2022-05-25 15:44:00,INT-CA-32OZ,1
2022-05-25 17:15:00,CHL-PS-17LB,3
2022-05-25 16:36:00,CHL-PS-17LB,4
2022-05-25 15:02:00,CHL-PS-1LB,1
2022-05-25 09:20:00,CHL-PS-17LB,1
2022-05-25 13:02:00,INT-CA-32OZ,1
2022-05-25 10:38:00,BIO-MA-32OZ,1
2022-05-25 18:51:00,AQU-CT-11LB,1
2022-05-25 09:24:00,AQU-CT-11LB,1
2022-05-25 16:46:00,INT-BA-32OZ,1
2022-05-25 09:21:00,BIO-MA-32OZ,2
2022-05-25 18:47:00,INT-BA-32OZ,1
2022-05-25 12:27:00,AQU-PS-25LB,1
2022-05-25 14:01:00,AQU-PS-25LB,1
2022-05-25 10:47:00,BIO-MA-32OZ,1
2022-05-25 12:46:00,INT-CT-25LB,1
2022-05-25 18:47:00,CHL-PU-2LB,1
2022-05-25 09:53:00,BIO-MA-32OZ,4
2022-05-25 14:07:00,INT-CA-32OZ,4
2022-05-25 11:36:00,INT-BA-32OZ,1
2022-05-25 12:19:00,CHL-PS-17LB,1
2022-05-25 17:32:00,CHL-PS-1LB,1
2022-05-25 16:54:00,AQU-PS-25LB,2
2022-05-25 11:44:00,CHL-CT-1LB,1
2022-05-25 08:23:00,HTH-S-5LB,1
2022-05-25 17:30:00,INT-CA-32OZ,2
2022-05-25 11:48:00,AQU-PS-25LB,1
2022-05-25 14:17:00,INT-LS-1GAL,2
2022-05-25 10:17:00,INT-CT-25LB,1
2022-05-25 16:42:00,BIO-MA-32OZ,1
2022-05-25 08:38:00,INT-CA-32OZ,3
2022-05-25 14:58:00,AQU-BA-32OZ,2
2022-05-26 12:17:00,CHL-CT-1LB,1
2022-05-26 08:26:00,CHL-PS-17LB,4
2022-05-26 11:01:00,INT-BA-32OZ,2
2022-05-26 14:42:00,CHL-PS-1LB,2
2022-05-26 10:17:00,BIO-MA-32OZ,1
2022-05-26 12:29:00,INT-LS-1GAL,1
2022-05-26 17:50:00,AQU-PS-5LB,1
2022-05-26 18:20:00,AQU-PS-25LB,1
2022-05-26 09:14:00,CHL-PS-17LB,1
2022-05-26 11:01:00,AQU-PS-5LB,3
2022-05-26 13:14:00,CHL-CT-21LB,1
2022-05-26 09:39:00,CHL-CT-21LB,1
2022-05-26 12:46:00,BIO-PU-5LB,1
2022-05-26 17:52:00,INT-LS-1GAL,4
2022-05-26 15:37:00,CHL-CT-1LB,1
2022-05-26 14:40:00,CHL-PS-17LB,1
2022-05-26 17:21:00,AQU-CHI-11LB,1
2022-05-26 16:24:00,BIO-PU-5LB,4
2022-05-26 15:59:00,INT-CT-25LB,1
2022-05-26 16:00:00,AQU-PS-5LB,1
2022-05-26 13:21:00,CHL-CT-1LB,1
2022-05-26 13:22:00,AQU-CT-11LB,3
2022-05-26 15:09:00,CHL-CT-21LB,1
2022-05-26 15:54:00,AQU-BA-32OZ,1
2022-05-26 15:13:00,AQU-PS-25LB,1
2022-05-26 16:44:00,AQU-PS-5LB,1
2022-05-26 10:43:00,INT-LS-1GAL,1
2022-05-26 14:16:00,INT-CHI-7LB,1
2022-05-26 14:02:00,CHL-CT-21LB,1
2022-05-26 18:54:00,INT-LS-1GAL,1
2022-05-26 17:05:00,INT-MA-1GAL,1
2022-05-26 18:31:00,CHL-PS-1LB,1
2022-05-26 16:22:00,CHL-PS-17LB,1
2022-05-26 09:13:00,INT-CT-25LB,1
2022-05-26 16:23:00,AQU-CT-11LB,1
2022-05-26 12:18:00,CHL-CT-1LB,1
2022-05-26 13:28:00,INT-CHI-7LB,1
2022-05-26 18:29:00,BIO-MA-32OZ,1
2022-05-26 08:09:00,AQU-CT-11LB,1
2022-05-26 17:37:00,INT-LS-1GAL,1
2022-05-26 10:39:00,CHL-CT-1LB,3
2022-05-26 13:36:00,INT-BA-32OZ,1
2022-05-26 14:26:00,INT-CT-25LB,3
2022-05-26 08:48:00,INT-BA-32OZ,1
2022-05-26 12:35:00,AQU-BA-32OZ,1
2022-05-26 15:15:00,AQU-CT-11LB,1
2022-05-26 14:58:00,AQU-BA-32OZ,3
2022-05-27 14:38:00,AQU-PD-5LB,1
2022-05-27 09:06:00,BIO-PU-5LB,1
2022-05-27 14:13:00,AQU-PS-25LB,1
2022-05-27 11:07:00,AQU-CT-11LB,1
2022-05-27 17:18:00,AQU-CT-11LB,3
2022-05-27 10:55:00,AQU-PS-25LB,1
2022-05-27 10:49:00,BIO-PU-5LB,1
2022-05-27 14:35:00,INT-CT-25LB,1
2022-05-27 14:22:00,CHL-CT-21LB,1
2022-05-27 11:26:00,CHL-PS-17LB,3
2022-05-27 17:17:00,AQU-PS-5LB,1
2022-05-27 13:49:00,AQU-PS-5LB,1
2022-05-27 13:40:00,INT-BA-32OZ,3
2022-05-27 09:42:00,INT-CA-32OZ,1
2022-05-27 18:40:00,AQU-PD-5LB,1
2022-05-27 18:20:00,CHL-CT-21LB,1
2022-05-27 16:34:00,CHL-CT-1LB,2
2022-05-27 16:25:00,CHL-PS-17LB,1
2022-05-27 11:54:00,INT-CA-32OZ,3
2022-05-27 14:31:00,AQU-BA-32OZ,1
2022-05-27 15:18:00,INT-BA-32OZ,1
2022-05-27 15:10:00,AQU-CT-11LB,3
2022-05-27 10:25:00,AQU-PD-5LB,3
2022-05-27 12:00:00,AQU-PS-5LB,3
2022-05-27 16:53:00,INT-MA-1GAL,1
2022-05-27 13:48:00,CHL-CT-21LB,2
2022-05-27 15:41:00,CHL-CT-21LB,4
2022-05-27 10:43:00,AQU-CT-11LB,2
2022-05-27 09:24:00,BIO-MA-32OZ,1
2022-05-27 17:41:00,AQU-BA-32OZ,1
2022-05-27 14:26:00,CHL-CT-1LB,1
2022-05-27 14:12:00,CHL-CT-1LB,2
2022-05-27 18:01:00,BIO-PU-5LB,1
2022-05-27 17:14:00,CHL-CT-1LB,1
2022-05-27 10:39:00,INT-BA-32OZ,4
2022-05-27 17:32:00,INT-BA-32OZ,1
2022-05-27 09:38:00,CHL-CT-21LB,1
2022-05-27 17:46:00,INT-CA-32OZ,1
2022-05-27 14:01:00,INT-BA-32OZ,3
2022-05-27 13:39:00,BIO-MA-32OZ,2
2022-05-27 11:10:00,BIO-PD-2LB,4
2022-05-27 17:40:00,INT-CT-25LB,1
2022-05-27 15:43:00,AQU-CT-11LB,2
2022-05-27 09:23:00,CHL-PS-1LB,1
2022-05-27 08:47:00,CHL-PS-1LB,2
2022-05-27 17:56:00,CHL-CT-21LB,1
2022-05-28 14:35:00,INT-LS-1GAL,1
2022-05-28 16:55:00,INT-BA-32OZ,1
2022-05-28 11:54:00,CHL-CT-1LB,1
2022-05-28 10:29:00,AQU-PS-25LB,2
2022-05-28 13:46:00,AQU-PS-25LB,1
2022-05-28 11:11:00,BIO-MA-32OZ,2
2022-05-28 15:59:00,CHL-PS-17LB,1
2022-05-28 11:20:00,BIO-MA-32OZ,2
2022-05-28 10:18:00,INT-LS-1GAL,1
2022-05-28 09:57:00,AQU-PS-5LB,1
2022-05-28 08:13:00,CHL-PS-1LB,1
2022-05-28 17:29:00,AQU-PS-5LB,1
2022-05-28 15:15:00,CHL-CT-1LB,1
2022-05-28 18:38:00,CHL-PS-1LB,1
2022-05-28 15:15:00,INT-CA-32OZ,1
2022-05-28 10:29:00,INT-CA-32OZ,1
2022-05-28 16:41:00,AQU-CT-11LB,1
2022-05-28 09:51:00,INT-MA-1GAL,1
2022-05-28 17:53:00,CHL-PS-1LB,1
2022-05-28 13:55:00,INT-MA-1GAL,4
2022-05-28 10:15:00,AQU-CT-11LB,1
2022-05-28 15:46:00,INT-BA-32OZ,1
2022-05-28 09:00:00,INT-BA-32OZ,3
2022-05-28 08:43:00,INT-CA-32OZ,1
2022-05-28 18:26:00,AQU-CT-11LB,1
2022-05-28 16:30:00,AQU-CT-11LB,1
2022-05-28 14:04:00,CHL-PS-1LB,1
2022-05-28 14:16:00,AQU-CT-11LB,2
2022-05-28 16:07:00,AQU-PS-25LB,1
2022-05-28 17:41:00,INT-LS-1GAL,1
2022-05-28 16:45:00,CHL-S-1LB,3
2022-05-28 08:28:00,AQU-PS-5LB,2
2022-05-28 15:52:00,INT-LS-1GAL,4
2022-05-28 08:18:00,INT-LS-1GAL,1
2022-05-28 14:53:00,INT-CT-25LB,2
2022-05-28 08:23:00,CHL-PS-17LB,2
2022-05-28 14:45:00,CHL-PS-1LB,3
2022-05-28 16:40:00,AQU-PS-5LB,3
2022-05-28 18:28:00,AQU-CT-11LB,1
2022-05-28 14:50:00,HTH-AI-11LB,4
2022-05-28 09:06:00,INT-BA-32OZ,1
2022-05-28 10:54:00,CHL-CT-21LB,1
2022-05-28 12:48:00,CHL-CT-21LB,1
2022-05-28 17:48:00,CHL-PS-1LB,2
2022-05-28 09:46:00,INT-CA-32OZ,1
2022-05-28 10:23:00,INT-CT-25LB,1
2022-05-28 14:42:00,INT-BA-32OZ,1
2022-05-28 13:09:00,INT-CT-25LB,1
2022-05-28 11:50:00,CHL-CT-21LB,2
2022-05-28 15:13:00,INT-CA-32OZ,1
2022-05-29 13:41:00,INT-CT-25LB,4
2022-05-29 09:29:00,CHL-PS-17LB,3
2022-05-29 15:48:00,INT-BA-32OZ,2
2022-05-29 11:48:00,INT-LS-1GAL,1
2022-05-29 12:21:00,AQU-BA-32OZ,1
2022-05-29 12:44:00,CHL-PS-1LB,1
2022-05-29 15:21:00,AQU-PS-5LB,2
2022-05-29 15:44:00,INT-BA-32OZ,3
2022-05-29 12:36:00,BIO-MA-32OZ,1
2022-05-29 12:38:00,CHL-CT-1LB,2
2022-05-29 08:48:00,CHL-CT-1LB,4
2022-05-29 10:09:00,INT-CA-32OZ,1
2022-05-29 16:18:00,AQU-BA-32OZ,1
2022-05-29 08:14:00,AQU-PS-5LB,2
2022-05-29 13:36:00,AQU-BA-32OZ,1
2022-05-29 13:45:00,INT-LS-1GAL,1
2022-05-29 12:19:00,INT-LS-1GAL,1
2022-05-29 10:36:00,AQU-PS-25LB,1
2022-05-29 18:19:00,AQU-BA-32OZ,1
2022-05-29 15:45:00,CHL-PS-17LB,2
2022-05-29 15:43:00,INT-CA-32OZ,3
2022-05-29 12:09:00,CHL-PS-17LB,1
2022-05-29 10:09:00,CHL-CT-21LB,1
2022-05-29 17:18:00,AQU-CT-11LB,1
2022-05-29 14:16:00,CHL-PS-17LB,1
2022-05-29 18:14:00,INT-BA-32OZ,1
2022-05-29 08:54:00,INT-BA-32OZ,1
2022-05-29 11:37:00,INT-LS-1GAL,1
2022-05-29 12:09:00,CHL-CT-1LB,1
2022-05-29 17:00:00,INT-BA-32OZ,2
2022-05-29 12:23:00,CHL-CT-1LB,1
2022-05-29 16:47:00,AQU-CHI-11LB,1
2022-05-29 16:25:00,AQU-PS-5LB,1
2022-05-29 15:39:00,INT-CA-32OZ,1
2022-05-29 10:22:00,INT-CT-25LB,1
2022-05-29 18:09:00,AQU-PS-5LB,1
2022-05-29 17:54:00,INT-CA-32OZ,1
2022-05-29 16:20:00,AQU-PS-5LB,1
2022-05-29 16:23:00,INT-BA-32OZ,2
2022-05-29 14:55:00,INT-LS-1GAL,1
2022-05-29 15:41:00,CHL-PS-17LB,1
2022-05-30 16:30:00,INT-CA-32OZ,2
2022-05-30 10:30:00,INT-LS-1GAL,1
2022-05-30 14:00:00,HTH-AI-11LB,2
2022-05-30 18:04:00,BIO-MA-32OZ,1
2022-05-30 13:14:00,CHL-CT-1LB,2
2022-05-30 12:13:00,AQU-PS-5LB,1
2022-05-30 11:09:00,AQU-CT-11LB,1
2022-05-30 12:38:00,AQU-PS-25LB,1
2022-05-30 09:41:00,AQU-PS-5LB,1
2022-05-30 11:22:00,AQU-PS-25LB,1
2022-05-30 15:29:00,AQU-BA-32OZ,1
2022-05-30 17:58:00,CHL-CT-1LB,2
2022-05-30 18:58:00,AQU-BA-32OZ,1
2022-05-30 08:53:00,AQU-CT-11LB,1
2022-05-30 16:57:00,INT-LS-1GAL,2
2022-05-30 11:47:00,INT-AI-5LB,3
2022-05-30 11:23:00,AQU-PS-25LB,1
2022-05-30 18:02:00,INT-MA-1GAL,1
2022-05-30 14:40:00,CHL-PS-17LB,2
2022-05-30 09:21:00,INT-LS-1GAL,1
2022-05-30 16:04:00,AQU-BA-32OZ,1
2022-05-30 12:35:00,CHL-PS-1LB,1
2022-05-30 16:54:00,INT-CT-25LB,1
2022-05-30 16:55:00,AQU-CT-11LB,1
2022-05-30 09:51:00,AQU-BA-32OZ,1
2022-05-30 08:28:00,BIO-MA-32OZ,1
2022-05-30 17:33:00,INT-BA-32OZ,1
2022-05-30 11:15:00,AQU-PS-5LB,2
2022-05-30 12:51:00,AQU-PS-25LB,1
2022-05-30 10:44:00,CHL-CT-1LB,1
2022-05-30 18:54:00,AQU-PS-25LB,1
2022-05-30 11:14:00,CHL-PS-1LB,1
2022-05-30 15:11:00,AQU-CT-11LB,1
2022-05-30 08:38:00,CHL-PS-1LB,1
2022-05-30 12:35:00,BIO-MA-32OZ,2
2022-05-30 12:05:00,AQU-BA-32OZ,1
2022-05-30 11:46:00,HTH-S-5LB,1
2022-05-30 09:57:00,AQU-CHI-11LB,1
2022-05-30 10:33:00,AQU-CT-11LB,1
2022-05-30 12:03:00,CHL-CT-1LB,2
2022-05-30 11:14:00,INT-CA-32OZ,4
2022-05-30 11:37:00,INT-CT-25LB,1
2022-05-30 17:30:00,AQU-PS-5LB,4
2022-05-30 15:06:00,CHL-CT-21LB,2
2022-05-30 16:56:00,CHL-CT-1LB,1
2022-05-30 08:20:00,INT-MA-1GAL,1
2022-05-30 18:04:00,INT-LS-1GAL,1
2022-05-30 11:30:00,BIO-MA-32OZ,1
2022-05-30 09:28:00,AQU-PS-5LB,1
2022-05-30 09:30:00,CHL-CT-21LB,1
2022-05-30 11:06:00,CHL-PS-1LB,4
2022-05-30 16:37:00,INT-MA-1GAL,1
2022-05-30 11:38:00,INT-CA-32OZ,1
2022-05-30 15:19:00,AQU-PS-25LB,1
2022-05-31 17:27:00,AQU-CT-11LB,1
2022-05-31 09:46:00,INT-LS-1GAL,2
2022-05-31 15:49:00,AQU-CT-11LB,1
2022-05-31 18:12:00,CHL-PS-17LB,1
2022-05-31 17:51:00,INT-LS-1GAL,1
2022-05-31 18:39:00,BIO-MA-32OZ,2
2022-05-31 15:00:00,CHL-CT-1LB,1
2022-05-31 12:48:00,INT-MA-1GAL,1
2022-05-31 14:38:00,CHL-PS-17LB,1
2022-05-31 12:31:00,AQU-PS-5LB,3
2022-05-31 18:11:00,CHL-CT-21LB,1
2022-05-31 13:32:00,CHL-PS-1LB,1
2022-05-31 15:32:00,AQU-BA-32OZ,1
2022-05-31 12:41:00,AQU-CT-11LB,3
2022-05-31 12:16:00,CHL-CT-1LB,1
2022-05-31 16:15:00,INT-CT-25LB,1
2022-05-31 13:17:00,CHL-PS-17LB,1
2022-05-31 18:35:00,INT-CT-25LB,3
2022-05-31 16:19:00,AQU-PS-5LB,1
2022-05-31 18:28:00,CHL-CT-1LB,2
2022-05-31 09:48:00,AQU-PS-25LB,3
2022-05-31 10:31:00,CHL-PS-1LB,3
2022-05-31 08:20:00,CHL-CT-21LB,1
2022-05-31 16:30:00,CHL-CT-1LB,2
2022-05-31 15:10:00,CHL-PS-17LB,1
2022-05-31 10:04:00,CHL-CT-1LB,3
2022-05-31 14:43:00,INT-CA-32OZ,1
2022-05-31 12:06:00,INT-CT-25LB,1
2022-05-31 15:21:00,BIO-MA-32OZ,2
2022-05-31 18:43:00,INT-BA-32OZ,1
2022-05-31 16:52:00,HTH-S-5LB,3
2022-05-31 10:12:00,INT-BA-32OZ,1
2022-05-31 09:48:00,INT-CT-25LB,1
2022-05-31 11:13:00,CHL-CT-1LB,1
2022-05-31 12:32:00,CHL-CT-1LB,1
2022-05-31 12:20:00,AQU-CT-11LB,1
2022-05-31 16:30:00,INT-CA-32OZ,1
2022-05-31 09:43:00,CHL-PS-1LB,1
2022-05-31 12:59:00,AQU-BA-32OZ,2
2022-05-31 17:13:00,INT-LS-1GAL,3
2022-05-31 17:43:00,AQU-PS-5LB,4
2022-05-31 10:20:00,AQU-PS-25LB,1
2022-05-31 10:12:00,AQU-CT-11LB,1
2022-06-01 10:54:00,BIO-MA-32OZ,1
2022-06-01 10:39:00,AQU-CT-11LB,1
2022-06-01 18:10:00,CHL-PS-1LB,1
2022-06-01 13:33:00,CHL-PS-1LB,2
2022-06-01 15:41:00,CHL-CT-21LB,1
2022-06-01 17:50:00,CHL-CT-21LB,1
2022-06-01 14:49:00,AQU-CT-11LB,2
2022-06-01 12:14:00,AQU-CT-11LB,1
2022-06-01 12:30:00,INT-CA-32OZ,1
2022-06-01 12:23:00,INT-CA-32OZ,1
2022-06-01 10:19:00,AQU-CT-11LB,3
2022-06-01 13:46:00,INT-CA-32OZ,1
2022-06-01 13:53:00,INT-LS-1GAL,3
2022-06-01 13:28:00,CHL-PS-1LB,1
2022-06-01 12:27:00,INT-CA-32OZ,1
2022-06-01 17:25:00,INT-CA-32OZ,2
2022-06-01 14:00:00,INT-BA-32OZ,2
2022-06-01 14:03:00,INT-BA-32OZ,1
2022-06-01 14:22:00,AQU-CT-11LB,2
2022-06-01 18:51:00,AQU-BA-32OZ,1
2022-06-01 10:29:00,INT-LS-1GAL,3
2022-06-01 12:01:00,INT-CT-25LB,1
2022-06-01 11:13:00,INT-BA-32OZ,4
2022-06-01 18:45:00,BIO-MA-32OZ,2
2022-06-01 12:18:00,CHL-PS-17LB,3
2022-06-01 13:01:00,CHL-CT-21LB,3
2022-06-01 13:27:00,INT-LS-1GAL,1
2022-06-01 14:20:00,AQU-CT-11LB,1
2022-06-01 16:35:00,INT-CA-32OZ,4
2022-06-01 11:51:00,INT-BA-32OZ,3
2022-06-01 11:39:00,AQU-CT-11LB,2
2022-06-01 16:28:00,BIO-MA-32OZ,2
2022-06-01 12:06:00,CHL-CT-21LB,1
2022-06-01 09:15:00,INT-BA-32OZ,1
2022-06-01 10:20:00,BIO-MA-32OZ,4
2022-06-01 15:46:00,AQU-CT-11LB,2
2022-06-01 17:30:00,INT-CA-32OZ,1
2022-06-01 08:49:00,CHL-CT-21LB,3
2022-06-01 18:24:00,AQU-CT-11LB,1
2022-06-01 15:15:00,BIO-MA-32OZ,1
2022-06-01 12:38:00,AQU-BA-32OZ,1
2022-06-01 17:24:00,CHL-PS-1LB,3
2022-06-01 08:06:00,CHL-PS-17LB,2
2022-06-01 08:40:00,BIO-MA-32OZ,2
2022-06-01 13:17:00,AQU-PS-5LB,1
2022-06-01 16:23:00,AQU-BA-32OZ,1
2022-06-01 15:59:00,CHL-CT-1LB,1
2022-06-01 12:07:00,AQU-PS-5LB,3
2022-06-01 15:08:00,AQU-BA-32OZ,4
2022-06-01 09:20:00,INT-CT-25LB,2
2022-06-01 14:52:00,CHL-PS-17LB,1
2022-06-01 10:55:00,INT-BA-32OZ,3
2022-06-01 10:37:00,BIO-MA-32OZ,3
2022-06-01 12:36:00,AQU-BA-32OZ,3
2022-06-01 11:35:00,CHL-PS-1LB,2
2022-06-01 09:28:00,INT-CT-25LB,1
2022-06-01 11:20:00,CHL-PS-1LB,1
2022-06-01 17:34:00,INT-LS-1GAL,1
2022-06-01 18:16:00,INT-BA-32OZ,3
2022-06-01 16:33:00,BIO-MA-32OZ,1
2022-06-01 12:44:00,CHL-CT-1LB,1
2022-06-01 08:08:00,CHL-CT-1LB,1
2022-06-01 09:55:00,INT-AI-5LB,1
2022-06-01 13:54:00,AQU-PS-5LB,1
2022-06-01 13:57:00,CHL-CT-21LB,1
2022-06-01 15:47:00,CHL-PS-1LB,4
2022-06-01 11:11:00,AQU-PS-25LB,1
2022-06-01 13:29:00,AQU-PS-5LB,1
2022-06-01 11:29:00,AQU-PS-5LB,1
2022-06-01 13:21:00,CHL-CT-1LB,1
2022-06-01 11:43:00,AQU-PS-5LB,1
2022-06-02 12:16:00,CHL-CT-1LB,1
2022-06-02 17:47:00,CHL-CT-21LB,1
2022-06-02 08:08:00,CHL-PS-1LB,1
2022-06-02 09:41:00,AQU-PS-25LB,1
2022-06-02 14:27:00,AQU-CT-11LB,3
2022-06-02 14:51:00,INT-CA-32OZ,2
2022-06-02 15:51:00,AQU-BA-32OZ,4
2022-06-02 08:53:00,INT-CA-32OZ,1
2022-06-02 16:03:00,CHL-CT-1LB,1
2022-06-02 16:23:00,INT-BA-32OZ,4
2022-06-02 08:36:00,AQU-CT-11LB,2
2022-06-02 14:02:00,CHL-CT-21LB,1
2022-06-02 16:55:00,CHL-CT-1LB,1
2022-06-02 13:50:00,CHL-CT-1LB,2
2022-06-02 16:31:00,AQU-BA-32OZ,3
2022-06-02 12:36:00,AQU-PS-25LB,3
2022-06-02 13:40:00,INT-LS-1GAL,1
2022-06-02 09:47:00,INT-CA-32OZ,1
2022-06-02 09:36:00,CHL-PS-1LB,1
2022-06-02 09:35:00,INT-CA-32OZ,1
2022-06-02 09:34:00,INT-CT-25LB,1
2022-06-02 10:51:00,INT-CA-32OZ,3
2022-06-02 16:54:00,AQU-CT-11LB,1
2022-06-02 09:36:00,INT-LS-1GAL,1
2022-06-02 15:39:00,INT-CA-32OZ,1
2022-06-02 18:12:00,INT-LS-1GAL,2
2022-06-02 09:49:00,INT-BA-32OZ,2
2022-06-02 18:27:00,BIO-MA-32OZ,2
2022-06-02 12:29:00,INT-BA-32OZ,1
2022-06-02 15:56:00,INT-CHI-7LB,1
2022-06-02 10:41:00,CHL-PS-17LB,1
2022-06-02 13:04:00,INT-BA-32OZ,3
2022-06-02 10:41:00,CHL-PS-17LB,1
2022-06-02 17:21:00,AQU-BA-32OZ,3
2022-06-02 15:33:00,AQU-PS-25LB,1
2022-06-02 14:56:00,INT-BA-32OZ,1
2022-06-02 08:25:00,AQU-BA-32OZ,1
2022-06-02 17:18:00,CHL-PS-1LB,1
2022-06-02 08:39:00,INT-LS-1GAL,1
2022-06-02 14:01:00,CHL-PS-1LB,2
2022-06-02 08:14:00,CHL-PS-17LB,3
2022-06-02 13:27:00,CHL-CT-1LB,1
2022-06-02 10:16:00,AQU-PS-25LB,1
2022-06-02 11:37:00,INT-CT-25LB,1
2022-06-02 18:49:00,INT-CA-32OZ,2
2022-06-02 13:34:00,INT-BA-32OZ,1
2022-06-02 15:41:00,AQU-BA-32OZ,1
2022-06-02 18:12:00,AQU-CHI-11LB,2
2022-06-02 17:59:00,CHL-PS-1LB,1
2022-06-02 13:57:00,INT-CT-25LB,2
2022-06-02 17:09:00,CHL-CT-21LB,2
2022-06-02 11:49:00,INT-LS-1GAL,1
2022-06-02 10:13:00,CHL-PS-1LB,1
2022-06-02 12:11:00,INT-BA-32OZ,1
2022-06-02 09:01:00,INT-CT-25LB,1
2022-06-02 16:38:00,AQU-PS-5LB,2
2022-06-02 08:49:00,CHL-CT-1LB,1
2022-06-02 10:34:00,BIO-MA-32OZ,3
2022-06-02 13:04:00,CHL-PS-17LB,1
2022-06-03 13:59:00,BIO-MA-32OZ,1
2022-06-03 11:42:00,CHL-PS-17LB,1
2022-06-03 11:12:00,INT-CA-32OZ,1
2022-06-03 12:10:00,AQU-PS-5LB,2
2022-06-03 14:17:00,INT-LS-1GAL,1
2022-06-03 11:59:00,CHL-PS-17LB,1
2022-06-03 11:49:00,INT-CT-25LB,1
2022-06-03 13:01:00,CHL-PS-1LB,1
2022-06-03 10:56:00,INT-LS-1GAL,1
2022-06-03 15:07:00,AQU-PS-5LB,1
2022-06-03 14:01:00,AQU-PS-5LB,1
2022-06-03 15:55:00,CHL-PS-17LB,1
2022-06-03 11:24:00,INT-BA-32OZ,1
2022-06-03 08:28:00,BIO-MA-32OZ,1
2022-06-03 15:25:00,CHL-PS-17LB,1
2022-06-03 11:13:00,INT-CA-32OZ,1
2022-06-03 14:37:00,CHL-CT-1LB,1
2022-06-03 09:05:00,AQU-PS-5LB,3
2022-06-03 10:32:00,CHL-CT-21LB,2
2022-06-03 17:46:00,INT-BA-32OZ,1
2022-06-03 16:07:00,AQU-PS-5LB,1
2022-06-03 10:48:00,CHL-PS-17LB,1
2022-06-03 11:07:00,INT-CT-25LB,2
2022-06-03 15:47:00,INT-BA-32OZ,1
2022-06-03 17:22:00,CHL-PS-17LB,1
2022-06-03 13:26:00,CHL-PS-1LB,2
2022-06-03 11:13:00,INT-MA-1GAL,1
2022-06-03 09:51:00,AQU-PS-5LB,1
2022-06-03 16:23:00,AQU-BA-32OZ,1
2022-06-03 15:16:00,CHL-PS-1LB,4
2022-06-03 16:07:00,BIO-MA-32OZ,1
2022-06-03 15:01:00,BIO-PU-5LB,1
2022-06-03 08:24:00,CHL-CT-1LB,1
2022-06-03 14:25:00,BIO-MA-32OZ,1
2022-06-03 09:22:00,CHL-PS-1LB,4
2022-06-03 13:19:00,CHL-PS-17LB,2
2022-06-03 09:27:00,INT-BA-32OZ,1
2022-06-03 18:19:00,CHL-PS-17LB,3
2022-06-03 11:44:00,CHL-CT-1LB,1
2022-06-03 09:41:00,CHL-CT-21LB,2
2022-06-03 18:51:00,AQU-CT-11LB,1
2022-06-03 14:56:00,CHL-CT-1LB,3
2022-06-03 15:01:00,AQU-CT-11LB,1
2022-06-03 12:46:00,INT-MA-1GAL,2
2022-06-03 18:57:00,CHL-PS-1LB,4
2022-06-03 13:02:00,INT-BA-32OZ,1
2022-06-03 10:54:00,AQU-PS-25LB,1
2022-06-03 11:11:00,BIO-MA-32OZ,1
2022-06-03 17:00:00,AQU-PS-25LB,1
2022-06-03 10:33:00,INT-CT-25LB,1
2022-06-03 10:08:00,AQU-PS-5LB,1
2022-06-03 15:48:00,BIO-MA-32OZ,1
2022-06-03 08:03:00,CHL-CT-1LB,1
2022-06-03 17:51:00,CHL-CT-1LB,4
2022-06-03 11:55:00,INT-CA-32OZ,1
2022-06-03 18:18:00,CHL-CT-1LB,1
2022-06-03 13:39:00,INT-CT-25LB,1
2022-06-03 14:52:00,BIO-MA-32OZ,2
2022-06-03 10:26:00,CHL-CT-21LB,3
2022-06-03 10:11:00,INT-CA-32OZ,2
2022-06-03 16:09:00,INT-MA-1GAL,1
2022-06-03 18:11:00,AQU-PS-25LB,3
2022-06-04 09:50:00,INT-CA-32OZ,3
2022-06-04 10:01:00,CHL-PS-1LB,1
2022-06-04 15:13:00,CHL-PS-17LB,1
2022-06-04 12:25:00,CHL-PS-17LB,1
2022-06-04 18:23:00,CHL-PS-1LB,1
2022-06-04 12:39:00,CHL-CT-1LB,1
2022-06-04 13:01:00,INT-LS-1GAL,1
2022-06-04 08:21:00,INT-MA-1GAL,1
2022-06-04 08:56:00,INT-LS-1GAL,2
2022-06-04 15:02:00,INT-BA-32OZ,2
2022-06-04 10:58:00,INT-BA-32OZ,3
2022-06-04 14:02:00,CHL-PS-17LB,4
2022-06-04 16:24:00,BIO-MA-32OZ,1
2022-06-04 17:46:00,INT-BA-32OZ,1
2022-06-04 16:10:00,CHL-PS-1LB,1
2022-06-04 10:06:00,CHL-S-1LB,1
2022-06-04 08:22:00,CHL-CT-1LB,2
2022-06-04 11:05:00,CHL-CT-21LB,1
2022-06-04 14:04:00,INT-CA-32OZ,2
2022-06-04 09:30:00,CHL-PS-17LB,4
2022-06-04 15:26:00,AQU-PS-25LB,1
2022-06-04 16:28:00,AQU-PS-5LB,1
2022-06-04 10:54:00,CHL-CT-1LB,1
2022-06-04 17:51:00,BIO-MA-32OZ,1
2022-06-04 18:00:00,BIO-MA-32OZ,1
2022-06-04 12:30:00,AQU-CHI-11LB,1
2022-06-04 15:57:00,CHL-PS-1LB,1
2022-06-04 12:08:00,AQU-BA-32OZ,2
2022-06-04 13:42:00,INT-LS-1GAL,1
2022-06-04 16:23:00,AQU-CT-11LB,4
2022-06-04 17:42:00,INT-MA-1GAL,4
2022-06-04 09:30:00,AQU-BA-32OZ,3
2022-06-04 15:47:00,AQU-PS-25LB,2
2022-06-04 17:12:00,INT-CA-32OZ,4
2022-06-04 10:14:00,INT-CT-25LB,1
2022-06-04 16:08:00,INT-CT-25LB,1
2022-06-04 10:14:00,AQU-PS-25LB,1
2022-06-04 18:05:00,INT-CT-25LB,1
2022-06-04 09:45:00,CHL-CT-1LB,1
2022-06-04 14:18:00,INT-MA-1GAL,2
2022-06-04 17:06:00,CHL-PS-1LB,2
2022-06-04 11:14:00,INT-CA-32OZ,1
2022-06-04 12:11:00,CHL-CT-1LB,1
2022-06-04 18:19:00,AQU-CT-11LB,2
2022-06-04 13:45:00,AQU-CT-11LB,1
2022-06-04 15:42:00,HTH-AI-11LB,1
2022-06-04 17:33:00,INT-CA-32OZ,1
2022-06-04 16:36:00,INT-LS-1GAL,1
2022-06-04 12:48:00,CHL-PS-17LB,1
2022-06-04 10:20:00,CHL-PS-17LB,1
2022-06-04 14:23:00,INT-BA-32OZ,1
2022-06-04 18:09:00,AQU-BA-32OZ,1
2022-06-04 17:47:00,AQU-PS-25LB,1
2022-06-04 08:47:00,AQU-CT-11LB,1
2022-06-04 14:40:00,AQU-PS-5LB,2
2022-06-04 08:50:00,INT-CT-25LB,1
2022-06-04 11:11:00,CHL-CT-1LB,2
2022-06-04 08:09:00,INT-CT-25LB,1
2022-06-04 18:02:00,CHL-CT-1LB,1
2022-06-04 11:10:00,CHL-CT-21LB,2
2022-06-04 14:20:00,AQU-CT-11LB,1
2022-06-05 15:30:00,INT-CT-25LB,1
2022-06-05 13:12:00,INT-CT-25LB,1
2022-06-05 18:55:00,CHL-CT-1LB,4
2022-06-05 17:25:00,AQU-BA-32OZ,2
2022-06-05 15:13:00,CHL-CT-21LB,1
2022-06-05 15:39:00,CHL-PS-17LB,1
2022-06-05 12:34:00,INT-CA-32OZ,1
2022-06-05 15:07:00,AQU-BA-32OZ,1
2022-06-05 12:41:00,CHL-CT-21LB,1
2022-06-05 16:59:00,CHL-CT-21LB,3
2022-06-05 13:21:00,AQU-CHI-11LB,1
2022-06-05 10:16:00,AQU-PS-5LB,1
2022-06-05 13:51:00,INT-BA-32OZ,1
2022-06-05 15:49:00,INT-CA-32OZ,1
2022-06-05 16:29:00,INT-CT-25LB,2
2022-06-05 18:06:00,CHL-CT-21LB,1
2022-06-05 18:54:00,AQU-PS-5LB,1
2022-06-05 13:48:00,CHL-CT-21LB,1
2022-06-05 16:16:00,AQU-BA-32OZ,3
2022-06-05 09:50:00,BIO-MA-32OZ,1
2022-06-05 13:27:00,INT-CA-32OZ,1
2022-06-05 18:01:00,AQU-PS-25LB,1
2022-06-05 16:08:00,AQU-PS-5LB,1
2022-06-05 09:14:00,AQU-CT-11LB,4
2022-06-05 15:53:00,INT-LS-1GAL,3
2022-06-05 09:07:00,AQU-PS-25LB,1
2022-06-05 16:45:00,CHL-CT-21LB,1
2022-06-05 12:08:00,CHL-PS-1LB,1
2022-06-05 13:19:00,AQU-CT-11LB,1
2022-06-05 15:27:00,INT-CA-32OZ,1
2022-06-05 16:05:00,CHL-PS-17LB,3
2022-06-05 16:11:00,INT-LS-1GAL,2
2022-06-05 14:52:00,BIO-MA-32OZ,4
2022-06-05 16:12:00,CHL-CT-21LB,1
2022-06-05 10:53:00,INT-LS-1GAL,1
2022-06-05 18:14:00,AQU-CT-11LB,1
2022-06-05 08:12:00,AQU-BA-32OZ,1
2022-06-05 13:33:00,AQU-BA-32OZ,3
2022-06-05 17:49:00,CHL-CT-21LB,1
2022-06-05 10:36:00,CHL-CT-1LB,4
2022-06-05 16:33:00,AQU-PS-5LB,1
2022-06-05 08:51:00,INT-BA-32OZ,3
2022-06-05 16:23:00,BIO-MA-32OZ,1
2022-06-05 16:14:00,AQU-PS-5LB,1
2022-06-05 16:10:00,AQU-PS-5LB,3
2022-06-05 13:10:00,INT-CA-32OZ,2
2022-06-05 09:43:00,INT-BA-32OZ,1
2022-06-05 10:40:00,CHL-PS-17LB,1
2022-06-05 18:54:00,AQU-PS-5LB,2
2022-06-05 17:14:00,CHL-PS-17LB,2
2022-06-05 10:34:00,INT-BA-32OZ,1
2022-06-05 17:27:00,AQU-PS-5LB,1
2022-06-05 11:17:00,INT-LS-1GAL,2
2022-06-06 14:18:00,AQU-PS-5LB,2
2022-06-06 14:57:00,INT-CA-32OZ,1
2022-06-06 16:26:00,INT-CA-32OZ,1
2022-06-06 15:29:00,INT-CA-32OZ,1
2022-06-06 13:08:00,CHL-PS-17LB,1
2022-06-06 12:00:00,CHL-CT-1LB,2
2022-06-06 09:16:00,INT-CA-32OZ,3
2022-06-06 16:42:00,CHL-PS-1LB,1
2022-06-06 12:13:00,INT-BA-32OZ,1
2022-06-06 17:38:00,INT-LS-1GAL,1
2022-06-06 09:03:00,AQU-PS-5LB,1
2022-06-06 14:08:00,INT-LS-1GAL,1
2022-06-06 10:30:00,BIO-MA-32OZ,1
2022-06-06 10:48:00,AQU-PD-5LB,1
2022-06-06 11:25:00,BIO-PU-5LB,1
2022-06-06 10:41:00,INT-CT-25LB,1
2022-06-06 14:25:00,INT-CA-32OZ,1
2022-06-06 17:12:00,CHL-CT-21LB,3
2022-06-06 11:53:00,CHL-CT-1LB,1
2022-06-06 13:04:00,INT-CT-25LB,1
2022-06-06 11:17:00,AQU-CT-11LB,1
2022-06-06 10:57:00,CHL-S-1LB,2
2022-06-06 14:07:00,AQU-PS-5LB,1
2022-06-06 17:43:00,HTH-AI-11LB,2
2022-06-06 10:13:00,AQU-BA-32OZ,1
2022-06-06 15:09:00,INT-CA-32OZ,2
2022-06-06 18:17:00,INT-LS-1GAL,1
2022-06-06 13:00:00,INT-CT-25LB,1
2022-06-06 18:07:00,BIO-MA-32OZ,2
2022-06-06 16:19:00,AQU-BA-32OZ,2
2022-06-06 16:06:00,AQU-CT-11LB,1
2022-06-06 18:38:00,BIO-MA-32OZ,1
2022-06-06 15:14:00,AQU-PS-25LB,1
2022-06-06 18:28:00,CHL-PS-17LB,1
2022-06-06 12:52:00,INT-LS-1GAL,1
2022-06-06 09:34:00,INT-MA-1GAL,2
2022-06-06 17:29:00,BIO-MA-32OZ,1
2022-06-06 10:04:00,BIO-MA-32OZ,2
2022-06-06 13:56:00,INT-CT-25LB,4
2022-06-06 12:02:00,CHL-PS-17LB,3
2022-06-06 14:53:00,CHL-CT-1LB,1
2022-06-06 12:07:00,AQU-PS-5LB,1
2022-06-06 18:29:00,INT-CT-25LB,4
2022-06-06 14:37:00,HTH-AI-11LB,4
2022-06-06 10:56:00,INT-LS-1GAL,4
2022-06-06 15:48:00,AQU-CT-11LB,3
2022-06-06 12:14:00,AQU-PS-25LB,1
2022-06-06 16:06:00,HTH-S-5LB,3
2022-06-06 09:46:00,INT-BA-32OZ,2
2022-06-06 17:38:00,CHL-PS-17LB,2
2022-06-06 13:15:00,INT-CT-25LB,1
2022-06-06 18:31:00,AQU-PS-5LB,1
2022-06-06 14:26:00,INT-CA-32OZ,1
2022-06-06 08:40:00,AQU-CT-11LB,1
2022-06-06 09:55:00,CHL-CT-21LB,2
2022-06-06 12:53:00,INT-BA-32OZ,1
2022-06-06 12:57:00,AQU-CT-11LB,1
2022-06-06 12:40:00,AQU-BA-32OZ,1
2022-06-06 16:21:00,AQU-PS-25LB,2
2022-06-06 14:42:00,CHL-CT-1LB,2
2022-06-07 13:05:00,CHL-PS-1LB,1
2022-06-07 08:06:00,INT-LS-1GAL,2
2022-06-07 15:15:00,HTH-S-5LB,1
2022-06-07 17:31:00,BIO-MA-32OZ,1
2022-06-07 11:37:00,INT-AI-5LB,2
2022-06-07 14:42:00,AQU-PS-5LB,2
2022-06-07 12:06:00,CHL-CT-21LB,1
2022-06-07 15:35:00,AQU-PS-25LB,3
2022-06-07 17:53:00,BIO-PD-2LB,2
2022-06-07 17:24:00,INT-CHI-7LB,2
2022-06-07 17:33:00,CHL-PS-1LB,1
2022-06-07 18:24:00,CHL-PS-1LB,1
2022-06-07 08:38:00,AQU-PS-25LB,1
2022-06-07 09:37:00,AQU-BA-32OZ,3
2022-06-07 18:06:00,INT-CT-25LB,3
2022-06-07 17:06:00,CHL-CT-21LB,3
2022-06-07 09:48:00,AQU-CT-11LB,1
2022-06-07 11:23:00,CHL-PU-2LB,1
2022-06-07 17:43:00,CHL-CT-21LB,1
2022-06-07 17:26:00,INT-BA-32OZ,4
2022-06-07 14:45:00,CHL-PS-1LB,3
2022-06-07 08:22:00,CHL-PS-1LB,1
2022-06-07 18:50:00,CHL-PS-17LB,2
2022-06-07 15:54:00,CHL-PS-1LB,1
2022-06-07 15:36:00,INT-LS-1GAL,1
2022-06-07 16:02:00,INT-CA-32OZ,1
2022-06-07 14:52:00,AQU-PS-25LB,1
2022-06-07 18:47:00,INT-CT-25LB,1
2022-06-07 14:42:00,CHL-PS-1LB,1
2022-06-07 08:13:00,AQU-CT-11LB,1
2022-06-07 17:11:00,AQU-BA-32OZ,2
2022-06-07 08:40:00,INT-CT-25LB,1
2022-06-07 13:06:00,INT-BA-32OZ,2
2022-06-07 12:58:00,INT-CT-25LB,2
2022-06-07 14:51:00,INT-CA-32OZ,1
2022-06-07 08:46:00,INT-LS-1GAL,2
2022-06-07 15:54:00,CHL-PS-17LB,2
2022-06-07 12:22:00,BIO-MA-32OZ,2
2022-06-07 18:22:00,AQU-CT-11LB,1
2022-06-07 13:15:00,AQU-PS-5LB,2
2022-06-07 12:28:00,AQU-BA-32OZ,1
2022-06-07 08:20:00,CHL-PS-17LB,3
2022-06-07 15:44:00,AQU-CHI-11LB,1
2022-06-07 18:16:00,INT-CT-25LB,2
2022-06-07 10:13:00,INT-CA-32OZ,4
2022-06-07 16:49:00,AQU-PS-5LB,1
2022-06-07 16:41:00,INT-BA-32OZ,3
2022-06-07 13:47:00,AQU-BA-32OZ,4
2022-06-07 14:48:00,CHL-CT-21LB,2
2022-06-07 13:49:00,AQU-CT-11LB,1
2022-06-07 10:54:00,AQU-PS-25LB,2
2022-06-07 15:54:00,INT-CHI-7LB,1
2022-06-07 09:21:00,CHL-PS-1LB,2
2022-06-07 13:39:00,INT-CT-25LB,4
2022-06-07 16:47:00,AQU-PS-25LB,1
2022-06-07 11:20:00,AQU-CT-11LB,1
2022-06-07 12:06:00,AQU-PS-25LB,1
2022-06-07 09:40:00,AQU-PS-25LB,1
2022-06-07 14:20:00,INT-MA-1GAL,1
2022-06-07 17:31:00,AQU-CT-11LB,3
2022-06-07 18:11:00,INT-BA-32OZ,1
2022-06-07 14:12:00,INT-CA-32OZ,2
2022-06-07 12:54:00,AQU-BA-32OZ,1
2022-06-07 15:22:00,AQU-BA-32OZ,1
2022-06-07 13:51:00,AQU-PS-25LB,3
2022-06-07 15:57:00,CHL-CT-21LB,3
2022-06-07 13:48:00,CHL-PS-1LB,1
2022-06-07 10:10:00,INT-MA-1GAL,1
2022-06-07 13:01:00,INT-MA-1GAL,4
2022-06-08 17:19:00,AQU-BA-32OZ,1
2022-06-08 16:44:00,INT-BA-32OZ,3
2022-06-08 18:35:00,BIO-MA-32OZ,1
2022-06-08 12:48:00,INT-CHI-7LB,1
2022-06-08 16:34:00,HTH-AI-11LB,1
2022-06-08 10:25:00,AQU-PS-5LB,1
2022-06-08 17:44:00,CHL-CT-1LB,2
2022-06-08 09:12:00,CHL-PS-17LB,4
2022-06-08 09:05:00,INT-LS-1GAL,1
2022-06-08 17:58:00,AQU-PS-25LB,1
2022-06-08 18:25:00,CHL-PS-1LB,1
2022-06-08 12:09:00,INT-CA-32OZ,1
2022-06-08 13:34:00,AQU-PS-25LB,2
2022-06-08 13:25:00,AQU-PS-5LB,1
2022-06-08 10:58:00,CHL-PS-1LB,1
2022-06-08 14:06:00,INT-BA-32OZ,1
2022-06-08 12:39:00,AQU-BA-32OZ,3
2022-06-08 17:05:00,AQU-PS-5LB,4
2022-06-08 13:14:00,INT-LS-1GAL,1
2022-06-08 15:52:00,CHL-PS-1LB,1
2022-06-08 08:15:00,INT-CT-25LB,1
2022-06-08 16:09:00,BIO-MA-32OZ,2
2022-06-08 18:17:00,INT-LS-1GAL,2
2022-06-08 08:31:00,INT-MA-1GAL,1
2022-06-08 11:53:00,INT-LS-1GAL,1
2022-06-08 11:15:00,CHL-CT-21LB,1
2022-06-08 11:28:00,INT-LS-1GAL,1
2022-06-08 18:51:00,INT-BA-32OZ,1
2022-06-08 11:09:00,AQU-PS-5LB,1
2022-06-08 08:18:00,CHL-CT-1LB,1
2022-06-08 11:01:00,BIO-PU-5LB,1
2022-06-08 17:30:00,CHL-PS-1LB,1
2022-06-08 15:26:00,BIO-MA-32OZ,2
2022-06-08 16:35:00,CHL-CT-21LB,1
2022-06-08 17:12:00,AQU-CT-11LB,1
2022-06-08 14:11:00,HTH-F-2LB,1
2022-06-08 16:37:00,INT-BA-32OZ,1
2022-06-08 14:40:00,CHL-CT-1LB,2
2022-06-08 17:56:00,CHL-CT-21LB,4
2022-06-08 14:47:00,AQU-CT-11LB,1
2022-06-08 12:45:00,INT-BA-32OZ,1
2022-06-08 13:51:00,AQU-PS-25LB,1
2022-06-09 14:23:00,CHL-PS-1LB,1
2022-06-09 13:57:00,CHL-CT-1LB,3
2022-06-09 11:20:00,CHL-CT-21LB,2
2022-06-09 16:22:00,AQU-PS-25LB,2
2022-06-09 09:44:00,INT-CA-32OZ,3
2022-06-09 10:20:00,CHL-PS-1LB,1
2022-06-09 11:50:00,INT-BA-32OZ,1
2022-06-09 16:37:00,CHL-CT-1LB,3
2022-06-09 10:06:00,AQU-CT-11LB,4
2022-06-09 16:45:00,CHL-PS-1LB,2
2022-06-09 15:34:00,INT-CT-25LB,1
2022-06-09 13:06:00,INT-AI-5LB,1
2022-06-09 17:14:00,AQU-BA-32OZ,1
2022-06-09 13:45:00,AQU-PS-25LB,3
2022-06-09 18:35:00,AQU-CT-11LB,2
2022-06-09 11:29:00,CHL-CT-1LB,3
2022-06-09 12:36:00,INT-BA-32OZ,1
2022-06-09 08:29:00,INT-BA-32OZ,1
2022-06-09 17:28:00,CHL-CT-1LB,1
2022-06-09 15:37:00,CHL-PS-1LB,1
2022-06-09 14:04:00,CHL-CT-21LB,1
2022-06-09 10:01:00,CHL-CT-21LB,1
2022-06-09 16:28:00,INT-BA-32OZ,2
2022-06-09 16:41:00,CHL-CT-1LB,3
2022-06-09 08:57:00,INT-BA-32OZ,2
2022-06-09 13:30:00,AQU-PS-25LB,1
2022-06-09 10:04:00,AQU-BA-32OZ,2
2022-06-09 18:22:00,AQU-PS-5LB,1
2022-06-09 09:46:00,INT-BA-32OZ,1
2022-06-09 12:36:00,AQU-BA-32OZ,1
2022-06-09 12:57:00,AQU-CT-11LB,1
2022-06-09 08:45:00,CHL-CT-1LB,1
2022-06-09 17:31:00,AQU-BA-32OZ,1
2022-06-09 14:45:00,AQU-BA-32OZ,1
2022-06-09 10:25:00,AQU-PS-25LB,1
2022-06-09 11:42:00,CHL-CT-1LB,2
2022-06-09 15:19:00,CHL-CT-1LB,1
2022-06-09 16:44:00,CHL-PS-1LB,1
2022-06-09 18:19:00,INT-CA-32OZ,1
2022-06-09 13:14:00,INT-CA-32OZ,1
2022-06-09 17:51:00,AQU-PS-5LB,1
2022-06-09 16:26:00,INT-CA-32OZ,2
2022-06-09 10:49:00,CHL-CT-1LB,1
2022-06-09 16:43:00,CHL-PS-1LB,1
2022-06-09 17:20:00,CHL-PS-1LB,1
2022-06-09 08:39:00,CHL-CT-1LB,1
2022-06-09 08:45:00,AQU-PS-5LB,3
2022-06-09 13:37:00,INT-CT-25LB,3
2022-06-09 09:49:00,INT-LS-1GAL,1
2022-06-09 09:39:00,CHL-PS-17LB,1
2022-06-09 09:33:00,AQU-PS-5LB,1
2022-06-09 14:46:00,AQU-PD-5LB,1
2022-06-09 10:46:00,BIO-PD-2LB,1
2022-06-09 11:15:00,INT-LS-1GAL,1
2022-06-09 17:49:00,INT-CA-32OZ,1
2022-06-09 10:53:00,BIO-PD-2LB,1
2022-06-10 18:59:00,INT-CA-32OZ,1
2022-06-10 15:46:00,CHL-PS-17LB,1
2022-06-10 09:21:00,CHL-CT-21LB,1
2022-06-10 09:06:00,CHL-PS-17LB,1
2022-06-10 14:36:00,CHL-CT-1LB,1
2022-06-10 18:24:00,CHL-PS-17LB,1
2022-06-10 14:24:00,INT-AI-5LB,3
2022-06-10 15:08:00,AQU-CT-11LB,4
2022-06-10 13:11:00,INT-BA-32OZ,1
2022-06-10 09:19:00,AQU-PS-5LB,3
2022-06-10 13:11:00,INT-CT-25LB,2
2022-06-10 14:56:00,AQU-BA-32OZ,1
2022-06-10 12:31:00,CHL-PS-1LB,1
2022-06-10 09:11:00,CHL-PS-1LB,1
2022-06-10 12:25:00,CHL-CT-1LB,1
2022-06-10 11:14:00,CHL-PS-17LB,1
2022-06-10 13:41:00,INT-LS-1GAL,1
2022-06-10 18:05:00,AQU-CT-11LB,1
2022-06-10 13:28:00,INT-MA-1GAL,1
2022-06-10 09:33:00,AQU-PS-5LB,3
2022-06-10 12:01:00,CHL-CT-21LB,2
2022-06-10 17:03:00,AQU-PS-25LB,2
2022-06-10 16:03:00,BIO-PU-5LB,1
2022-06-10 18:23:00,AQU-PS-5LB,3
2022-06-10 09:10:00,BIO-MA-32OZ,2
2022-06-10 08:33:00,CHL-PS-1LB,2
2022-06-10 08:00:00,AQU-PS-5LB,1
2022-06-10 13:24:00,INT-CT-25LB,1
2022-06-10 12:01:00,INT-BA-32OZ,1
2022-06-10 17:36:00,AQU-PS-5LB,1
2022-06-10 13:54:00,BIO-PU-5LB,1
2022-06-10 09:11:00,INT-CT-25LB,1
2022-06-10 11:40:00,AQU-CT-11LB,1
2022-06-10 17:31:00,CHL-CT-1LB,1
2022-06-10 10:34:00,INT-CHI-7LB,1
2022-06-10 11:22:00,CHL-CT-21LB,1
2022-06-10 09:55:00,CHL-CT-21LB,1
2022-06-10 18:58:00,CHL-CT-1LB,1
2022-06-10 10:38:00,AQU-PS-25LB,1
2022-06-10 13:36:00,CHL-CT-21LB,2
2022-06-10 10:57:00,CHL-PS-17LB,1
2022-06-10 15:45:00,AQU-PS-25LB,4
2022-06-10 10:32:00,BIO-MA-32OZ,1
2022-06-10 10:52:00,BIO-PD-2LB,1
2022-06-10 15:01:00,INT-CHI-7LB,1
2022-06-10 17:02:00,AQU-PS-25LB,1
2022-06-10 16:56:00,CHL-CT-1LB,1
2022-06-10 09:51:00,INT-LS-1GAL,1
2022-06-10 12:59:00,AQU-PS-25LB,1
2022-06-10 12:06:00,AQU-BA-32OZ,3
2022-06-10 13:43:00,INT-AI-5LB,2
2022-06-10 10:37:00,INT-BA-32OZ,1
2022-06-10 16:10:00,AQU-PS-5LB,1
2022-06-10 09:31:00,INT-LS-1GAL,3
2022-06-10 11:38:00,CHL-PS-17LB,3
2022-06-10 10:39:00,CHL-CT-21LB,2
2022-06-10 13:29:00,AQU-PS-5LB,1
2022-06-10 18:35:00,CHL-S-1LB,1
2022-06-10 14:50:00,INT-LS-1GAL,1
2022-06-10 15:07:00,AQU-PS-5LB,1
2022-06-10 18:35:00,INT-BA-32OZ,1
2022-06-10 09:21:00,CHL-CT-21LB,1
2022-06-10 11:23:00,BIO-MA-32OZ,2
2022-06-10 10:15:00,CHL-PS-1LB,1
2022-06-10 15:12:00,CHL-PS-1LB,2
2022-06-10 14:02:00,INT-CA-32OZ,3
2022-06-10 13:03:00,AQU-PS-25LB,1
2022-06-10 15:51:00,CHL-PS-17LB,1
2022-06-10 18:45:00,CHL-CT-21LB,1
2022-06-11 17:06:00,BIO-MA-32OZ,1
2022-06-11 16:05:00,AQU-BA-32OZ,4
2022-06-11 18:41:00,CHL-PU-2LB,2
2022-06-11 13:58:00,BIO-MA-32OZ,1
2022-06-11 16:36:00,CHL-PS-17LB,1
2022-06-11 17:44:00,INT-CA-32OZ,4
2022-06-11 16:33:00,CHL-CT-21LB,1
2022-06-11 14:48:00,INT-BA-32OZ,4
2022-06-11 16:41:00,CHL-PS-17LB,1
2022-06-11 11:18:00,CHL-CT-21LB,1
2022-06-11 13:08:00,CHL-PS-1LB,1
2022-06-11 15:48:00,AQU-BA-32OZ,1
2022-06-11 11:18:00,AQU-CT-11LB,2
2022-06-11 18:27:00,INT-MA-1GAL,4
2022-06-11 14:27:00,CHL-CT-1LB,4
2022-06-11 14:05:00,CHL-PS-1LB,2
2022-06-11 15:01:00,INT-BA-32OZ,1
2022-06-11 15:06:00,CHL-CT-21LB,1
2022-06-11 13:35:00,AQU-BA-32OZ,1
2022-06-11 15:39:00,INT-CT-25LB,1
2022-06-11 14:19:00,CHL-PS-17LB,4
2022-06-11 15:50:00,INT-CA-32OZ,4
2022-06-11 12:49:00,INT-LS-1GAL,1
2022-06-11 18:44:00,CHL-CT-21LB,1
2022-06-11 08:33:00,CHL-PS-17LB,2
2022-06-11 08:12:00,CHL-CT-1LB,1
2022-06-11 09:19:00,INT-LS-1GAL,1
2022-06-11 17:47:00,INT-CA-32OZ,1
2022-06-11 17:34:00,CHL-CT-21LB,1
2022-06-11 10:41:00,AQU-BA-32OZ,3
2022-06-11 13:47:00,INT-BA-32OZ,1
2022-06-11 08:34:00,CHL-CT-21LB,1
2022-06-11 08:03:00,CHL-CHI-20LB,4
2022-06-11 12:24:00,AQU-BA-32OZ,1
2022-06-11 11:22:00,INT-MA-1GAL,1
2022-06-11 16:03:00,BIO-MA-32OZ,1
2022-06-11 18:55:00,INT-LS-1GAL,1
2022-06-11 14:47:00,CHL-PS-17LB,1
2022-06-11 16:33:00,AQU-BA-32OZ,1
2022-06-11 10:32:00,CHL-PS-17LB,1
2022-06-11 13:43:00,CHL-CT-1LB,4
2022-06-11 08:58:00,CHL-PS-17LB,1
2022-06-11 11:06:00,AQU-BA-32OZ,3
2022-06-11 15:11:00,CHL-PS-1LB,2
2022-06-11 11:45:00,INT-BA-32OZ,2
2022-06-11 13:04:00,CHL-CT-21LB,4
2022-06-11 11:31:00,CHL-PS-1LB,1
2022-06-11 11:36:00,CHL-CT-1LB,1
2022-06-11 18:39:00,BIO-PU-5LB,1
2022-06-11 08:02:00,CHL-PS-1LB,1
2022-06-11 14:13:00,CHL-CT-1LB,4
2022-06-11 09:59:00,INT-CT-25LB,1
2022-06-11 12:00:00,INT-CA-32OZ,2
2022-06-11 11:42:00,INT-BA-32OZ,1
2022-06-11 13:11:00,AQU-BA-32OZ,2
2022-06-11 14:52:00,INT-CA-32OZ,4
2022-06-11 11:23:00,BIO-MA-32OZ,2
2022-06-11 14:02:00,INT-MA-1GAL,1
2022-06-11 10:09:00,CHL-CT-21LB,1
2022-06-11 17:15:00,INT-LS-1GAL,2
2022-06-12 12:56:00,INT-CA-32OZ,2
2022-06-12 14:43:00,HTH-F-2LB,1
2022-06-12 17:45:00,INT-CA-32OZ,1
2022-06-12 18:19:00,INT-LS-1GAL,1
2022-06-12 11:56:00,AQU-BA-32OZ,1
2022-06-12 18:47:00,BIO-MA-32OZ,1
2022-06-12 12:26:00,AQU-PS-25LB,1
2022-06-12 08:26:00,CHL-CT-1LB,4
2022-06-12 14:24:00,CHL-PS-1LB,4
2022-06-12 12:53:00,INT-AI-25LB,4
2022-06-12 11:52:00,AQU-CT-11LB,4
2022-06-12 15:16:00,CHL-CT-1LB,1
2022-06-12 17:00:00,AQU-PS-25LB,3
2022-06-12 18:44:00,CHL-PS-1LB,1
2022-06-12 14:02:00,AQU-PS-5LB,1
2022-06-12 15:08:00,AQU-PS-5LB,3
2022-06-12 18:44:00,INT-CT-25LB,3
2022-06-12 11:04:00,INT-BA-32OZ,4
2022-06-12 18:07:00,CHL-CT-21LB,1
2022-06-12 09:10:00,INT-CT-25LB,1
2022-06-12 15:04:00,AQU-BA-32OZ,1
2022-06-12 10:34:00,BIO-MA-32OZ,2
2022-06-12 13:10:00,CHL-PS-17LB,1
2022-06-12 12:43:00,CHL-PS-17LB,1
2022-06-12 14:18:00,INT-BA-32OZ,4
2022-06-12 16:18:00,CHL-PS-1LB,1
2022-06-12 12:54:00,AQU-PS-5LB,1
2022-06-12 17:16:00,BIO-MA-32OZ,2
2022-06-12 09:48:00,INT-CA-32OZ,3
2022-06-12 09:25:00,INT-LS-1GAL,1
2022-06-12 11:05:00,CHL-PS-1LB,3
2022-06-12 16:54:00,INT-CA-32OZ,1
2022-06-12 15:12:00,INT-LS-1GAL,1
2022-06-12 10:33:00,CHL-S-1LB,1
2022-06-12 08:30:00,INT-CA-32OZ,1
2022-06-12 15:06:00,CHL-PS-1LB,2
2022-06-12 09:14:00,INT-LS-1GAL,2
2022-06-12 08:53:00,INT-CA-32OZ,1
2022-06-12 14:11:00,BIO-MA-32OZ,1
2022-06-12 09:48:00,INT-LS-1GAL,2
2022-06-12 09:15:00,INT-CT-25LB,1
2022-06-12 14:39:00,AQU-BA-32OZ,1
2022-06-12 13:28:00,AQU-BA-32OZ,3
2022-06-12 10:28:00,AQU-CT-11LB,1
2022-06-12 17:49:00,CHL-CT-1LB,1
2022-06-12 08:42:00,AQU-BA-32OZ,2
2022-06-12 16:49:00,AQU-PS-5LB,1
2022-06-12 11:49:00,HTH-F-2LB,1
2022-06-12 11:46:00,BIO-MA-32OZ,2
2022-06-12 13:02:00,INT-LS-1GAL,1
2022-06-12 17:00:00,INT-CA-32OZ,1
2022-06-12 10:21:00,INT-CT-25LB,2
2022-06-12 12:58:00,BIO-MA-32OZ,1
2022-06-12 10:22:00,CHL-PS-17LB,1
2022-06-12 15:12:00,CHL-CT-21LB,1
2022-06-12 18:03:00,INT-CT-25LB,1
2022-06-12 14:24:00,CHL-CT-21LB,1
2022-06-12 10:18:00,CHL-CT-21LB,1
2022-06-12 16:04:00,INT-LS-1GAL,3
2022-06-12 11:11:00,CHL-PS-17LB,1
2022-06-12 18:12:00,BIO-PU-5LB,1
2022-06-12 13:42:00,AQU-BA-32OZ,1
2022-06-12 15:01:00,CHL-CT-21LB,1
2022-06-12 15:04:00,CHL-PS-1LB,1
2022-06-12 11:38:00,CHL-CT-1LB,1
2022-06-12 16:18:00,INT-MA-1GAL,1
2022-06-12 16:10:00,INT-LS-1GAL,1
2022-06-12 10:35:00,AQU-CT-11LB,2
2022-06-12 13:03:00,AQU-CT-11LB,1
2022-06-12 09:43:00,INT-CA-32OZ,3
2022-06-12 09:26:00,CHL-CT-21LB,1
2022-06-12 16:34:00,CHL-PS-17LB,1
2022-06-12 08:39:00,AQU-PS-25LB,1
2022-06-13 13:23:00,CHL-PS-17LB,1
2022-06-13 08:09:00,CHL-CT-1LB,1
2022-06-13 09:43:00,AQU-CT-11LB,1
2022-06-13 11:00:00,INT-CT-25LB,1
2022-06-13 14:00:00,AQU-PS-5LB,1
2022-06-13 17:03:00,AQU-PS-25LB,1
2022-06-13 14:49:00,INT-LS-1GAL,2
2022-06-13 17:07:00,INT-CA-32OZ,1
2022-06-13 11:48:00,AQU-BA-32OZ,1
2022-06-13 18:02:00,AQU-BA-32OZ,1
2022-06-13 17:34:00,CHL-CT-1LB,1
2022-06-13 09:01:00,AQU-PS-5LB,4
2022-06-13 18:52:00,AQU-PS-5LB,1
2022-06-13 15:59:00,INT-LS-1GAL,1
2022-06-13 17:41:00,CHL-PS-17LB,1
2022-06-13 14:18:00,INT-LS-1GAL,3
2022-06-13 18:39:00,INT-LS-1GAL,1
2022-06-13 14:28:00,INT-BA-32OZ,4
2022-06-13 11:43:00,AQU-PS-25LB,1
2022-06-13 15:39:00,HTH-AI-11LB,1
2022-06-13 12:22:00,CHL-CT-21LB,1
2022-06-13 18:29:00,AQU-PD-5LB,4
2022-06-13 15:58:00,BIO-MA-32OZ,1
2022-06-13 10:29:00,CHL-CT-1LB,1
2022-06-13 16:56:00,AQU-BA-32OZ,3
2022-06-13 13:14:00,CHL-CT-1LB,1
2022-06-13 10:18:00,CHL-PS-17LB,1
2022-06-13 18:46:00,INT-CT-25LB,1
2022-06-13 10:24:00,CHL-CT-1LB,1
2022-06-13 12:56:00,BIO-MA-32OZ,3
2022-06-13 10:23:00,INT-AI-5LB,2
2022-06-13 08:27:00,CHL-CT-21LB,1
2022-06-13 12:09:00,HTH-F-2LB,1
2022-06-13 08:29:00,INT-BA-32OZ,1
2022-06-13 14:45:00,AQU-BA-32OZ,1
2022-06-13 16:54:00,AQU-PS-25LB,1
2022-06-13 11:25:00,AQU-BA-32OZ,1
2022-06-13 10:53:00,CHL-CT-1LB,1
2022-06-13 18:22:00,INT-CA-32OZ,2
2022-06-13 11:25:00,INT-CT-25LB,1
2022-06-13 14:56:00,BIO-PD-2LB,1
2022-06-13 14:29:00,BIO-MA-32OZ,1
2022-06-13 15:28:00,INT-LS-1GAL,3
2022-06-13 14:29:00,CHL-PS-1LB,1
2022-06-13 13:21:00,AQU-CT-11LB,2
2022-06-13 13:42:00,INT-LS-1GAL,1
2022-06-13 14:08:00,BIO-PD-2LB,1
2022-06-13 16:13:00,AQU-PS-5LB,1
2022-06-13 11:13:00,HTH-F-2LB,1
2022-06-13 11:36:00,INT-CT-25LB,1
2022-06-13 11:55:00,AQU-BA-32OZ,2
2022-06-13 18:50:00,INT-CT-25LB,1
2022-06-13 17:23:00,AQU-BA-32OZ,1
2022-06-13 15:35:00,AQU-PD-5LB,1
2022-06-13 14:23:00,INT-BA-32OZ,1
2022-06-13 18:19:00,INT-CA-32OZ,1
2022-06-14 10:30:00,INT-LS-1GAL,1
2022-06-14 09:34:00,CHL-PS-17LB,1
2022-06-14 18:28:00,INT-LS-1GAL,3
2022-06-14 12:57:00,CHL-CT-1LB,2
2022-06-14 17:26:00,AQU-PS-5LB,1
2022-06-14 08:12:00,AQU-CT-11LB,4
2022-06-14 11:21:00,AQU-BA-32OZ,1
2022-06-14 16:56:00,BIO-MA-32OZ,1
2022-06-14 10:42:00,CHL-CT-21LB,1
2022-06-14 14:59:00,INT-LS-1GAL,1
2022-06-14 16:27:00,INT-CA-32OZ,1
2022-06-14 10:28:00,INT-CA-32OZ,1
2022-06-14 08:44:00,AQU-PS-5LB,2
2022-06-14 11:24:00,BIO-MA-32OZ,3
2022-06-14 17:42:00,INT-CT-25LB,2
2022-06-14 10:17:00,INT-CA-32OZ,1
2022-06-14 18:36:00,CHL-PS-17LB,1
2022-06-14 10:41:00,INT-LS-1GAL,1
2022-06-14 14:36:00,HTH-F-2LB,1
2022-06-14 11:09:00,INT-CA-32OZ,1
2022-06-14 14:20:00,CHL-PS-17LB,1
2022-06-14 15:15:00,CHL-CT-21LB,2
2022-06-14 10:48:00,HTH-F-2LB,1
2022-06-14 15:20:00,AQU-BA-32OZ,1
2022-06-14 17:59:00,INT-BA-32OZ,1
2022-06-14 17:33:00,CHL-PS-1LB,1
2022-06-14 18:56:00,CHL-PS-1LB,1
2022-06-14 08:43:00,INT-CA-32OZ,1
2022-06-14 09:50:00,INT-CT-25LB,1
2022-06-14 09:05:00,BIO-MA-32OZ,2
2022-06-14 08:00:00,BIO-MA-32OZ,1
2022-06-14 08:21:00,INT-LS-1GAL,2
2022-06-14 09:20:00,CHL-PS-17LB,1
2022-06-14 13:12:00,CHL-PS-17LB,1
2022-06-14 10:13:00,INT-BA-32OZ,1
2022-06-14 12:53:00,CHL-CT-1LB,1
2022-06-14 09:23:00,AQU-BA-32OZ,1
2022-06-14 17:58:00,CHL-CT-1LB,1
2022-06-14 13:37:00,CHL-PS-17LB,1
2022-06-14 15:30:00,CHL-CT-1LB,1
2022-06-14 13:45:00,AQU-PS-25LB,3
2022-06-14 10:18:00,CHL-CT-21LB,1
2022-06-14 12:06:00,INT-BA-32OZ,4
2022-06-14 16:10:00,AQU-PS-5LB,2
2022-06-14 10:10:00,INT-CT-25LB,1
2022-06-14 14:07:00,INT-LS-1GAL,1
2022-06-14 16:58:00,INT-BA-32OZ,1
2022-06-14 17:26:00,CHL-CT-21LB,1
2022-06-14 10:35:00,AQU-CT-11LB,3
2022-06-14 16:40:00,AQU-BA-32OZ,1
2022-06-14 15:44:00,HTH-AI-11LB,1
2022-06-14 12:44:00,CHL-PS-1LB,1
2022-06-14 11:07:00,INT-CT-25LB,1
2022-06-14 18:09:00,AQU-CT-11LB,1
2022-06-14 15:06:00,CHL-PS-17LB,3
2022-06-14 08:08:00,AQU-BA-32OZ,1
2022-06-14 14:30:00,INT-BA-32OZ,1
2022-06-14 14:30:00,CHL-PS-17LB,1
2022-06-14 10:49:00,INT-BA-32OZ,1
2022-06-14 08:37:00,CHL-PS-1LB,4
2022-06-14 13:59:00,BIO-MA-32OZ,1
2022-06-15 17:11:00,AQU-PS-5LB,1
2022-06-15 15:57:00,AQU-CT-11LB,1
2022-06-15 08:31:00,BIO-MA-32OZ,1
2022-06-15 18:36:00,CHL-PS-1LB,1
2022-06-15 13:56:00,CHL-PS-1LB,1
2022-06-15 13:05:00,INT-CA-32OZ,1
2022-06-15 13:04:00,INT-BA-32OZ,1
2022-06-15 10:08:00,AQU-PS-25LB,1
2022-06-15 17:19:00,INT-BA-32OZ,1
2022-06-15 18:25:00,INT-LS-1GAL,1
2022-06-15 10:07:00,INT-AI-25LB,1
2022-06-15 18:12:00,CHL-CT-1LB,1
2022-06-15 18:20:00,AQU-PS-5LB,1
2022-06-15 12:45:00,INT-LS-1GAL,1
2022-06-15 09:22:00,AQU-CT-11LB,1
2022-06-15 17:51:00,CHL-CT-1LB,1
2022-06-15 15:01:00,CHL-PS-1LB,2
2022-06-15 17:57:00,CHL-PU-2LB,1
2022-06-15 17:26:00,CHL-CT-21LB,1
2022-06-15 10:23:00,CHL-CT-21LB,1
2022-06-15 12:12:00,AQU-PS-25LB,2
2022-06-15 16:17:00,AQU-PS-5LB,1
2022-06-15 16:57:00,INT-CA-32OZ,1
2022-06-15 08:31:00,CHL-CT-21LB,1
2022-06-15 13:57:00,CHL-CT-21LB,1
2022-06-15 10:03:00,CHL-CT-1LB,1
2022-06-15 18:15:00,CHL-CT-21LB,1
2022-06-15 12:16:00,INT-CA-32OZ,1
2022-06-15 15:27:00,CHL-CT-1LB,1
2022-06-15 13:02:00,CHL-CT-21LB,1
2022-06-15 12:47:00,AQU-BA-32OZ,1
2022-06-15 18:29:00,AQU-BA-32OZ,2
2022-06-15 18:05:00,INT-AI-5LB,1
2022-06-15 13:35:00,HTH-S-5LB,1
2022-06-15 08:08:00,CHL-PS-1LB,1
2022-06-15 17:00:00,INT-CHI-7LB,1
2022-06-15 17:01:00,AQU-PS-25LB,1
2022-06-15 12:24:00,INT-BA-32OZ,1
2022-06-15 11:57:00,INT-CA-32OZ,4
2022-06-15 15:24:00,AQU-BA-32OZ,1
2022-06-15 14:02:00,INT-LS-1GAL,1
2022-06-15 18:17:00,CHL-CT-1LB,1
2022-06-15 14:21:00,INT-CA-32OZ,1
2022-06-15 13:51:00,AQU-BA-32OZ,3
2022-06-15 16:54:00,CHL-PS-1LB,4
2022-06-15 14:26:00,INT-CA-32OZ,1
2022-06-15 13:08:00,CHL-CT-1LB,1
2022-06-15 13:46:00,INT-LS-1GAL,1
2022-06-15 12:35:00,AQU-PS-5LB,1
2022-06-16 12:17:00,AQU-PS-25LB,1
2022-06-16 09:58:00,CHL-CT-21LB,1
2022-06-16 15:58:00,AQU-CT-11LB,1
2022-06-16 18:05:00,AQU-BA-32OZ,1
2022-06-16 18:58:00,AQU-PS-5LB,1
2022-06-16 13:55:00,CHL-CT-21LB,1
2022-06-16 16:57:00,INT-CT-25LB,2
2022-06-16 09:01:00,INT-CA-32OZ,1
2022-06-16 10:51:00,AQU-BA-32OZ,1
2022-06-16 09:15:00,INT-MA-1GAL,1
2022-06-16 09:11:00,AQU-CT-11LB,1
2022-06-16 13:04:00,AQU-PS-25LB,2
2022-06-16 10:36:00,INT-CT-25LB,1
2022-06-16 11:49:00,INT-CT-25LB,1
2022-06-16 09:55:00,CHL-PS-17LB,4
2022-06-16 09:00:00,AQU-BA-32OZ,1
2022-06-16 08:47:00,CHL-CT-21LB,1
2022-06-16 13:55:00,BIO-MA-32OZ,3
2022-06-16 17:04:00,CHL-CT-1LB,2
2022-06-16 10:37:00,CHL-CT-21LB,1
2022-06-16 18:55:00,INT-MA-1GAL,1
2022-06-16 15:40:00,AQU-CT-11LB,1
2022-06-16 13:50:00,AQU-PS-25LB,1
2022-06-16 18:06:00,AQU-PD-5LB,1
2022-06-16 17:07:00,BIO-MA-32OZ,1
2022-06-16 08:45:00,CHL-CT-21LB,4
2022-06-16 10:12:00,INT-LS-1GAL,1
2022-06-16 09:11:00,CHL-CT-21LB,1
2022-06-16 09:45:00,CHL-PS-17LB,3
2022-06-16 09:00:00,CHL-CHI-20LB,1
2022-06-16 14:50:00,BIO-MA-32OZ,3
2022-06-16 18:14:00,INT-BA-32OZ,1
2022-06-16 11:03:00,CHL-PS-17LB,1
2022-06-16 09:24:00,CHL-PS-1LB,1
2022-06-16 13:40:00,CHL-CT-1LB,1
2022-06-16 16:12:00,CHL-PS-1LB,1
2022-06-16 15:52:00,AQU-PS-25LB,2
2022-06-16 11:45:00,CHL-PS-1LB,2
2022-06-16 15:38:00,INT-MA-1GAL,2
2022-06-16 10:30:00,INT-CA-32OZ,3
2022-06-16 12:46:00,CHL-PS-17LB,4
2022-06-16 18:37:00,INT-CA-32OZ,2
2022-06-16 08:28:00,CHL-CT-1LB,1
2022-06-17 08:05:00,INT-CA-32OZ,1
2022-06-17 10:12:00,CHL-CT-1LB,1
2022-06-17 12:09:00,AQU-PS-25LB,1
2022-06-17 16:36:00,AQU-PS-5LB,1
2022-06-17 11:44:00,CHL-CT-21LB,1
2022-06-17 09:44:00,INT-MA-1GAL,2
2022-06-17 09:12:00,INT-CA-32OZ,1
2022-06-17 10:54:00,INT-CT-25LB,1
2022-06-17 13:48:00,INT-CHI-7LB,2
2022-06-17 11:10:00,INT-CT-25LB,3
2022-06-17 14:40:00,CHL-PS-17LB,1
2022-06-17 17:18:00,INT-BA-32OZ,1
2022-06-17 17:26:00,AQU-PS-5LB,2
2022-06-17 16:40:00,AQU-PS-25LB,1
2022-06-17 12:13:00,CHL-PU-2LB,1
2022-06-17 14:16:00,AQU-PS-25LB,1
2022-06-17 13:47:00,AQU-PS-5LB,1
2022-06-17 11:33:00,AQU-PS-5LB,1
2022-06-17 08:41:00,INT-LS-1GAL,2
2022-06-17 18:16:00,AQU-BA-32OZ,2
2022-06-17 12:48:00,CHL-CT-21LB,1
2022-06-17 10:04:00,INT-CA-32OZ,1
2022-06-17 08:04:00,AQU-PS-5LB,2
2022-06-17 15:22:00,INT-LS-1GAL,1
2022-06-17 08:39:00,AQU-BA-32OZ,3
2022-06-17 14:05:00,INT-LS-1GAL,1
2022-06-17 18:48:00,INT-CT-25LB,2
2022-06-17 15:00:00,CHL-PS-1LB,1
2022-06-17 18:05:00,INT-MA-1GAL,1
2022-06-17 13:37:00,AQU-BA-32OZ,4
2022-06-17 13:44:00,AQU-PS-25LB,2
2022-06-17 18:38:00,AQU-PS-25LB,2
2022-06-17 18:04:00,BIO-MA-32OZ,1
2022-06-17 17:16:00,INT-CA-32OZ,2
2022-06-17 13:28:00,CHL-CT-1LB,1
2022-06-17 13:47:00,AQU-PS-5LB,1
2022-06-17 15:23:00,INT-AI-25LB,2
2022-06-17 15:19:00,AQU-CT-11LB,1
2022-06-17 15:20:00,AQU-PS-25LB,1
2022-06-17 16:47:00,AQU-CT-11LB,1
2022-06-17 11:14:00,CHL-CT-21LB,4
2022-06-17 17:10:00,INT-CT-25LB,1
2022-06-17 08:44:00,AQU-PS-5LB,4
2022-06-17 13:26:00,INT-CA-32OZ,3
2022-06-17 15:56:00,CHL-CT-1LB,1
2022-06-17 15:20:00,CHL-CT-21LB,1
2022-06-17 14:29:00,INT-BA-32OZ,3
2022-06-17 15:28:00,CHL-PS-17LB,1
2022-06-17 10:09:00,INT-CA-32OZ,1
2022-06-17 14:26:00,INT-CT-25LB,1
2022-06-17 08:55:00,INT-LS-1GAL,2
2022-06-18 13:24:00,CHL-CT-21LB,3
2022-06-18 18:09:00,INT-CA-32OZ,3
2022-06-18 14:23:00,CHL-PS-1LB,1
2022-06-18 08:27:00,AQU-PS-5LB,1
2022-06-18 18:57:00,AQU-BA-32OZ,1
2022-06-18 10:09:00,AQU-BA-32OZ,1
2022-06-18 17:11:00,INT-LS-1GAL,3
2022-06-18 11:06:00,AQU-CT-11LB,2
2022-06-18 08:25:00,AQU-PS-25LB,3
2022-06-18 15:09:00,INT-CT-25LB,2
2022-06-18 12:21:00,AQU-PS-5LB,1
2022-06-18 11:01:00,AQU-BA-32OZ,3
2022-06-18 15:25:00,CHL-PS-1LB,1
2022-06-18 10:19:00,AQU-CT-11LB,1
2022-06-18 16:17:00,INT-CA-32OZ,1
2022-06-18 11:12:00,INT-LS-1GAL,1
2022-06-18 15:38:00,AQU-CT-11LB,2
2022-06-18 15:27:00,CHL-S-1LB,1
2022-06-18 14:54:00,INT-CA-32OZ,1
2022-06-18 10:31:00,CHL-CT-1LB,1
2022-06-18 18:03:00,AQU-PS-5LB,1
2022-06-18 13:06:00,INT-LS-1GAL,3
2022-06-18 09:20:00,INT-CA-32OZ,4
2022-06-18 15:38:00,INT-CT-25LB,1
2022-06-18 12:09:00,INT-LS-1GAL,1
2022-06-18 11:33:00,INT-LS-1GAL,1
2022-06-18 15:51:00,CHL-CT-21LB,1
2022-06-18 11:26:00,CHL-PS-17LB,1
2022-06-18 15:00:00,AQU-PS-25LB,1
2022-06-18 12:40:00,BIO-MA-32OZ,1
2022-06-18 10:21:00,INT-CA-32OZ,1
2022-06-18 18:19:00,AQU-PS-5LB,2
2022-06-18 18:39:00,INT-CT-25LB,1
2022-06-18 14:39:00,AQU-BA-32OZ,1
2022-06-18 09:38:00,CHL-PS-17LB,2
2022-06-18 10:33:00,INT-CA-32OZ,1
2022-06-18 12:21:00,CHL-PS-1LB,3
2022-06-18 13:51:00,INT-LS-1GAL,1
2022-06-18 10:23:00,CHL-CT-21LB,3
2022-06-18 17:30:00,CHL-PS-1LB,2
2022-06-18 09:01:00,INT-CT-25LB,1
2022-06-18 15:23:00,INT-CA-32OZ,4
2022-06-18 14:15:00,AQU-PS-25LB,1
2022-06-18 11:20:00,AQU-BA-32OZ,1
2022-06-18 11:58:00,AQU-CT-11LB,1
2022-06-18 13:40:00,INT-CA-32OZ,2
2022-06-18 15:50:00,CHL-PU-2LB,1
2022-06-18 12:35:00,INT-LS-1GAL,1
2022-06-18 13:36:00,CHL-CT-1LB,1
2022-06-18 13:44:00,CHL-CT-1LB,1
2022-06-18 11:57:00,AQU-CT-11LB,1
2022-06-18 10:20:00,BIO-MA-32OZ,1
2022-06-18 18:36:00,CHL-PS-17LB,1
2022-06-19 11:45:00,INT-BA-32OZ,1
2022-06-19 17:39:00,AQU-PS-25LB,2
2022-06-19 11:52:00,AQU-PS-5LB,1
2022-06-19 11:31:00,CHL-PS-17LB,1
2022-06-19 17:30:00,CHL-CT-21LB,1
2022-06-19 08:20:00,INT-CA-32OZ,2
2022-06-19 16:56:00,INT-CA-32OZ,1
2022-06-19 09:24:00,INT-CT-25LB,1
2022-06-19 10:39:00,CHL-CT-1LB,1
2022-06-19 13:05:00,INT-MA-1GAL,1
2022-06-19 16:31:00,AQU-BA-32OZ,1
2022-06-19 15:38:00,INT-LS-1GAL,1
2022-06-19 12:04:00,INT-CT-25LB,1
2022-06-19 15:24:00,AQU-BA-32OZ,2
2022-06-19 11:50:00,INT-BA-32OZ,1
2022-06-19 12:45:00,AQU-PD-5LB,2
2022-06-19 10:23:00,CHL-CT-21LB,2
2022-06-19 08:30:00,INT-CT-25LB,1
2022-06-19 11:14:00,INT-LS-1GAL,1
2022-06-19 18:00:00,AQU-PS-5LB,1
2022-06-19 13:22:00,INT-BA-32OZ,4
2022-06-19 17:30:00,HTH-S-5LB,1
2022-06-19 16:09:00,INT-CT-25LB,1
2022-06-19 12:20:00,INT-BA-32OZ,1
2022-06-19 15:20:00,INT-LS-1GAL,1
2022-06-19 17:56:00,INT-LS-1GAL,1
2022-06-19 16:12:00,BIO-MA-32OZ,1
2022-06-19 18:12:00,CHL-PS-1LB,1
2022-06-19 17:38:00,AQU-PS-25LB,1
2022-06-19 09:18:00,INT-CA-32OZ,1
2022-06-19 08:47:00,BIO-MA-32OZ,1
2022-06-19 11:33:00,AQU-CT-11LB,1
2022-06-19 16:18:00,INT-BA-32OZ,1
2022-06-19 11:50:00,BIO-PU-5LB,1
2022-06-19 14:27:00,CHL-CT-21LB,3
2022-06-19 08:19:00,AQU-PS-5LB,1
2022-06-19 12:13:00,AQU-PS-25LB,1
2022-06-19 10:18:00,AQU-PS-25LB,1
2022-06-19 08:01:00,AQU-CT-11LB,1
2022-06-19 18:41:00,AQU-PS-25LB,1
2022-06-19 14:05:00,INT-CT-25LB,3
2022-06-19 13:29:00,INT-BA-32OZ,2
2022-06-19 10:28:00,CHL-CT-1LB,1
2022-06-20 16:10:00,AQU-CT-11LB,2
2022-06-20 17:28:00,AQU-CT-11LB,2
2022-06-20 13:06:00,AQU-CHI-11LB,1
2022-06-20 12:29:00,CHL-PS-1LB,1
2022-06-20 12:12:00,CHL-CT-1LB,1
2022-06-20 17:29:00,AQU-BA-32OZ,1
2022-06-20 12:10:00,INT-LS-1GAL,1
2022-06-20 17:08:00,AQU-PD-5LB,1
2022-06-20 13:01:00,AQU-BA-32OZ,4
2022-06-20 09:03:00,CHL-CT-21LB,1
2022-06-20 13:35:00,CHL-PS-17LB,1
2022-06-20 15:23:00,INT-CA-32OZ,1
2022-06-20 10:20:00,CHL-PS-1LB,1
2022-06-20 14:35:00,INT-BA-32OZ,1
2022-06-20 08:40:00,CHL-CT-1LB,2
2022-06-20 14:41:00,CHL-CT-21LB,1
2022-06-20 13:25:00,BIO-MA-32OZ,4
2022-06-20 10:20:00,CHL-PS-1LB,1
2022-06-20 17:53:00,AQU-CT-11LB,1
2022-06-20 08:41:00,AQU-BA-32OZ,1
2022-06-20 12:20:00,BIO-MA-32OZ,1
2022-06-20 17:48:00,INT-CT-25LB,1
2022-06-20 17:02:00,AQU-PS-25LB,1
2022-06-20 16:03:00,AQU-PS-25LB,1
2022-06-20 10:31:00,BIO-MA-32OZ,1
2022-06-20 09:59:00,INT-CA-32OZ,1
2022-06-20 09:08:00,BIO-MA-32OZ,4
2022-06-20 10:06:00,AQU-PS-25LB,3
2022-06-20 16:10:00,INT-CT-25LB,2
2022-06-20 11:05:00,INT-BA-32OZ,1
2022-06-20 13:22:00,AQU-PS-25LB,1
2022-06-20 13:05:00,CHL-CT-21LB,4
2022-06-20 14:21:00,INT-CA-32OZ,1
2022-06-20 09:31:00,BIO-MA-32OZ,2
2022-06-20 14:34:00,AQU-PS-25LB,1
2022-06-20 08:33:00,AQU-PS-5LB,3
2022-06-20 14:41:00,BIO-MA-32OZ,1
2022-06-20 14:44:00,INT-LS-1GAL,2
2022-06-20 10:35:00,INT-MA-1GAL,2
2022-06-20 09:52:00,INT-CT-25LB,1
2022-06-20 11:28:00,CHL-CT-21LB,1
2022-06-20 10:07:00,BIO-MA-32OZ,1
2022-06-20 12:14:00,BIO-MA-32OZ,1
2022-06-20 11:03:00,BIO-MA-32OZ,1
2022-06-20 18:43:00,AQU-CT-11LB,1
2022-06-20 16:01:00,CHL-PS-1LB,3
2022-06-20 08:41:00,INT-CT-25LB,1
2022-06-20 11:30:00,BIO-MA-32OZ,3
2022-06-20 08:02:00,CHL-CT-21LB,3
2022-06-20 11:48:00,CHL-PS-1LB,1
2022-06-20 11:09:00,INT-CT-25LB,1
2022-06-20 10:32:00,AQU-CT-11LB,1
2022-06-20 13:20:00,CHL-CT-1LB,2
2022-06-20 14:48:00,INT-CT-25LB,4
2022-06-20 18:42:00,BIO-MA-32OZ,1
2022-06-21 16:48:00,BIO-MA-32OZ,1
2022-06-21 12:31:00,AQU-PS-25LB,3
2022-06-21 08:42:00,INT-BA-32OZ,1
2022-06-21 14:35:00,AQU-PS-25LB,3
2022-06-21 09:02:00,AQU-BA-32OZ,1
2022-06-21 11:37:00,CHL-CT-1LB,2
2022-06-21 08:13:00,INT-CA-32OZ,2
2022-06-21 11:37:00,CHL-CT-21LB,3
2022-06-21 15:00:00,INT-LS-1GAL,1
2022-06-21 13:44:00,INT-CA-32OZ,1
2022-06-21 09:37:00,AQU-BA-32OZ,1
2022-06-21 13:32:00,BIO-MA-32OZ,1
2022-06-21 10:25:00,INT-BA-32OZ,1
2022-06-21 11:09:00,INT-CT-25LB,2
2022-06-21 16:00:00,CHL-CT-1LB,1
2022-06-21 18:47:00,CHL-CT-21LB,2
2022-06-21 17:18:00,INT-LS-1GAL,1
2022-06-21 12:35:00,AQU-PS-25LB,3
2022-06-21 13:32:00,CHL-CT-1LB,1
2022-06-21 14:10:00,BIO-MA-32OZ,1
2022-06-21 11:48:00,AQU-PS-5LB,4
2022-06-21 17:16:00,INT-CT-25LB,1
2022-06-21 13:12:00,CHL-CT-1LB,3
2022-06-21 13:57:00,AQU-PS-25LB,1
2022-06-21 12:25:00,AQU-PS-5LB,2
2022-06-21 09:41:00,INT-CT-25LB,1
2022-06-21 12:28:00,AQU-PS-25LB,1
2022-06-21 08:28:00,INT-CA-32OZ,1
2022-06-21 17:41:00,BIO-MA-32OZ,1
2022-06-21 18:32:00,INT-CA-32OZ,1
2022-06-21 14:13:00,CHL-CT-21LB,4
2022-06-21 10:07:00,INT-CHI-7LB,1
2022-06-21 08:24:00,AQU-CT-11LB,1
2022-06-21 09:47:00,AQU-BA-32OZ,1
2022-06-21 11:12:00,CHL-CT-1LB,1
2022-06-21 17:47:00,INT-MA-1GAL,1
2022-06-22 18:13:00,INT-LS-1GAL,1
2022-06-22 17:52:00,AQU-PS-25LB,1
2022-06-22 12:23:00,AQU-PD-5LB,3
2022-06-22 15:03:00,AQU-CT-11LB,2
2022-06-22 18:40:00,AQU-CT-11LB,1
2022-06-22 11:36:00,INT-CHI-7LB,1
2022-06-22 12:13:00,INT-LS-1GAL,4
2022-06-22 16:01:00,AQU-PS-5LB,2
2022-06-22 12:00:00,INT-MA-1GAL,1
2022-06-22 11:53:00,CHL-PS-1LB,1
2022-06-22 10:55:00,AQU-PS-5LB,1
2022-06-22 13:13:00,BIO-MA-32OZ,1
2022-06-22 15:46:00,AQU-CT-11LB,1
2022-06-22 14:46:00,INT-CT-25LB,3
2022-06-22 13:29:00,INT-LS-1GAL,2
2022-06-22 14:38:00,INT-CT-25LB,1
2022-06-22 10:58:00,INT-LS-1GAL,1
2022-06-22 15:30:00,INT-CT-25LB,1
2022-06-22 16:38:00,BIO-PU-5LB,1
2022-06-22 12:50:00,CHL-PU-2LB,1
2022-06-22 18:54:00,INT-LS-1GAL,1
2022-06-22 11:04:00,AQU-PS-25LB,3
2022-06-22 17:06:00,CHL-PS-1LB,1
2022-06-22 08:54:00,AQU-PS-5LB,1
2022-06-22 08:39:00,BIO-MA-32OZ,1
2022-06-22 08:54:00,INT-CA-32OZ,1
2022-06-22 08:17:00,INT-MA-1GAL,2
2022-06-22 08:19:00,CHL-CT-1LB,1
2022-06-22 15:24:00,CHL-PU-2LB,1
2022-06-22 17:10:00,INT-CA-32OZ,1
2022-06-22 09:03:00,AQU-PS-25LB,2
2022-06-22 13:13:00,INT-CT-25LB,1
2022-06-22 18:12:00,INT-CT-25LB,1
2022-06-22 14:47:00,BIO-MA-32OZ,3
2022-06-22 13:04:00,AQU-BA-32OZ,1
2022-06-23 18:01:00,INT-CT-25LB,1
2022-06-23 12:49:00,BIO-PD-2LB,1
2022-06-23 08:57:00,CHL-CT-21LB,1
2022-06-23 09:19:00,CHL-PS-1LB,1
2022-06-23 10:16:00,AQU-BA-32OZ,1
2022-06-23 15:59:00,AQU-CT-11LB,2
2022-06-23 11:07:00,INT-CT-25LB,1
2022-06-23 18:47:00,INT-LS-1GAL,2
2022-06-23 18:50:00,CHL-PS-17LB,1
2022-06-23 08:56:00,CHL-PS-17LB,1
2022-06-23 15:11:00,INT-LS-1GAL,1
2022-06-23 08:07:00,AQU-PS-25LB,1
2022-06-23 09:46:00,AQU-PS-5LB,1
2022-06-23 11:29:00,CHL-CT-21LB,3
2022-06-23 17:44:00,AQU-BA-32OZ,4
2022-06-23 16:17:00,INT-BA-32OZ,1
2022-06-23 12:01:00,INT-CT-25LB,1
2022-06-23 17:30:00,CHL-PS-17LB,1
2022-06-23 09:46:00,CHL-CT-1LB,1
2022-06-23 10:13:00,CHL-CT-21LB,1
2022-06-23 09:25:00,CHL-CT-1LB,1
2022-06-23 18:24:00,INT-AI-25LB,1
2022-06-23 08:02:00,AQU-PS-25LB,3
2022-06-23 15:27:00,AQU-CT-11LB,1
2022-06-23 15:26:00,CHL-CT-1LB,1
2022-06-23 10:00:00,CHL-PS-17LB,1
2022-06-23 17:57:00,AQU-CT-11LB,2
2022-06-23 08:42:00,INT-CT-25LB,1
2022-06-23 09:49:00,CHL-PS-17LB,1
2022-06-23 12:45:00,AQU-BA-32OZ,1
2022-06-23 12:46:00,AQU-BA-32OZ,1
2022-06-23 15:12:00,BIO-MA-32OZ,1
2022-06-23 12:01:00,INT-LS-1GAL,2
2022-06-23 18:17:00,BIO-MA-32OZ,1
2022-06-23 11:15:00,HTH-AI-11LB,1
2022-06-23 15:51:00,CHL-PS-1LB,1
2022-06-23 08:41:00,INT-CA-32OZ,4
2022-06-23 08:55:00,CHL-CT-1LB,1
2022-06-23 17:53:00,INT-CT-25LB,1
2022-06-23 14:35:00,AQU-CT-11LB,1
2022-06-23 15:50:00,CHL-PS-1LB,1
2022-06-23 11:45:00,AQU-CT-11LB,2
2022-06-23 08:18:00,INT-BA-32OZ,1
2022-06-23 13:05:00,CHL-PS-17LB,1
2022-06-23 17:23:00,CHL-PS-17LB,1
2022-06-23 15:52:00,CHL-CHI-20LB,1
2022-06-23 15:34:00,INT-CT-25LB,1
2022-06-23 10:23:00,INT-LS-1GAL,3
2022-06-23 18:57:00,INT-AI-5LB,1
2022-06-23 13:46:00,INT-LS-1GAL,2
2022-06-23 16:34:00,AQU-PS-5LB,2
2022-06-23 10:20:00,BIO-MA-32OZ,1
2022-06-24 13:26:00,INT-AI-25LB,4
2022-06-24 10:37:00,INT-MA-1GAL,1
2022-06-24 14:23:00,AQU-PS-25LB,1
2022-06-24 15:22:00,CHL-CT-1LB,1
2022-06-24 12:09:00,AQU-CT-11LB,1
2022-06-24 18:48:00,AQU-PS-5LB,1
2022-06-24 15:43:00,CHL-PS-1LB,2
2022-06-24 16:26:00,INT-BA-32OZ,1
2022-06-24 13:27:00,HTH-S-5LB,1
2022-06-24 09:38:00,INT-CT-25LB,2
2022-06-24 12:56:00,BIO-MA-32OZ,1
2022-06-24 10:21:00,AQU-BA-32OZ,3
2022-06-24 13:41:00,CHL-CT-21LB,1
2022-06-24 15:28:00,CHL-PS-1LB,1
2022-06-24 16:55:00,CHL-CT-1LB,2
2022-06-24 18:10:00,CHL-CT-1LB,1
2022-06-24 08:21:00,AQU-PS-5LB,1
2022-06-24 16:58:00,AQU-PS-5LB,1
2022-06-24 18:09:00,CHL-CT-21LB,2
2022-06-24 17:21:00,INT-CT-25LB,1
2022-06-24 16:40:00,INT-BA-32OZ,1
2022-06-24 10:54:00,CHL-CT-1LB,1
2022-06-24 17:08:00,INT-CA-32OZ,1
2022-06-24 11:52:00,CHL-PS-1LB,1
2022-06-24 14:05:00,INT-MA-1GAL,1
2022-06-24 14:56:00,BIO-MA-32OZ,1
2022-06-24 09:32:00,CHL-CT-21LB,2
2022-06-24 16:02:00,BIO-MA-32OZ,1
2022-06-24 16:06:00,INT-LS-1GAL,1
2022-06-24 17:00:00,AQU-CT-11LB,3
2022-06-24 12:59:00,INT-LS-1GAL,1
2022-06-24 16:42:00,AQU-BA-32OZ,1
2022-06-24 10:47:00,CHL-CT-21LB,3
2022-06-24 11:43:00,AQU-CT-11LB,1
2022-06-24 13:31:00,AQU-PS-5LB,1
2022-06-24 09:20:00,CHL-CT-1LB,1
2022-06-24 13:35:00,HTH-S-5LB,4
2022-06-24 14:33:00,AQU-BA-32OZ,1
2022-06-24 18:52:00,HTH-S-5LB,1
2022-06-24 14:14:00,CHL-CT-1LB,2
2022-06-24 17:22:00,CHL-PS-1LB,1
2022-06-24 14:44:00,BIO-MA-32OZ,1
2022-06-25 09:14:00,AQU-BA-32OZ,1
2022-06-25 18:41:00,CHL-CT-1LB,1
2022-06-25 15:09:00,INT-LS-1GAL,4
2022-06-25 11:45:00,AQU-CT-11LB,1
2022-06-25 08:57:00,CHL-CT-21LB,3
2022-06-25 16:51:00,INT-CT-25LB,1
2022-06-25 09:31:00,CHL-CT-1LB,1
2022-06-25 10:58:00,AQU-PD-5LB,3
2022-06-25 09:44:00,INT-MA-1GAL,3
2022-06-25 12:15:00,BIO-MA-32OZ,1
2022-06-25 14:19:00,BIO-MA-32OZ,1
2022-06-25 11:34:00,AQU-PS-5LB,1
2022-06-25 18:06:00,INT-AI-5LB,1
2022-06-25 11:01:00,AQU-BA-32OZ,1
2022-06-25 08:01:00,INT-LS-1GAL,1
2022-06-25 12:07:00,CHL-PS-1LB,1
2022-06-25 11:11:00,CHL-PS-17LB,2
2022-06-25 18:04:00,CHL-PS-1LB,1
2022-06-25 09:16:00,CHL-PS-1LB,1
2022-06-25 15:07:00,INT-CT-25LB,1
2022-06-25 14:22:00,CHL-CT-1LB,1
2022-06-25 18:25:00,INT-CA-32OZ,2
2022-06-25 08:44:00,AQU-PS-5LB,1
2022-06-25 17:19:00,AQU-PS-25LB,1
2022-06-25 13:24:00,INT-CA-32OZ,1
2022-06-25 13:13:00,AQU-PS-25LB,1
2022-06-25 12:27:00,HTH-S-5LB,2
2022-06-25 17:37:00,AQU-BA-32OZ,1
2022-06-25 15:40:00,INT-CT-25LB,1
2022-06-25 17:37:00,AQU-PS-5LB,1
2022-06-25 08:43:00,INT-CT-25LB,1
2022-06-25 15:02:00,AQU-BA-32OZ,1
2022-06-25 15:20:00,CHL-CT-1LB,1
2022-06-25 13:01:00,CHL-CT-1LB,1
2022-06-25 12:44:00,AQU-PS-25LB,1
2022-06-25 15:55:00,AQU-CT-11LB,1
2022-06-25 14:48:00,AQU-PS-25LB,1
2022-06-25 16:49:00,CHL-CT-21LB,1
2022-06-25 09:27:00,BIO-MA-32OZ,1
2022-06-25 17:39:00,INT-LS-1GAL,3
2022-06-25 13:43:00,AQU-BA-32OZ,4
2022-06-25 15:01:00,INT-BA-32OZ,1
2022-06-25 14:02:00,AQU-PS-25LB,1
2022-06-25 15:48:00,INT-AI-25LB,1
2022-06-25 09:30:00,AQU-BA-32OZ,1
2022-06-25 12:34:00,CHL-CT-1LB,3
2022-06-25 09:05:00,INT-CA-32OZ,4
2022-06-25 11:46:00,BIO-MA-32OZ,1
2022-06-25 18:59:00,CHL-CT-21LB,3
2022-06-25 09:29:00,CHL-CT-21LB,1
2022-06-25 14:47:00,AQU-CT-11LB,1
2022-06-25 13:15:00,AQU-PS-5LB,2
2022-06-25 17:30:00,AQU-PS-5LB,1
2022-06-25 08:20:00,BIO-MA-32OZ,1
2022-06-25 12:35:00,BIO-MA-32OZ,1
2022-06-25 15:13:00,INT-MA-1GAL,1
2022-06-25 17:26:00,CHL-PS-1LB,3
2022-06-25 09:00:00,INT-CA-32OZ,1
2022-06-25 18:08:00,INT-CHI-7LB,1
2022-06-25 17:55:00,INT-MA-1GAL,1
2022-06-25 18:49:00,AQU-CT-11LB,1
2022-06-25 08:59:00,INT-LS-1GAL,1
2022-06-26 09:32:00,AQU-CT-11LB,1
2022-06-26 10:29:00,AQU-PS-25LB,1
2022-06-26 12:44:00,AQU-BA-32OZ,1
2022-06-26 17:24:00,INT-CA-32OZ,4
2022-06-26 16:41:00,INT-BA-32OZ,4
2022-06-26 08:16:00,INT-LS-1GAL,1
2022-06-26 17:07:00,CHL-CT-1LB,1
2022-06-26 16:31:00,AQU-BA-32OZ,1
2022-06-26 10:57:00,INT-LS-1GAL,2
2022-06-26 15:18:00,CHL-CT-21LB,1
2022-06-26 10:02:00,INT-CT-25LB,3
2022-06-26 12:38:00,BIO-MA-32OZ,1
2022-06-26 13:27:00,CHL-CT-1LB,1
2022-06-26 09:43:00,AQU-CT-11LB,2
2022-06-26 10:53:00,CHL-CT-1LB,1
2022-06-26 09:12:00,AQU-PD-5LB,2
2022-06-26 15:31:00,INT-BA-32OZ,1
2022-06-26 11:00:00,CHL-PS-17LB,1
2022-06-26 14:49:00,INT-CT-25LB,1
2022-06-26 18:57:00,BIO-MA-32OZ,4
2022-06-26 10:49:00,CHL-CT-1LB,1
2022-06-26 14:02:00,INT-CA-32OZ,3
2022-06-26 12:11:00,AQU-BA-32OZ,1
2022-06-26 11:21:00,CHL-PS-17LB,2
2022-06-26 18:37:00,INT-BA-32OZ,1
2022-06-26 15:14:00,CHL-CT-21LB,2
2022-06-26 15:51:00,AQU-PS-25LB,3
2022-06-26 09:06:00,CHL-PS-1LB,2
2022-06-26 10:08:00,INT-CT-25LB,1
2022-06-26 10:47:00,INT-CA-32OZ,2
2022-06-26 17:36:00,AQU-PD-5LB,1
2022-06-26 08:28:00,INT-BA-32OZ,1
2022-06-26 15:23:00,CHL-CT-21LB,3
2022-06-26 14:01:00,CHL-PS-1LB,1
2022-06-26 16:57:00,CHL-CT-21LB,1
2022-06-27 18:34:00,AQU-CT-11LB,2
2022-06-27 09:26:00,AQU-CT-11LB,1
2022-06-27 15:02:00,CHL-PS-1LB,1
2022-06-27 12:27:00,AQU-PS-5LB,1
2022-06-27 16:44:00,AQU-CT-11LB,1
2022-06-27 14:04:00,AQU-CT-11LB,1
2022-06-27 09:05:00,BIO-PD-2LB,1
2022-06-27 12:56:00,AQU-BA-32OZ,1
2022-06-27 18:22:00,INT-CT-25LB,1
2022-06-27 15:25:00,HTH-S-5LB,1
2022-06-27 16:58:00,INT-CT-25LB,4
2022-06-27 11:58:00,AQU-BA-32OZ,1
2022-06-27 10:07:00,AQU-CHI-11LB,2
2022-06-27 08:10:00,CHL-PS-17LB,1
2022-06-27 09:36:00,INT-LS-1GAL,1
2022-06-27 10:42:00,INT-CA-32OZ,1
2022-06-27 11:28:00,CHL-PS-1LB,3
2022-06-27 18:34:00,INT-LS-1GAL,4
2022-06-27 13:35:00,INT-MA-1GAL,3
2022-06-27 12:30:00,BIO-MA-32OZ,1
2022-06-27 09:50:00,CHL-CT-21LB,1
2022-06-27 18:11:00,AQU-PS-25LB,1
2022-06-27 17:26:00,CHL-PS-1LB,4
2022-06-27 09:35:00,CHL-PU-2LB,1
2022-06-27 08:14:00,CHL-CT-21LB,1
2022-06-27 11:09:00,AQU-BA-32OZ,1
2022-06-27 12:08:00,AQU-PS-25LB,1
2022-06-27 14:00:00,AQU-CT-11LB,4
2022-06-27 13:03:00,CHL-PS-17LB,1
2022-06-27 16:50:00,AQU-BA-32OZ,3
2022-06-27 08:07:00,AQU-BA-32OZ,1
2022-06-27 16:42:00,INT-BA-32OZ,1
2022-06-27 12:37:00,CHL-PS-1LB,1
2022-06-27 16:00:00,CHL-PS-1LB,1
2022-06-27 12:56:00,AQU-PD-5LB,1
2022-06-27 10:20:00,INT-MA-1GAL,1
2022-06-27 11:55:00,INT-LS-1GAL,1
2022-06-27 15:51:00,INT-CA-32OZ,1
2022-06-27 11:12:00,AQU-BA-32OZ,1
2022-06-27 18:30:00,BIO-PU-5LB,1
2022-06-27 15:30:00,AQU-BA-32OZ,1
2022-06-27 11:06:00,BIO-MA-32OZ,1
2022-06-27 10:24:00,CHL-PS-17LB,3
2022-06-27 16:40:00,AQU-PS-25LB,1
2022-06-27 18:34:00,BIO-MA-32OZ,1
2022-06-27 09:09:00,AQU-PS-25LB,1
2022-06-27 18:08:00,BIO-MA-32OZ,1
2022-06-27 16:09:00,CHL-CT-21LB,2
2022-06-27 09:30:00,AQU-BA-32OZ,3
2022-06-27 16:04:00,BIO-MA-32OZ,1
2022-06-27 17:10:00,AQU-CT-11LB,1
2022-06-27 11:40:00,INT-CA-32OZ,4
2022-06-27 14:53:00,INT-CA-32OZ,1
2022-06-27 18:23:00,CHL-CT-21LB,1
2022-06-27 11:52:00,INT-BA-32OZ,2
2022-06-27 12:26:00,CHL-CT-21LB,1
2022-06-27 08:48:00,INT-MA-1GAL,1
2022-06-27 14:02:00,AQU-PS-25LB,1
2022-06-27 13:49:00,BIO-PU-5LB,3
2022-06-27 14:01:00,CHL-CT-1LB,1
2022-06-27 11:42:00,CHL-PS-1LB,1
2022-06-27 13:25:00,INT-CT-25LB,1
2022-06-27 15:38:00,INT-BA-32OZ,2
2022-06-27 11:47:00,CHL-PS-1LB,1
2022-06-28 15:39:00,CHL-CT-1LB,1
2022-06-28 16:56:00,AQU-PS-5LB,1
2022-06-28 14:41:00,BIO-MA-32OZ,2
2022-06-28 18:10:00,BIO-MA-32OZ,1
2022-06-28 11:38:00,INT-CA-32OZ,1
2022-06-28 16:18:00,CHL-CHI-20LB,1
2022-06-28 15:49:00,AQU-PS-25LB,1
2022-06-28 09:27:00,HTH-AI-11LB,4
2022-06-28 17:01:00,BIO-MA-32OZ,1
2022-06-28 14:04:00,CHL-CT-21LB,4
2022-06-28 16:05:00,INT-BA-32OZ,3
2022-06-28 10:49:00,INT-LS-1GAL,1
2022-06-28 18:02:00,AQU-BA-32OZ,1
2022-06-28 13:17:00,INT-MA-1GAL,1
2022-06-28 14:17:00,BIO-PD-2LB,1
2022-06-28 15:41:00,INT-CA-32OZ,1
2022-06-28 13:19:00,INT-CT-25LB,1
2022-06-28 16:38:00,HTH-S-5LB,1
2022-06-28 13:58:00,AQU-PS-25LB,3
2022-06-28 12:54:00,INT-LS-1GAL,1
2022-06-28 15:32:00,AQU-PS-5LB,3
2022-06-28 15:24:00,INT-LS-1GAL,1
2022-06-28 17:44:00,BIO-PU-5LB,2
2022-06-28 16:59:00,CHL-PS-17LB,2
2022-06-28 18:38:00,AQU-BA-32OZ,1
2022-06-28 17:42:00,BIO-MA-32OZ,1
2022-06-28 17:08:00,INT-BA-32OZ,1
2022-06-28 15:21:00,INT-BA-32OZ,1
2022-06-28 09:44:00,INT-CA-32OZ,1
2022-06-28 15:21:00,AQU-CT-11LB,1
2022-06-28 16:33:00,BIO-MA-32OZ,1
2022-06-28 17:40:00,AQU-CT-11LB,1
2022-06-28 09:16:00,INT-CA-32OZ,1
2022-06-28 18:17:00,BIO-MA-32OZ,1
2022-06-28 12:55:00,CHL-PS-17LB,1
2022-06-28 12:38:00,INT-MA-1GAL,1
2022-06-28 16:14:00,CHL-PS-1LB,1
2022-06-28 13:59:00,INT-BA-32OZ,1
2022-06-28 13:58:00,BIO-MA-32OZ,1
2022-06-28 11:36:00,CHL-PS-17LB,1
2022-06-28 11:22:00,INT-CT-25LB,1
2022-06-28 12:12:00,AQU-PS-5LB,3
2022-06-28 13:33:00,INT-LS-1GAL,2
2022-06-28 18:26:00,CHL-CT-21LB,1
2022-06-28 12:16:00,AQU-BA-32OZ,2
2022-06-28 17:27:00,CHL-CT-1LB,1
2022-06-28 18:42:00,AQU-PS-25LB,1
2022-06-28 11:49:00,INT-LS-1GAL,2
2022-06-28 17:56:00,AQU-PS-25LB,1
2022-06-28 10:51:00,AQU-PS-25LB,1
2022-06-28 12:12:00,CHL-CT-21LB,1
2022-06-28 18:43:00,INT-CA-32OZ,1
2022-06-28 13:45:00,INT-CA-32OZ,1
2022-06-28 16:35:00,AQU-CHI-11LB,4
2022-06-28 13:13:00,AQU-BA-32OZ,2
2022-06-28 15:37:00,CHL-CT-1LB,2
2022-06-28 16:11:00,INT-MA-1GAL,1
2022-06-28 09:46:00,CHL-CT-21LB,1
2022-06-28 12:40:00,CHL-CT-21LB,1
2022-06-28 11:13:00,INT-CT-25LB,1
2022-06-28 17:50:00,CHL-S-1LB,1
2022-06-28 18:53:00,AQU-BA-32OZ,1
2022-06-28 13:11:00,AQU-CT-11LB,1
2022-06-28 18:51:00,AQU-PS-25LB,1
2022-06-28 15:23:00,INT-CT-25LB,1
2022-06-28 11:25:00,INT-BA-32OZ,1
2022-06-28 15:45:00,INT-LS-1GAL,1
2022-06-28 12:59:00,AQU-PS-5LB,1
2022-06-28 17:29:00,CHL-PS-1LB,1
2022-06-28 16:21:00,AQU-PS-25LB,1
2022-06-29 17:04:00,CHL-PS-1LB,1
2022-06-29 12:07:00,AQU-BA-32OZ,2
2022-06-29 14:52:00,INT-LS-1GAL,3
2022-06-29 16:25:00,INT-LS-1GAL,1
2022-06-29 08:04:00,CHL-CHI-20LB,3
2022-06-29 11:51:00,AQU-CT-11LB,1
2022-06-29 12:59:00,INT-BA-32OZ,1
2022-06-29 15:29:00,CHL-PS-17LB,1
2022-06-29 16:37:00,AQU-BA-32OZ,1
2022-06-29 12:32:00,BIO-MA-32OZ,1
2022-06-29 17:26:00,AQU-CT-11LB,1
2022-06-29 11:17:00,INT-BA-32OZ,1
2022-06-29 08:27:00,CHL-CT-1LB,1
2022-06-29 18:31:00,CHL-PS-1LB,1
2022-06-29 17:06:00,INT-BA-32OZ,1
2022-06-29 15:27:00,CHL-PS-17LB,1
2022-06-29 14:20:00,AQU-BA-32OZ,1
2022-06-29 09:08:00,INT-BA-32OZ,1
2022-06-29 10:07:00,CHL-PS-1LB,1
2022-06-29 13:48:00,AQU-CT-11LB,2
2022-06-29 08:02:00,INT-LS-1GAL,1
2022-06-29 09:17:00,CHL-CT-1LB,1
2022-06-29 09:35:00,CHL-CT-21LB,2
2022-06-29 16:17:00,BIO-MA-32OZ,2
2022-06-29 10:50:00,INT-LS-1GAL,2
2022-06-29 09:59:00,AQU-PS-25LB,2
2022-06-29 18:27:00,INT-MA-1GAL,1
2022-06-29 11:02:00,AQU-CT-11LB,1
2022-06-29 18:36:00,INT-BA-32OZ,1
2022-06-29 08:00:00,HTH-AI-11LB,1
2022-06-29 09:21:00,CHL-PS-17LB,1
2022-06-29 17:46:00,BIO-MA-32OZ,1
2022-06-29 12:18:00,CHL-PS-17LB,1
2022-06-29 14:15:00,INT-CT-25LB,1
2022-06-29 11:14:00,CHL-CT-1LB,2
2022-06-29 17:38:00,HTH-AI-11LB,1
2022-06-29 17:48:00,INT-BA-32OZ,3
2022-06-29 12:59:00,INT-BA-32OZ,1
2022-06-29 16:22:00,AQU-PS-25LB,1
2022-06-29 11:09:00,CHL-CT-21LB,2
2022-06-29 08:35:00,HTH-F-2LB,1
2022-06-29 17:20:00,CHL-PS-1LB,1
2022-06-29 11:10:00,INT-CA-32OZ,1
2022-06-29 14:13:00,INT-CT-25LB,1
2022-06-29 16:39:00,AQU-CT-11LB,1
2022-06-29 08:10:00,AQU-BA-32OZ,1
2022-06-29 09:36:00,INT-MA-1GAL,1
2022-06-29 17:17:00,AQU-PS-5LB,1
2022-06-29 15:07:00,AQU-CHI-11LB,2
2022-06-29 09:15:00,CHL-PS-1LB,2
2022-06-29 14:14:00,CHL-CT-1LB,1
2022-06-29 11:29:00,CHL-PS-17LB,2
2022-06-29 17:10:00,CHL-PS-1LB,1
2022-06-29 10:58:00,INT-LS-1GAL,1
2022-06-29 11:17:00,CHL-CT-21LB,1
2022-06-29 09:00:00,INT-LS-1GAL,3
2022-06-29 11:42:00,INT-LS-1GAL,1
2022-06-29 12:27:00,AQU-CT-11LB,1
2022-06-29 17:55:00,BIO-MA-32OZ,1
2022-06-29 17:54:00,AQU-BA-32OZ,2
2022-06-29 14:28:00,INT-CA-32OZ,1
2022-06-29 11:14:00,CHL-PS-1LB,1
2022-06-29 09:54:00,AQU-BA-32OZ,1
2022-06-29 09:26:00,AQU-PS-25LB,1
2022-06-29 15:28:00,INT-BA-32OZ,2
2022-06-29 10:47:00,CHL-PS-17LB,1
2022-06-30 17:48:00,CHL-CT-1LB,1
2022-06-30 14:01:00,INT-CA-32OZ,2
2022-06-30 16:48:00,INT-CT-25LB,1
2022-06-30 12:13:00,INT-BA-32OZ,4
2022-06-30 18:31:00,AQU-BA-32OZ,3
2022-06-30 14:50:00,INT-LS-1GAL,2
2022-06-30 16:21:00,AQU-BA-32OZ,1
2022-06-30 13:01:00,AQU-PS-25LB,4
2022-06-30 15:32:00,AQU-CT-11LB,1
2022-06-30 17:24:00,AQU-PS-5LB,1
2022-06-30 15:38:00,AQU-CT-11LB,1
2022-06-30 11:23:00,INT-CA-32OZ,2
2022-06-30 10:45:00,INT-CA-32OZ,1
2022-06-30 09:38:00,INT-BA-32OZ,1
2022-06-30 18:24:00,INT-LS-1GAL,1
2022-06-30 10:50:00,BIO-MA-32OZ,1
2022-06-30 14:13:00,CHL-PS-1LB,1
2022-06-30 11:20:00,CHL-CT-21LB,3
2022-06-30 13:25:00,INT-MA-1GAL,1
2022-06-30 12:15:00,CHL-PS-17LB,1
2022-06-30 12:57:00,BIO-MA-32OZ,1
2022-06-30 11:24:00,AQU-PS-5LB,1
2022-06-30 17:56:00,AQU-PS-25LB,1
2022-06-30 15:01:00,CHL-CT-1LB,1
2022-06-30 18:59:00,CHL-CT-21LB,4
2022-06-30 17:15:00,AQU-PS-5LB,1
2022-06-30 18:44:00,AQU-PD-5LB,3
2022-06-30 09:28:00,CHL-CT-1LB,1
2022-06-30 08:24:00,AQU-PS-5LB,2
2022-06-30 17:22:00,HTH-AI-11LB,1
2022-06-30 13:24:00,CHL-CT-21LB,1
2022-06-30 08:31:00,INT-CT-25LB,1
2022-06-30 14:46:00,INT-BA-32OZ,1
2022-06-30 15:58:00,CHL-CT-21LB,1
2022-06-30 14:05:00,CHL-PS-17LB,1
2022-06-30 14:16:00,AQU-PS-25LB,2
2022-06-30 13:14:00,INT-CT-25LB,2
2022-06-30 12:23:00,INT-LS-1GAL,3
2022-06-30 12:30:00,INT-CA-32OZ,1
2022-06-30 10:10:00,AQU-PS-5LB,1
2022-06-30 11:54:00,INT-MA-1GAL,1
2022-06-30 17:41:00,INT-LS-1GAL,1
2022-06-30 16:38:00,BIO-MA-32OZ,1
2022-06-30 16:51:00,INT-LS-1GAL,1
2022-06-30 11:54:00,AQU-CT-11LB,1
2022-06-30 08:24:00,CHL-CT-21LB,2
2022-06-30 13:03:00,BIO-MA-32OZ,2
2022-06-30 11:05:00,AQU-PS-5LB,2
2022-07-01 10:05:00,AQU-CHI-11LB,1
2022-07-01 17:44:00,INT-CT-25LB,2
2022-07-01 16:03:00,AQU-PS-25LB,1
2022-07-01 12:05:00,INT-CA-32OZ,1
2022-07-01 16:59:00,AQU-PS-5LB,1
2022-07-01 12:28:00,CHL-CT-1LB,4
2022-07-01 10:18:00,INT-BA-32OZ,1
2022-07-01 10:54:00,INT-AI-5LB,3
2022-07-01 14:17:00,CHL-CT-21LB,3
2022-07-01 10:14:00,CHL-CT-1LB,1
2022-07-01 14:19:00,AQU-PS-25LB,1
2022-07-01 10:33:00,CHL-CT-21LB,1
2022-07-01 09:14:00,INT-BA-32OZ,1
2022-07-01 09:39:00,CHL-PS-1LB,1
2022-07-01 08:36:00,CHL-PS-17LB,1
2022-07-01 18:50:00,CHL-CT-21LB,1
2022-07-01 10:18:00,INT-LS-1GAL,1
2022-07-01 16:30:00,BIO-MA-32OZ,4
2022-07-01 14:57:00,BIO-MA-32OZ,1
2022-07-01 10:15:00,CHL-PS-17LB,1
2022-07-01 08:51:00,INT-MA-1GAL,1
2022-07-01 11:38:00,AQU-PS-25LB,1
2022-07-01 09:04:00,INT-CA-32OZ,1
2022-07-01 09:17:00,CHL-PS-1LB,3
2022-07-01 10:34:00,CHL-CT-21LB,1
2022-07-01 09:49:00,INT-LS-1GAL,1
2022-07-01 15:35:00,AQU-CT-11LB,1
2022-07-01 13:46:00,CHL-CT-21LB,2
2022-07-01 10:09:00,INT-BA-32OZ,1
2022-07-01 16:59:00,CHL-CT-21LB,2
2022-07-01 10:15:00,CHL-PS-1LB,1
2022-07-01 08:20:00,CHL-CT-21LB,1
2022-07-01 10:49:00,AQU-PS-25LB,2
2022-07-01 12:32:00,INT-BA-32OZ,3
2022-07-01 08:32:00,CHL-PS-17LB,2
2022-07-01 16:57:00,AQU-PS-5LB,1
2022-07-01 08:25:00,CHL-CT-21LB,1
2022-07-01 10:10:00,BIO-MA-32OZ,1
2022-07-01 08:30:00,CHL-CT-21LB,1
2022-07-01 10:54:00,INT-CA-32OZ,1
2022-07-01 10:15:00,BIO-MA-32OZ,2
2022-07-01 17:53:00,BIO-MA-32OZ,1
2022-07-01 13:36:00,INT-CT-25LB,1
2022-07-01 12:29:00,AQU-BA-32OZ,2
2022-07-01 11:29:00,CHL-CT-21LB,2
2022-07-01 10:45:00,AQU-PS-5LB,1
2022-07-01 09:45:00,INT-LS-1GAL,4
2022-07-01 11:10:00,AQU-BA-32OZ,2
2022-07-01 18:38:00,AQU-PD-5LB,1
2022-07-01 08:04:00,AQU-BA-32OZ,1
2022-07-01 14:08:00,INT-CA-32OZ,2
2022-07-01 08:18:00,CHL-PS-1LB,1
2022-07-01 15:33:00,CHL-PS-1LB,4
2022-07-01 15:43:00,AQU-PS-5LB,1
2022-07-01 14:35:00,BIO-MA-32OZ,1
2022-07-01 16:46:00,AQU-CT-11LB,1
2022-07-02 16:29:00,CHL-PS-17LB,2
2022-07-02 18:33:00,INT-LS-1GAL,1
2022-07-02 13:50:00,CHL-CT-21LB,1
2022-07-02 17:36:00,BIO-PU-5LB,3
2022-07-02 14:48:00,AQU-CT-11LB,1
2022-07-02 12:33:00,INT-LS-1GAL,1
2022-07-02 14:10:00,CHL-CT-21LB,2
2022-07-02 16:54:00,INT-LS-1GAL,1
2022-07-02 15:08:00,AQU-CT-11LB,1
2022-07-02 08:13:00,INT-BA-32OZ,1
2022-07-02 09:38:00,CHL-CT-21LB,1
2022-07-02 13:53:00,AQU-BA-32OZ,1
2022-07-02 12:07:00,AQU-BA-32OZ,1
2022-07-02 17:57:00,AQU-BA-32OZ,2
2022-07-02 14:24:00,AQU-PS-5LB,2
2022-07-02 14:19:00,INT-BA-32OZ,1
2022-07-02 13:01:00,AQU-PS-5LB,1
2022-07-02 13:31:00,INT-BA-32OZ,2
2022-07-02 11:48:00,INT-CA-32OZ,1
2022-07-02 08:13:00,INT-CA-32OZ,1
2022-07-02 14:49:00,AQU-PS-25LB,3
2022-07-02 18:48:00,CHL-PS-1LB,1
2022-07-02 10:28:00,INT-CA-32OZ,1
2022-07-02 17:50:00,CHL-PS-1LB,1
2022-07-02 10:41:00,INT-BA-32OZ,4
2022-07-02 12:25:00,CHL-CT-21LB,1
2022-07-02 11:09:00,INT-LS-1GAL,1
2022-07-02 08:57:00,CHL-PS-1LB,1
2022-07-02 11:57:00,AQU-CT-11LB,1
2022-07-02 15:16:00,AQU-PS-5LB,2
2022-07-02 15:25:00,AQU-BA-32OZ,3
2022-07-02 15:45:00,INT-CT-25LB,1
2022-07-02 15:23:00,INT-CA-32OZ,1
2022-07-02 11:29:00,INT-BA-32OZ,2
2022-07-02 10:26:00,INT-CA-32OZ,4
2022-07-02 08:15:00,INT-CA-32OZ,1
2022-07-02 10:57:00,AQU-PS-25LB,3
2022-07-02 18:59:00,CHL-PS-17LB,3
2022-07-02 09:18:00,INT-LS-1GAL,1
2022-07-02 13:03:00,BIO-MA-32OZ,1
2022-07-02 13:29:00,BIO-MA-32OZ,1
2022-07-02 14:56:00,AQU-BA-32OZ,1
2022-07-02 18:55:00,INT-BA-32OZ,1
2022-07-02 14:04:00,CHL-PS-1LB,2
2022-07-02 17:18:00,CHL-PS-17LB,1
2022-07-02 13:52:00,INT-CT-25LB,1
2022-07-02 16:35:00,CHL-PS-17LB,1
2022-07-03 15:04:00,INT-CT-25LB,1
2022-07-03 13:21:00,INT-CT-25LB,3
2022-07-03 11:19:00,CHL-PS-1LB,2
2022-07-03 16:10:00,CHL-CT-1LB,1
2022-07-03 08:06:00,CHL-PS-17LB,3
2022-07-03 10:47:00,AQU-PS-5LB,3
2022-07-03 16:17:00,CHL-CT-21LB,1
2022-07-03 08:01:00,AQU-CT-11LB,2
2022-07-03 16:13:00,INT-CA-32OZ,1
2022-07-03 18:33:00,AQU-BA-32OZ,1
2022-07-03 13:01:00,AQU-BA-32OZ,2
2022-07-03 15:25:00,INT-CA-32OZ,2
2022-07-03 13:51:00,CHL-CT-21LB,1
2022-07-03 17:29:00,CHL-CT-21LB,1
2022-07-03 13:39:00,INT-CT-25LB,1
2022-07-03 13:18:00,AQU-CT-11LB,1
2022-07-03 13:03:00,AQU-PS-5LB,1
2022-07-03 16:37:00,AQU-BA-32OZ,1
2022-07-03 09:56:00,INT-CA-32OZ,1
2022-07-03 15:48:00,AQU-CT-11LB,1
2022-07-03 15:27:00,AQU-PS-5LB,1
2022-07-03 16:02:00,INT-CT-25LB,1
2022-07-03 18:49:00,AQU-CT-11LB,3
2022-07-03 16:46:00,CHL-PS-17LB,1
2022-07-03 17:32:00,INT-BA-32OZ,1
2022-07-03 09:09:00,INT-AI-25LB,1
2022-07-03 14:21:00,AQU-CT-11LB,1
2022-07-03 18:45:00,INT-CT-25LB,1
2022-07-03 15:46:00,AQU-PD-5LB,1
2022-07-03 18:17:00,CHL-PS-17LB,1
2022-07-03 10:09:00,AQU-PS-5LB,1
2022-07-03 11:05:00,INT-CT-25LB,1
2022-07-03 17:24:00,INT-CT-25LB,1
2022-07-03 12:25:00,INT-CT-25LB,1
2022-07-03 11:02:00,INT-CT-25LB,1
2022-07-03 08:19:00,INT-BA-32OZ,3
2022-07-03 08:08:00,AQU-BA-32OZ,4
2022-07-03 11:26:00,HTH-AI-11LB,2
2022-07-03 17:12:00,INT-MA-1GAL,3
2022-07-03 14:51:00,INT-CA-32OZ,1
2022-07-03 10:27:00,CHL-PS-1LB,2
2022-07-03 16:36:00,AQU-CT-11LB,2
2022-07-03 12:58:00,INT-LS-1GAL,1
2022-07-03 11:00:00,INT-BA-32OZ,3
2022-07-04 10:54:00,AQU-PS-5LB,3
2022-07-04 08:16:00,BIO-MA-32OZ,1
2022-07-04 15:50:00,CHL-CT-1LB,1
2022-07-04 09:14:00,CHL-PS-1LB,1
2022-07-04 15:58:00,AQU-PS-5LB,1
2022-07-04 10:59:00,AQU-BA-32OZ,1
2022-07-04 18:31:00,INT-CT-25LB,1
2022-07-04 09:05:00,BIO-MA-32OZ,3
2022-07-04 18:29:00,CHL-CT-21LB,3
2022-07-04 13:39:00,BIO-MA-32OZ,2
2022-07-04 13:54:00,INT-CA-32OZ,1
2022-07-04 15:16:00,AQU-PS-25LB,1
2022-07-04 17:35:00,CHL-PS-1LB,1
2022-07-04 16:56:00,AQU-BA-32OZ,1
2022-07-04 13:40:00,INT-AI-5LB,1
2022-07-04 18:20:00,AQU-PS-25LB,1
2022-07-04 16:09:00,AQU-PS-25LB,4
2022-07-04 18:43:00,AQU-BA-32OZ,1
2022-07-04 17:33:00,INT-MA-1GAL,2
2022-07-04 18:17:00,AQU-PS-5LB,1
2022-07-04 17:49:00,INT-BA-32OZ,1
2022-07-04 11:14:00,INT-CA-32OZ,1
2022-07-04 08:27:00,AQU-CT-11LB,1
2022-07-04 15:17:00,INT-AI-5LB,2
2022-07-04 13:32:00,CHL-PS-17LB,1
2022-07-04 12:31:00,CHL-PS-17LB,2
2022-07-04 14:03:00,CHL-PS-1LB,2
2022-07-04 17:19:00,INT-MA-1GAL,1
2022-07-04 12:06:00,AQU-PS-25LB,1
2022-07-04 10:35:00,AQU-CT-11LB,1
2022-07-04 11:54:00,INT-BA-32OZ,1
2022-07-04 11:56:00,INT-LS-1GAL,3
2022-07-04 11:29:00,AQU-PS-5LB,1
2022-07-04 10:59:00,BIO-MA-32OZ,1
2022-07-04 09:44:00,INT-CA-32OZ,2
2022-07-04 16:32:00,INT-BA-32OZ,1
2022-07-04 13:26:00,CHL-PS-17LB,1
2022-07-04 14:26:00,AQU-PS-25LB,4
2022-07-04 17:21:00,INT-BA-32OZ,1
2022-07-04 12:05:00,AQU-PD-5LB,2
2022-07-04 11:10:00,INT-LS-1GAL,1
2022-07-04 17:30:00,CHL-PS-17LB,4
2022-07-04 18:04:00,CHL-CT-21LB,3
2022-07-04 13:59:00,INT-LS-1GAL,3
2022-07-04 08:27:00,CHL-PS-1LB,4
2022-07-04 14:52:00,AQU-BA-32OZ,1
2022-07-04 14:09:00,BIO-MA-32OZ,2
2022-07-04 14:30:00,AQU-BA-32OZ,1
2022-07-05 13:23:00,BIO-MA-32OZ,1
2022-07-05 09:19:00,AQU-BA-32OZ,1
2022-07-05 11:31:00,BIO-MA-32OZ,1
2022-07-05 15:59:00,INT-LS-1GAL,1
2022-07-05 14:37:00,AQU-CT-11LB,1
2022-07-05 11:25:00,CHL-CT-21LB,1
2022-07-05 14:54:00,CHL-PS-17LB,2
2022-07-05 11:18:00,CHL-CT-1LB,1
2022-07-05 11:39:00,INT-BA-32OZ,3
2022-07-05 10:21:00,INT-CA-32OZ,1
2022-07-05 10:38:00,BIO-MA-32OZ,4
2022-07-05 13:37:00,AQU-CT-11LB,4
2022-07-05 14:54:00,CHL-CT-21LB,1
2022-07-05 09:06:00,INT-LS-1GAL,1
2022-07-05 09:05:00,AQU-PS-25LB,1
2022-07-05 08:09:00,CHL-PS-1LB,1
2022-07-05 16:27:00,CHL-CT-1LB,1
2022-07-05 15:57:00,INT-LS-1GAL,4
2022-07-05 09:59:00,INT-LS-1GAL,1
2022-07-05 18:09:00,AQU-PS-5LB,1
2022-07-05 08:00:00,CHL-PS-1LB,1
2022-07-05 15:11:00,INT-CA-32OZ,1
2022-07-05 08:08:00,CHL-CT-1LB,1
2022-07-05 12:53:00,BIO-MA-32OZ,2
2022-07-05 13:43:00,CHL-PS-1LB,1
2022-07-05 18:58:00,INT-MA-1GAL,1
2022-07-05 13:42:00,CHL-CT-21LB,1
2022-07-05 17:05:00,INT-CT-25LB,4
2022-07-05 08:10:00,HTH-F-2LB,2
2022-07-05 12:21:00,CHL-CT-1LB,1
2022-07-05 09:02:00,CHL-CT-1LB,4
2022-07-05 17:05:00,INT-CA-32OZ,1
2022-07-05 08:39:00,CHL-PS-1LB,1
2022-07-05 08:52:00,INT-CHI-7LB,1
2022-07-05 11:50:00,CHL-PS-17LB,1
2022-07-05 10:57:00,CHL-CT-1LB,3
2022-07-05 14:52:00,HTH-F-2LB,3
2022-07-05 15:06:00,INT-CA-32OZ,1
2022-07-05 12:37:00,INT-CT-25LB,1
2022-07-05 12:39:00,INT-CA-32OZ,1
2022-07-05 16:04:00,INT-BA-32OZ,1
2022-07-05 17:18:00,AQU-PS-25LB,2
2022-07-05 10:04:00,AQU-BA-32OZ,1
2022-07-05 15:38:00,CHL-PS-1LB,3
2022-07-05 12:10:00,INT-BA-32OZ,1
2022-07-05 18:49:00,INT-CT-25LB,1
2022-07-05 16:06:00,AQU-CT-11LB,3
2022-07-05 15:38:00,CHL-PS-17LB,1
2022-07-05 11:44:00,CHL-PS-1LB,1
2022-07-06 14:54:00,CHL-PS-17LB,1
2022-07-06 13:42:00,CHL-PS-1LB,1
2022-07-06 10:44:00,INT-LS-1GAL,1
2022-07-06 15:51:00,INT-CT-25LB,1
2022-07-06 15:22:00,AQU-PS-5LB,1
2022-07-06 16:19:00,HTH-F-2LB,3
2022-07-06 12:41:00,CHL-PS-1LB,2
2022-07-06 14:26:00,CHL-CT-1LB,1
2022-07-06 11:50:00,INT-LS-1GAL,1
2022-07-06 12:42:00,CHL-CT-21LB,1
2022-07-06 13:13:00,INT-CA-32OZ,1
2022-07-06 11:29:00,INT-LS-1GAL,1
2022-07-06 10:45:00,CHL-CT-1LB,4
2022-07-06 10:02:00,BIO-MA-32OZ,4
2022-07-06 09:03:00,INT-BA-32OZ,1
2022-07-06 17:56:00,CHL-CT-1LB,1
2022-07-06 09:09:00,CHL-CT-1LB,2
2022-07-06 09:28:00,AQU-CT-11LB,1
2022-07-06 10:09:00,BIO-MA-32OZ,3
2022-07-06 09:18:00,CHL-CT-1LB,1
2022-07-06 13:44:00,CHL-PS-1LB,1
2022-07-06 13:37:00,CHL-PS-1LB,1
2022-07-06 11:45:00,INT-CT-25LB,1
2022-07-06 15:27:00,INT-CA-32OZ,3
2022-07-06 14:07:00,AQU-PS-5LB,2
2022-07-06 18:42:00,CHL-CT-21LB,1
2022-07-06 18:35:00,INT-BA-32OZ,1
2022-07-06 17:19:00,CHL-CT-21LB,3
2022-07-06 11:57:00,CHL-CT-21LB,4
2022-07-06 15:41:00,CHL-CT-21LB,1
2022-07-06 08:23:00,AQU-CT-11LB,1
2022-07-06 10:25:00,INT-CT-25LB,1
2022-07-06 11:22:00,AQU-CT-11LB,1
2022-07-06 09:03:00,AQU-CT-11LB,1
2022-07-06 08:53:00,INT-BA-32OZ,2
2022-07-06 12:24:00,CHL-S-1LB,1
2022-07-07 15:29:00,BIO-PU-5LB,1
2022-07-07 18:25:00,CHL-PS-17LB,1
2022-07-07 13:28:00,INT-BA-32OZ,2
2022-07-07 10:52:00,AQU-BA-32OZ,1
2022-07-07 13:47:00,INT-MA-1GAL,1
2022-07-07 14:42:00,INT-CHI-7LB,3
2022-07-07 13:58:00,INT-BA-32OZ,2
2022-07-07 17:55:00,AQU-PS-5LB,1
2022-07-07 10:00:00,AQU-PS-5LB,1
2022-07-07 10:16:00,CHL-CT-21LB,1
2022-07-07 14:05:00,AQU-BA-32OZ,1
2022-07-07 15:56:00,INT-BA-32OZ,1
2022-07-07 13:09:00,INT-LS-1GAL,1
2022-07-07 08:56:00,INT-LS-1GAL,2
2022-07-07 10:15:00,INT-CT-25LB,1
2022-07-07 16:38:00,BIO-MA-32OZ,1
2022-07-07 15:17:00,INT-BA-32OZ,1
2022-07-07 11:46:00,INT-CA-32OZ,3
2022-07-07 10:26:00,INT-CA-32OZ,1
2022-07-07 08:49:00,CHL-PS-17LB,2
2022-07-07 08:40:00,AQU-CT-11LB,1
2022-07-07 13:45:00,INT-CA-32OZ,1
2022-07-07 13:51:00,CHL-PS-1LB,3
2022-07-07 17:23:00,AQU-CT-11LB,1
2022-07-07 13:00:00,INT-CA-32OZ,3
2022-07-07 09:30:00,CHL-PS-1LB,1
2022-07-07 16:12:00,INT-CA-32OZ,1
2022-07-07 11:09:00,AQU-CT-11LB,1
2022-07-07 13:43:00,INT-CA-32OZ,2
2022-07-07 18:54:00,AQU-PS-5LB,2
2022-07-07 16:17:00,INT-CA-32OZ,1
2022-07-07 16:25:00,INT-BA-32OZ,1
2022-07-07 16:37:00,AQU-PD-5LB,1
2022-07-07 17:59:00,INT-CT-25LB,1
2022-07-07 17:12:00,CHL-CT-21LB,3
2022-07-07 14:49:00,INT-CT-25LB,3
2022-07-07 08:29:00,INT-CT-25LB,1
2022-07-07 17:35:00,AQU-BA-32OZ,1
2022-07-07 12:34:00,INT-BA-32OZ,4
2022-07-07 15:02:00,AQU-PS-5LB,1
2022-07-07 12:21:00,AQU-PS-25LB,1
2022-07-07 08:26:00,BIO-MA-32OZ,4
2022-07-07 17:40:00,AQU-CT-11LB,2
2022-07-07 09:30:00,CHL-PU-2LB,1
2022-07-07 14:59:00,AQU-PS-25LB,1
2022-07-07 15:58:00,INT-AI-5LB,4
2022-07-07 17:36:00,INT-BA-32OZ,3
2022-07-07 11:59:00,CHL-PS-17LB,1
2022-07-07 13:53:00,INT-MA-1GAL,1
2022-07-07 17:14:00,CHL-PS-17LB,1
2022-07-07 15:16:00,INT-CT-25LB,1
2022-07-07 12:57:00,INT-LS-1GAL,3
2022-07-07 18:54:00,AQU-BA-32OZ,1
2022-07-08 11:42:00,AQU-CT-11LB,2
2022-07-08 17:16:00,INT-BA-32OZ,1
2022-07-08 14:16:00,CHL-CT-1LB,1
2022-07-08 08:33:00,AQU-PS-25LB,1
2022-07-08 11:02:00,INT-BA-32OZ,2
2022-07-08 11:52:00,BIO-MA-32OZ,1
2022-07-08 15:15:00,INT-CA-32OZ,1
2022-07-08 14:00:00,AQU-CT-11LB,2
2022-07-08 14:03:00,INT-CT-25LB,1
2022-07-08 09:51:00,INT-BA-32OZ,3
2022-07-08 12:34:00,INT-CT-25LB,2
2022-07-08 16:26:00,INT-AI-25LB,2
2022-07-08 08:32:00,INT-CT-25LB,1
2022-07-08 18:50:00,CHL-CT-1LB,1
2022-07-08 12:49:00,BIO-MA-32OZ,1
2022-07-08 17:42:00,CHL-S-1LB,1
2022-07-08 08:31:00,INT-CA-32OZ,1
2022-07-08 17:13:00,AQU-CT-11LB,2
2022-07-08 16:42:00,INT-LS-1GAL,1
2022-07-08 16:18:00,CHL-CT-21LB,1
2022-07-08 09:54:00,BIO-MA-32OZ,4
2022-07-08 11:59:00,CHL-PS-1LB,1
2022-07-08 14:35:00,INT-BA-32OZ,4
2022-07-08 13:11:00,INT-MA-1GAL,2
2022-07-08 16:41:00,CHL-CT-21LB,1
2022-07-08 11:00:00,CHL-CT-1LB,1
2022-07-08 18:27:00,INT-CA-32OZ,1
2022-07-08 09:21:00,INT-CA-32OZ,1
2022-07-08 18:15:00,INT-CA-32OZ,1
2022-07-08 15:01:00,CHL-PS-17LB,1
2022-07-08 09:08:00,AQU-BA-32OZ,1
2022-07-08 12:10:00,BIO-MA-32OZ,1
2022-07-08 18:18:00,AQU-CT-11LB,3
2022-07-08 18:16:00,INT-CT-25LB,1
2022-07-08 14:10:00,INT-LS-1GAL,3
2022-07-08 14:13:00,AQU-CT-11LB,1
2022-07-08 10:23:00,AQU-CT-11LB,1
2022-07-08 09:48:00,AQU-PS-25LB,1
2022-07-08 12:19:00,INT-CA-32OZ,1
2022-07-08 16:44:00,BIO-MA-32OZ,3
2022-07-08 16:40:00,BIO-PU-5LB,1
2022-07-08 09:04:00,INT-LS-1GAL,3
2022-07-08 10:55:00,CHL-PS-17LB,1
2022-07-09 08:15:00,CHL-CT-1LB,1
2022-07-09 09:49:00,AQU-BA-32OZ,1
2022-07-09 12:11:00,AQU-BA-32OZ,1
2022-07-09 09:48:00,CHL-CT-21LB,1
2022-07-09 15:21:00,AQU-PS-25LB,1
2022-07-09 09:32:00,AQU-CT-11LB,3
2022-07-09 16:29:00,AQU-CT-11LB,1
2022-07-09 16:07:00,CHL-CT-1LB,2
2022-07-09 15:42:00,AQU-CT-11LB,1
2022-07-09 17:17:00,AQU-BA-32OZ,1
2022-07-09 09:22:00,INT-CT-25LB,1
2022-07-09 09:22:00,INT-CA-32OZ,1
2022-07-09 10:24:00,CHL-PS-1LB,2
2022-07-09 11:34:00,AQU-PS-5LB,2
2022-07-09 12:46:00,AQU-PS-5LB,1
2022-07-09 08:58:00,CHL-PS-1LB,1
2022-07-09 17:51:00,INT-BA-32OZ,1
2022-07-09 09:04:00,CHL-CT-1LB,3
2022-07-09 10:09:00,AQU-CT-11LB,2
2022-07-09 13:10:00,BIO-PD-2LB,4
2022-07-09 16:52:00,AQU-BA-32OZ,1
2022-07-09 16:12:00,HTH-S-5LB,2
2022-07-09 15:59:00,BIO-MA-32OZ,1
2022-07-09 18:22:00,INT-MA-1GAL,2
2022-07-09 08:21:00,INT-CA-32OZ,1
2022-07-09 14:50:00,AQU-PS-25LB,4
2022-07-09 14:06:00,CHL-CT-21LB,1
2022-07-09 16:49:00,BIO-MA-32OZ,1
2022-07-09 14:13:00,CHL-CT-1LB,1
2022-07-09 10:12:00,INT-LS-1GAL,1
2022-07-09 17:40:00,CHL-PS-17LB,1
2022-07-09 15:49:00,INT-BA-32OZ,3
2022-07-09 17:47:00,CHL-CT-21LB,1
2022-07-10 11:53:00,CHL-PS-17LB,2
2022-07-10 18:59:00,INT-AI-5LB,1
2022-07-10 15:35:00,INT-LS-1GAL,1
2022-07-10 15:24:00,BIO-MA-32OZ,1
2022-07-10 13:41:00,INT-CT-25LB,2
2022-07-10 13:12:00,CHL-S-1LB,1
2022-07-10 08:02:00,HTH-F-2LB,1
2022-07-10 15:12:00,INT-CA-32OZ,1
2022-07-10 08:36:00,AQU-CT-11LB,1
2022-07-10 13:01:00,CHL-CT-1LB,1
2022-07-10 18:59:00,AQU-CT-11LB,1
2022-07-10 13:41:00,CHL-PS-17LB,3
2022-07-10 13:26:00,AQU-PS-25LB,1
2022-07-10 08:20:00,CHL-PS-17LB,1
2022-07-10 15:05:00,INT-LS-1GAL,1
2022-07-10 10:53:00,AQU-PS-25LB,1
2022-07-10 09:38:00,BIO-MA-32OZ,1
2022-07-10 16:35:00,INT-LS-1GAL,1
2022-07-10 09:37:00,AQU-BA-32OZ,1
2022-07-10 10:30:00,AQU-PD-5LB,1
2022-07-10 15:35:00,INT-LS-1GAL,2
2022-07-10 16:46:00,AQU-BA-32OZ,1
2022-07-10 13:07:00,CHL-CT-1LB,1
2022-07-10 17:51:00,BIO-PU-5LB,1
2022-07-10 08:50:00,AQU-PS-25LB,1
2022-07-10 18:20:00,AQU-PS-25LB,1
2022-07-10 11:19:00,AQU-PS-25LB,1
2022-07-10 16:52:00,AQU-PS-5LB,1
2022-07-10 14:18:00,INT-CT-25LB,1
2022-07-10 08:54:00,CHL-PS-1LB,1
2022-07-10 09:03:00,AQU-PS-5LB,2
2022-07-10 12:42:00,INT-BA-32OZ,1
2022-07-10 10:44:00,CHL-CT-1LB,1
2022-07-10 12:52:00,INT-CT-25LB,1
2022-07-10 14:09:00,AQU-CT-11LB,1
2022-07-10 12:21:00,AQU-PS-5LB,2
2022-07-10 14:04:00,AQU-BA-32OZ,3
2022-07-10 16:23:00,CHL-PS-1LB,2
2022-07-10 09:31:00,INT-CA-32OZ,3
2022-07-10 12:47:00,AQU-PS-25LB,2
2022-07-10 12:26:00,CHL-PS-1LB,1
2022-07-10 08:01:00,INT-LS-1GAL,2
2022-07-10 12:20:00,AQU-BA-32OZ,1
2022-07-10 10:45:00,CHL-CT-21LB,1
2022-07-10 09:55:00,CHL-CT-1LB,1
2022-07-11 16:38:00,AQU-BA-32OZ,3
2022-07-11 17:54:00,BIO-MA-32OZ,1
2022-07-11 09:23:00,BIO-MA-32OZ,1
2022-07-11 09:06:00,BIO-PU-5LB,2
2022-07-11 12:49:00,BIO-MA-32OZ,1
2022-07-11 13:20:00,INT-CT-25LB,2
2022-07-11 09:11:00,AQU-BA-32OZ,1
2022-07-11 17:13:00,INT-MA-1GAL,1
2022-07-11 17:51:00,INT-CT-25LB,1
2022-07-11 09:14:00,AQU-PS-5LB,1
2022-07-11 08:17:00,BIO-MA-32OZ,1
2022-07-11 12:53:00,AQU-PS-5LB,2
2022-07-11 16:48:00,AQU-BA-32OZ,1
2022-07-11 16:58:00,CHL-PS-17LB,1
2022-07-11 09:51:00,INT-BA-32OZ,1
2022-07-11 16:59:00,INT-BA-32OZ,2
2022-07-11 17:55:00,AQU-CT-11LB,1
2022-07-11 16:19:00,INT-MA-1GAL,1
2022-07-11 16:42:00,INT-CT-25LB,3
2022-07-11 12:06:00,AQU-PD-5LB,1
2022-07-11 14:48:00,INT-LS-1GAL,4
2022-07-11 08:19:00,INT-BA-32OZ,1
2022-07-11 14:05:00,CHL-CT-21LB,1
2022-07-11 18:21:00,AQU-BA-32OZ,1
2022-07-11 12:47:00,BIO-MA-32OZ,2
2022-07-11 08:08:00,BIO-MA-32OZ,2
2022-07-11 09:06:00,AQU-BA-32OZ,1
2022-07-11 17:00:00,AQU-PS-5LB,2
2022-07-11 09:57:00,CHL-CT-21LB,1
2022-07-11 15:02:00,AQU-PS-5LB,1
2022-07-11 15:51:00,INT-CA-32OZ,2
2022-07-11 13:25:00,CHL-PS-17LB,2
2022-07-11 16:06:00,AQU-PS-25LB,2
2022-07-11 12:10:00,AQU-CT-11LB,2
2022-07-11 17:35:00,CHL-CT-1LB,1
2022-07-11 11:05:00,BIO-MA-32OZ,1
2022-07-11 13:10:00,HTH-AI-11LB,1
2022-07-11 10:41:00,AQU-CT-11LB,1
2022-07-11 17:44:00,AQU-PS-5LB,1
2022-07-12 18:51:00,INT-CHI-7LB,1
2022-07-12 08:30:00,INT-CA-32OZ,1
2022-07-12 11:46:00,INT-BA-32OZ,1
2022-07-12 10:10:00,AQU-CT-11LB,4
2022-07-12 18:32:00,CHL-PS-17LB,1
2022-07-12 11:26:00,INT-CT-25LB,1
2022-07-12 08:43:00,INT-CT-25LB,1
2022-07-12 16:56:00,CHL-PS-1LB,3
2022-07-12 12:36:00,BIO-MA-32OZ,1
2022-07-12 11:31:00,CHL-CT-1LB,2
2022-07-12 16:15:00,INT-AI-25LB,4
2022-07-12 08:27:00,AQU-BA-32OZ,1
2022-07-12 11:39:00,AQU-BA-32OZ,3
2022-07-12 18:24:00,CHL-CT-1LB,1
2022-07-12 11:52:00,AQU-CT-11LB,1
2022-07-12 16:18:00,AQU-PS-25LB,1
2022-07-12 13:08:00,CHL-PS-17LB,1
2022-07-12 14:37:00,INT-LS-1GAL,2
2022-07-12 14:58:00,AQU-PS-5LB,3
2022-07-12 17:18:00,AQU-BA-32OZ,3
2022-07-12 12:15:00,INT-CA-32OZ,1
2022-07-12 17:54:00,AQU-CT-11LB,1
2022-07-12 09:45:00,AQU-CHI-11LB,1
2022-07-12 14:16:00,INT-CT-25LB,2
2022-07-12 18:38:00,BIO-PU-5LB,2
2022-07-12 15:00:00,INT-BA-32OZ,1
2022-07-12 09:25:00,INT-CT-25LB,1
2022-07-12 17:12:00,AQU-BA-32OZ,1
2022-07-12 12:44:00,CHL-PS-1LB,3
2022-07-12 10:36:00,AQU-CT-11LB,3
2022-07-12 10:52:00,AQU-BA-32OZ,2
2022-07-12 18:37:00,CHL-PS-1LB,1
2022-07-12 09:42:00,AQU-BA-32OZ,3
2022-07-13 08:14:00,CHL-PS-17LB,4
2022-07-13 11:47:00,AQU-PS-25LB,1
2022-07-13 08:46:00,INT-BA-32OZ,1
2022-07-13 09:43:00,INT-MA-1GAL,1
2022-07-13 14:08:00,CHL-PS-1LB,1
2022-07-13 11:17:00,AQU-CT-11LB,1
2022-07-13 09:36:00,CHL-CT-21LB,1
2022-07-13 08:41:00,AQU-BA-32OZ,1
2022-07-13 11:45:00,HTH-AI-11LB,1
2022-07-13 09:53:00,CHL-PS-17LB,1
2022-07-13 08:26:00,CHL-CT-21LB,1
2022-07-13 09:21:00,INT-LS-1GAL,1
2022-07-13 11:28:00,INT-BA-32OZ,1
2022-07-13 10:09:00,AQU-PS-5LB,1
2022-07-13 18:50:00,BIO-MA-32OZ,1
2022-07-13 09:55:00,AQU-BA-32OZ,1
2022-07-13 13:20:00,INT-MA-1GAL,1
2022-07-13 14:24:00,CHL-CHI-20LB,1
2022-07-13 18:33:00,INT-CT-25LB,1
2022-07-13 18:17:00,CHL-PS-1LB,3
2022-07-13 15:42:00,INT-BA-32OZ,1
2022-07-14 18:09:00,CHL-PS-1LB,1
2022-07-14 11:24:00,INT-CT-25LB,1
2022-07-14 13:12:00,CHL-CT-21LB,1
2022-07-14 18:54:00,CHL-CT-21LB,1
2022-07-14 18:15:00,CHL-PS-1LB,1
2022-07-14 15:31:00,CHL-PS-1LB,3
2022-07-14 12:27:00,INT-CA-32OZ,4
2022-07-14 08:16:00,INT-LS-1GAL,3
2022-07-14 08:27:00,INT-CT-25LB,1
2022-07-14 15:10:00,AQU-PS-25LB,2
2022-07-14 08:50:00,AQU-BA-32OZ,1
2022-07-14 08:47:00,CHL-PS-17LB,1
2022-07-14 15:33:00,INT-AI-25LB,2
2022-07-14 12:13:00,INT-LS-1GAL,1
2022-07-14 14:07:00,CHL-CT-1LB,3
2022-07-14 12:09:00,INT-CA-32OZ,1
2022-07-14 12:17:00,AQU-PS-25LB,3
2022-07-14 10:27:00,INT-BA-32OZ,4
2022-07-14 08:30:00,INT-CT-25LB,2
2022-07-14 16:04:00,BIO-MA-32OZ,1
2022-07-14 17:29:00,HTH-S-5LB,1
2022-07-14 13:19:00,INT-CA-32OZ,4
2022-07-14 18:14:00,INT-LS-1GAL,1
2022-07-14 15:12:00,CHL-CT-21LB,2
2022-07-14 12:53:00,AQU-BA-32OZ,1
2022-07-14 15:24:00,BIO-MA-32OZ,1
2022-07-15 15:14:00,INT-BA-32OZ,1
2022-07-15 15:57:00,INT-BA-32OZ,1
2022-07-15 10:01:00,BIO-MA-32OZ,1
2022-07-15 11:41:00,INT-BA-32OZ,1
2022-07-15 15:24:00,INT-MA-1GAL,2
2022-07-15 11:35:00,BIO-MA-32OZ,3
2022-07-15 16:41:00,INT-BA-32OZ,1
2022-07-15 10:07:00,AQU-BA-32OZ,2
2022-07-15 12:46:00,AQU-CT-11LB,2
2022-07-15 13:33:00,AQU-BA-32OZ,4
2022-07-15 12:44:00,INT-MA-1GAL,1
2022-07-15 09:17:00,CHL-CT-1LB,1
2022-07-15 18:33:00,AQU-PS-25LB,3
2022-07-15 12:47:00,CHL-CT-1LB,1
2022-07-15 14:01:00,INT-BA-32OZ,2
2022-07-15 09:36:00,CHL-PS-17LB,1
2022-07-15 09:15:00,AQU-CT-11LB,1
2022-07-15 12:16:00,INT-CHI-7LB,2
2022-07-15 11:48:00,AQU-CT-11LB,3
2022-07-15 18:59:00,INT-LS-1GAL,2
2022-07-15 16:54:00,AQU-PS-25LB,2
2022-07-15 17:36:00,AQU-CT-11LB,1
2022-07-15 16:58:00,AQU-PS-25LB,1
2022-07-15 10:40:00,INT-CA-32OZ,1
2022-07-15 15:33:00,INT-BA-32OZ,2
2022-07-15 08:09:00,INT-BA-32OZ,2
2022-07-15 08:20:00,CHL-PS-17LB,1
2022-07-15 16:26:00,INT-MA-1GAL,1
2022-07-15 17:21:00,INT-CT-25LB,2
2022-07-15 08:30:00,INT-LS-1GAL,2
2022-07-15 11:11:00,CHL-PU-2LB,1
2022-07-15 09:46:00,AQU-BA-32OZ,1
2022-07-15 12:46:00,AQU-CT-11LB,3
2022-07-15 14:16:00,BIO-MA-32OZ,3
2022-07-16 12:37:00,INT-MA-1GAL,1
2022-07-16 11:40:00,INT-BA-32OZ,1
2022-07-16 14:42:00,INT-LS-1GAL,1
2022-07-16 17:36:00,INT-CA-32OZ,1
2022-07-16 17:22:00,BIO-MA-32OZ,2
2022-07-16 09:24:00,CHL-PS-1LB,1
2022-07-16 15:39:00,AQU-CT-11LB,1
2022-07-16 11:56:00,BIO-MA-32OZ,1
2022-07-16 11:20:00,AQU-BA-32OZ,2
2022-07-16 08:54:00,CHL-CT-21LB,2
2022-07-16 13:22:00,CHL-PS-1LB,1
2022-07-16 15:48:00,AQU-PS-5LB,1
2022-07-16 11:34:00,AQU-PS-25LB,4
2022-07-16 13:31:00,CHL-CT-21LB,1
2022-07-16 11:27:00,AQU-PS-25LB,1
2022-07-16 16:01:00,INT-LS-1GAL,1
2022-07-16 09:06:00,AQU-CT-11LB,1
2022-07-16 17:57:00,INT-CT-25LB,2
2022-07-16 10:14:00,AQU-PS-5LB,2
2022-07-16 14:55:00,CHL-CT-21LB,1
2022-07-16 08:13:00,INT-LS-1GAL,1
2022-07-16 15:26:00,AQU-PS-25LB,4
2022-07-16 16:47:00,CHL-CT-21LB,4
2022-07-16 09:06:00,AQU-CT-11LB,1
2022-07-16 18:35:00,CHL-CT-21LB,1
2022-07-16 15:45:00,AQU-BA-32OZ,2
2022-07-16 10:14:00,INT-CA-32OZ,1
2022-07-16 11:13:00,INT-CT-25LB,4
2022-07-17 08:16:00,INT-CT-25LB,4
2022-07-17 08:58:00,BIO-MA-32OZ,4
2022-07-17 17:26:00,INT-CT-25LB,1
2022-07-17 09:17:00,CHL-CT-21LB,2
2022-07-17 18:37:00,INT-CA-32OZ,1
2022-07-17 15:57:00,CHL-CT-21LB,1
2022-07-17 11:05:00,AQU-BA-32OZ,1
2022-07-17 13:59:00,INT-BA-32OZ,1
2022-07-17 11:39:00,CHL-CT-1LB,3
2022-07-17 09:05:00,AQU-PS-25LB,1
2022-07-17 12:50:00,CHL-PS-1LB,1
2022-07-17 17:34:00,INT-BA-32OZ,1
2022-07-17 18:48:00,INT-BA-32OZ,1
2022-07-17 11:02:00,AQU-BA-32OZ,2
2022-07-17 15:44:00,INT-CHI-7LB,3
2022-07-17 12:34:00,CHL-CT-1LB,1
2022-07-17 10:42:00,INT-CA-32OZ,1
2022-07-17 08:59:00,INT-LS-1GAL,1
2022-07-17 15:52:00,AQU-CT-11LB,1
2022-07-17 11:50:00,CHL-PS-17LB,1
2022-07-17 14:56:00,INT-CA-32OZ,1
2022-07-17 13:06:00,HTH-AI-11LB,1
2022-07-17 09:32:00,INT-BA-32OZ,1
2022-07-17 17:14:00,CHL-PS-1LB,1
2022-07-17 17:17:00,CHL-CT-21LB,3
2022-07-17 08:27:00,INT-CA-32OZ,1
2022-07-17 13:59:00,CHL-PS-17LB,1
2022-07-17 13:48:00,AQU-PS-5LB,1
2022-07-17 15:35:00,INT-CHI-7LB,1
2022-07-17 10:01:00,INT-CA-32OZ,1
2022-07-17 09:40:00,AQU-BA-32OZ,1
2022-07-17 17:01:00,INT-CA-32OZ,3
2022-07-17 18:17:00,CHL-PS-17LB,1
2022-07-17 11:11:00,INT-AI-5LB,2
2022-07-17 10:14:00,INT-LS-1GAL,1
2022-07-17 08:46:00,CHL-CT-1LB,1
2022-07-17 10:12:00,CHL-CT-1LB,1
2022-07-17 11:12:00,INT-BA-32OZ,2
2022-07-17 10:18:00,AQU-BA-32OZ,1
2022-07-17 15:03:00,BIO-MA-32OZ,1
2022-07-17 18:28:00,AQU-CT-11LB,3
2022-07-17 11:39:00,AQU-CT-11LB,1
2022-07-17 10:02:00,CHL-PS-17LB,1
2022-07-17 09:46:00,INT-CA-32OZ,4
2022-07-18 11:23:00,BIO-MA-32OZ,3
2022-07-18 18:48:00,INT-CA-32OZ,3
2022-07-18 12:53:00,AQU-PS-5LB,3
2022-07-18 18:27:00,CHL-CT-1LB,3
2022-07-18 10:44:00,AQU-PS-5LB,2
2022-07-18 09:53:00,INT-CA-32OZ,4
2022-07-18 10:30:00,INT-CA-32OZ,1
2022-07-18 14:00:00,CHL-CT-21LB,1
2022-07-18 10:23:00,CHL-PS-17LB,1
2022-07-18 08:34:00,AQU-PS-25LB,1
2022-07-18 10:43:00,AQU-BA-32OZ,3
2022-07-18 14:06:00,CHL-PS-1LB,1
2022-07-18 09:48:00,AQU-PS-25LB,1
2022-07-18 10:13:00,AQU-PS-5LB,1
2022-07-18 09:09:00,INT-CT-25LB,1
2022-07-18 14:06:00,CHL-CT-21LB,1
2022-07-18 14:14:00,INT-CA-32OZ,2
2022-07-18 10:17:00,INT-LS-1GAL,1
2022-07-18 16:45:00,INT-LS-1GAL,1
2022-07-18 16:56:00,AQU-CT-11LB,1
2022-07-18 18:33:00,AQU-CT-11LB,1
2022-07-18 17:57:00,INT-CA-32OZ,1
2022-07-18 17:21:00,CHL-CT-21LB,1
2022-07-18 15:10:00,CHL-PS-1LB,3
2022-07-18 17:34:00,INT-BA-32OZ,1
2022-07-18 18:36:00,INT-BA-32OZ,1
2022-07-18 11:28:00,AQU-CT-11LB,1
2022-07-18 14:11:00,AQU-BA-32OZ,1
2022-07-18 17:53:00,CHL-CT-1LB,1
2022-07-18 15:17:00,INT-CA-32OZ,3
2022-07-18 13:16:00,AQU-BA-32OZ,2
2022-07-18 17:13:00,AQU-CHI-11LB,1
2022-07-18 08:12:00,INT-CA-32OZ,4
2022-07-18 14:18:00,CHL-PS-1LB,1
2022-07-18 14:49:00,INT-CA-32OZ,3
2022-07-19 09:55:00,CHL-PS-1LB,1
2022-07-19 17:07:00,CHL-CT-21LB,1
2022-07-19 10:57:00,AQU-CT-11LB,1
2022-07-19 08:14:00,CHL-PU-2LB,1
2022-07-19 16:54:00,AQU-BA-32OZ,3
2022-07-19 09:35:00,CHL-CT-21LB,1
2022-07-19 15:25:00,INT-CA-32OZ,2
2022-07-19 18:37:00,INT-LS-1GAL,1
2022-07-19 10:03:00,AQU-PS-25LB,1
2022-07-19 16:11:00,INT-LS-1GAL,1
2022-07-19 16:56:00,INT-BA-32OZ,4
2022-07-19 11:51:00,INT-BA-32OZ,3
2022-07-19 10:15:00,BIO-MA-32OZ,2
2022-07-19 08:32:00,CHL-CT-1LB,1
2022-07-19 17:34:00,AQU-BA-32OZ,3
2022-07-19 09:15:00,AQU-CT-11LB,1
2022-07-19 16:35:00,BIO-MA-32OZ,1
2022-07-19 09:21:00,CHL-PS-1LB,2
2022-07-19 16:34:00,CHL-CT-21LB,1
2022-07-19 09:16:00,AQU-BA-32OZ,1
2022-07-19 12:21:00,CHL-CT-21LB,1
2022-07-19 16:08:00,INT-LS-1GAL,2
2022-07-19 10:02:00,AQU-CT-11LB,1
2022-07-19 14:31:00,AQU-PS-5LB,1
2022-07-19 11:08:00,AQU-CT-11LB,1
2022-07-19 11:44:00,AQU-CT-11LB,1
2022-07-19 18:05:00,CHL-CT-21LB,3
2022-07-19 16:09:00,CHL-PS-17LB,1
2022-07-19 17:28:00,INT-CT-25LB,2
2022-07-19 09:27:00,CHL-PS-17LB,3
2022-07-19 18:34:00,INT-CT-25LB,2
2022-07-19 09:47:00,AQU-PS-25LB,2
2022-07-19 13:29:00,BIO-MA-32OZ,1
2022-07-19 10:43:00,CHL-CT-1LB,1
2022-07-19 12:54:00,AQU-PS-5LB,2
2022-07-19 13:01:00,CHL-PS-1LB,1
2022-07-19 08:48:00,INT-BA-32OZ,1
2022-07-19 08:49:00,HTH-AI-11LB,3
2022-07-19 08:49:00,INT-CT-25LB,2
2022-07-20 08:55:00,AQU-BA-32OZ,1
2022-07-20 08:05:00,AQU-BA-32OZ,1
2022-07-20 13:10:00,CHL-CT-1LB,1
2022-07-20 18:37:00,INT-CA-32OZ,1
2022-07-20 09:05:00,INT-LS-1GAL,1
2022-07-20 11:30:00,CHL-CT-1LB,2
2022-07-20 09:28:00,INT-BA-32OZ,1
2022-07-20 16:41:00,CHL-PS-17LB,1
2022-07-20 13:03:00,AQU-CT-11LB,1
2022-07-20 18:47:00,INT-LS-1GAL,1
2022-07-20 17:01:00,AQU-PS-5LB,1
2022-07-20 10:22:00,INT-CA-32OZ,1
2022-07-20 13:24:00,BIO-MA-32OZ,1
2022-07-20 18:07:00,AQU-CT-11LB,1
2022-07-20 16:41:00,INT-BA-32OZ,1
2022-07-20 12:48:00,INT-CA-32OZ,1
2022-07-20 12:16:00,AQU-PS-5LB,1
2022-07-20 10:05:00,INT-CA-32OZ,4
2022-07-20 16:52:00,INT-BA-32OZ,1
2022-07-20 10:38:00,CHL-CT-21LB,3
2022-07-20 18:36:00,HTH-F-2LB,2
2022-07-20 16:30:00,INT-CT-25LB,1
2022-07-20 12:31:00,INT-CA-32OZ,2
2022-07-20 16:58:00,BIO-MA-32OZ,1
2022-07-20 09:09:00,INT-BA-32OZ,1
2022-07-20 10:52:00,INT-CA-32OZ,1
2022-07-20 12:32:00,INT-BA-32OZ,1
2022-07-20 17:50:00,CHL-PS-1LB,1
2022-07-20 08:20:00,AQU-PS-5LB,1
2022-07-20 14:30:00,BIO-PD-2LB,4
2022-07-20 08:32:00,AQU-PS-25LB,2
2022-07-20 14:29:00,CHL-CT-1LB,3
2022-07-20 08:02:00,BIO-MA-32OZ,1
2022-07-20 17:03:00,CHL-CT-1LB,1
2022-07-20 08:42:00,BIO-MA-32OZ,1
2022-07-20 12:56:00,INT-BA-32OZ,1
2022-07-20 11:24:00,HTH-AI-11LB,3
2022-07-20 13:40:00,AQU-CT-11LB,2
2022-07-20 13:05:00,BIO-MA-32OZ,3
2022-07-20 13:46:00,CHL-PS-1LB,1
2022-07-20 16:17:00,INT-LS-1GAL,1
2022-07-20 16:09:00,CHL-PS-17LB,1
2022-07-20 14:24:00,INT-BA-32OZ,1
2022-07-20 17:07:00,INT-BA-32OZ,1
2022-07-21 10:51:00,AQU-PS-5LB,2
2022-07-21 12:32:00,AQU-PS-5LB,1
2022-07-21 11:20:00,INT-LS-1GAL,1
2022-07-21 13:42:00,INT-LS-1GAL,1
2022-07-21 08:23:00,CHL-CT-1LB,3
2022-07-21 12:52:00,INT-BA-32OZ,1
2022-07-21 10:50:00,INT-LS-1GAL,2
2022-07-21 17:24:00,CHL-CT-1LB,1
2022-07-21 08:35:00,INT-BA-32OZ,1
2022-07-21 08:40:00,INT-LS-1GAL,1
2022-07-21 15:03:00,AQU-PS-25LB,1
2022-07-21 14:13:00,CHL-PS-1LB,1
2022-07-21 11:26:00,INT-LS-1GAL,4
2022-07-21 17:54:00,INT-CT-25LB,2
2022-07-21 17:35:00,CHL-PS-1LB,1
2022-07-21 15:39:00,BIO-MA-32OZ,1
2022-07-21 13:50:00,CHL-PS-17LB,1
2022-07-21 08:49:00,CHL-CT-21LB,2
2022-07-21 17:49:00,CHL-PS-1LB,1
2022-07-21 18:54:00,INT-CA-32OZ,4
2022-07-21 16:11:00,BIO-MA-32OZ,1
2022-07-21 10:04:00,INT-CA-32OZ,2
2022-07-21 08:17:00,INT-CA-32OZ,2
2022-07-21 08:59:00,AQU-BA-32OZ,1
2022-07-21 09:55:00,AQU-PS-5LB,2
2022-07-21 14:16:00,AQU-PS-25LB,1
2022-07-21 16:07:00,CHL-CT-1LB,2
2022-07-21 16:58:00,AQU-PS-5LB,1
2022-07-21 16:47:00,CHL-PS-1LB,1
2022-07-21 08:16:00,INT-LS-1GAL,1
2022-07-21 18:46:00,AQU-BA-32OZ,3
2022-07-21 12:54:00,INT-CA-32OZ,1
2022-07-21 18:11:00,CHL-CT-21LB,1
2022-07-21 16:30:00,AQU-PS-25LB,1
2022-07-21 15:56:00,INT-CA-32OZ,1
2022-07-21 11:33:00,INT-LS-1GAL,3
2022-07-21 11:24:00,AQU-CT-11LB,3
2022-07-21 11:33:00,CHL-CHI-20LB,1
2022-07-21 18:04:00,INT-LS-1GAL,2
2022-07-21 14:17:00,CHL-PS-17LB,1
2022-07-21 11:09:00,BIO-MA-32OZ,1
2022-07-21 18:04:00,CHL-PS-17LB,1
2022-07-21 10:44:00,INT-CA-32OZ,1
2022-07-22 18:18:00,AQU-PS-25LB,1
2022-07-22 10:33:00,CHL-CT-1LB,2
2022-07-22 17:41:00,INT-CA-32OZ,1
2022-07-22 18:42:00,CHL-PS-1LB,1
2022-07-22 12:26:00,AQU-PS-25LB,1
2022-07-22 12:10:00,CHL-PS-17LB,1
2022-07-22 08:15:00,AQU-PS-5LB,2
2022-07-22 14:48:00,BIO-MA-32OZ,1
2022-07-22 10:23:00,AQU-PS-5LB,3
2022-07-22 16:27:00,HTH-S-5LB,1
2022-07-22 11:06:00,INT-CA-32OZ,2
2022-07-22 12:49:00,CHL-CT-21LB,1
2022-07-22 12:05:00,AQU-CT-11LB,1
2022-07-22 15:55:00,CHL-CT-1LB,3
2022-07-22 08:52:00,INT-CA-32OZ,1
2022-07-22 14:18:00,INT-CT-25LB,1
2022-07-22 18:24:00,AQU-PS-5LB,1
2022-07-22 10:22:00,AQU-BA-32OZ,1
2022-07-22 13:48:00,AQU-PS-25LB,1
2022-07-22 12:55:00,CHL-CT-21LB,1
2022-07-22 08:11:00,INT-LS-1GAL,1
2022-07-22 14:50:00,CHL-PS-1LB,1
2022-07-22 11:46:00,CHL-CT-21LB,1
2022-07-22 18:23:00,AQU-BA-32OZ,1
2022-07-22 13:34:00,INT-BA-32OZ,1
2022-07-22 18:11:00,CHL-CT-1LB,2
2022-07-22 12:12:00,CHL-CT-21LB,2
2022-07-22 08:42:00,CHL-CT-21LB,1
2022-07-22 09:30:00,INT-CA-32OZ,1
2022-07-22 14:19:00,INT-CT-25LB,2
2022-07-22 14:50:00,INT-MA-1GAL,1
2022-07-22 12:55:00,INT-CT-25LB,1
2022-07-22 12:32:00,CHL-CT-1LB,1
2022-07-22 17:52:00,BIO-MA-32OZ,1
2022-07-22 16:32:00,INT-CA-32OZ,1
2022-07-22 08:49:00,AQU-CT-11LB,3
2022-07-22 11:46:00,AQU-PS-25LB,1
2022-07-22 09:23:00,AQU-CT-11LB,2
2022-07-22 11:35:00,AQU-CT-11LB,1
2022-07-23 16:11:00,INT-CA-32OZ,1
2022-07-23 12:21:00,CHL-CT-1LB,1
2022-07-23 10:29:00,BIO-MA-32OZ,2
2022-07-23 17:53:00,INT-CA-32OZ,1
2022-07-23 08:43:00,AQU-PS-5LB,1
2022-07-23 13:02:00,AQU-BA-32OZ,3
2022-07-23 12:43:00,INT-MA-1GAL,1
2022-07-23 18:03:00,CHL-CT-21LB,1
2022-07-23 12:15:00,INT-CA-32OZ,1
2022-07-23 11:58:00,INT-CA-32OZ,1
2022-07-23 11:13:00,CHL-PS-17LB,1
2022-07-23 13:12:00,CHL-PS-1LB,1
2022-07-23 16:16:00,AQU-PS-5LB,1
2022-07-23 17:20:00,INT-CT-25LB,3
2022-07-23 09:25:00,BIO-MA-32OZ,1
2022-07-23 11:51:00,AQU-PS-5LB,1
2022-07-23 10:51:00,INT-AI-5LB,1
2022-07-23 09:05:00,CHL-PS-17LB,2
2022-07-23 09:45:00,CHL-CT-1LB,3
2022-07-23 17:29:00,AQU-PS-25LB,1
2022-07-23 16:29:00,CHL-CT-21LB,3
2022-07-23 09:34:00,AQU-BA-32OZ,1
2022-07-23 08:38:00,AQU-PS-25LB,1
2022-07-23 11:15:00,HTH-AI-11LB,1
2022-07-23 17:05:00,BIO-MA-32OZ,1
2022-07-23 18:43:00,CHL-CT-21LB,1
2022-07-23 11:31:00,INT-BA-32OZ,3
2022-07-23 11:08:00,CHL-CT-21LB,1
2022-07-23 14:41:00,INT-LS-1GAL,1
2022-07-23 13:14:00,INT-MA-1GAL,1
2022-07-23 08:56:00,BIO-MA-32OZ,2
2022-07-24 08:46:00,BIO-MA-32OZ,3
2022-07-24 09:05:00,INT-CT-25LB,3
2022-07-24 17:48:00,CHL-PS-17LB,1
2022-07-24 16:31:00,INT-CA-32OZ,1
2022-07-24 13:24:00,INT-CA-32OZ,2
2022-07-24 09:29:00,BIO-MA-32OZ,1
2022-07-24 16:54:00,INT-BA-32OZ,1
2022-07-24 14:49:00,INT-CA-32OZ,1
2022-07-24 16:46:00,INT-CT-25LB,1
2022-07-24 16:57:00,CHL-PS-17LB,1
2022-07-24 08:00:00,AQU-PS-5LB,1
2022-07-24 10:13:00,AQU-BA-32OZ,1
2022-07-24 08:51:00,CHL-PS-1LB,1
2022-07-24 08:37:00,INT-CA-32OZ,1
2022-07-24 09:21:00,AQU-PS-25LB,1
2022-07-24 14:07:00,CHL-CT-1LB,1
2022-07-24 16:08:00,CHL-CT-1LB,2
2022-07-24 17:33:00,INT-CT-25LB,1
2022-07-24 08:15:00,INT-BA-32OZ,1
2022-07-24 14:21:00,INT-MA-1GAL,1
2022-07-24 15:40:00,INT-CA-32OZ,2
2022-07-24 15:16:00,AQU-PS-25LB,3
2022-07-24 12:52:00,AQU-CT-11LB,1
2022-07-24 17:07:00,CHL-PS-17LB,1
2022-07-24 14:58:00,INT-CT-25LB,1
2022-07-24 08:56:00,CHL-CT-21LB,1
2022-07-24 17:43:00,INT-BA-32OZ,1
2022-07-24 11:25:00,CHL-PS-1LB,1
2022-07-24 13:39:00,CHL-CT-1LB,1
2022-07-24 13:08:00,AQU-PS-5LB,1
2022-07-24 08:04:00,AQU-PS-25LB,3
2022-07-24 12:38:00,AQU-CT-11LB,1
2022-07-24 09:51:00,AQU-PS-5LB,1
2022-07-24 09:55:00,INT-CT-25LB,1
2022-07-24 16:40:00,CHL-CT-21LB,1
2022-07-24 17:18:00,BIO-MA-32OZ,1
2022-07-24 09:34:00,AQU-CT-11LB,2
2022-07-24 12:14:00,AQU-CT-11LB,2
2022-07-24 11:25:00,INT-BA-32OZ,1
2022-07-24 16:30:00,CHL-CT-21LB,4
2022-07-24 13:53:00,INT-BA-32OZ,3
2022-07-24 08:37:00,CHL-PS-17LB,1
2022-07-24 10:48:00,AQU-BA-32OZ,1
2022-07-25 11:10:00,AQU-PS-5LB,3
2022-07-25 10:13:00,AQU-PS-25LB,1
2022-07-25 17:38:00,AQU-PS-5LB,1
2022-07-25 16:09:00,INT-AI-25LB,1
2022-07-25 09:15:00,AQU-CT-11LB,1
2022-07-25 15:17:00,INT-CA-32OZ,1
2022-07-25 13:21:00,AQU-PS-25LB,1
2022-07-25 14:04:00,CHL-CT-21LB,3
2022-07-25 09:16:00,CHL-CT-21LB,1
2022-07-25 08:44:00,INT-CT-25LB,2
2022-07-25 12:08:00,AQU-PS-5LB,1
2022-07-25 16:34:00,CHL-PS-17LB,2
2022-07-25 14:47:00,INT-CT-25LB,1
2022-07-25 08:53:00,AQU-PS-25LB,1
2022-07-25 13:40:00,HTH-S-5LB,1
2022-07-25 08:49:00,AQU-BA-32OZ,1
2022-07-25 13:15:00,AQU-PS-5LB,1
2022-07-25 15:59:00,INT-MA-1GAL,1
2022-07-25 14:27:00,AQU-BA-32OZ,1
2022-07-25 14:50:00,INT-CT-25LB,2
2022-07-25 08:33:00,BIO-PU-5LB,1
2022-07-25 09:07:00,INT-BA-32OZ,1
2022-07-25 10:27:00,AQU-PS-25LB,1
2022-07-25 08:02:00,AQU-PS-5LB,1
2022-07-25 11:55:00,INT-LS-1GAL,4
2022-07-25 08:33:00,INT-BA-32OZ,1
2022-07-25 11:23:00,AQU-CHI-11LB,1
2022-07-25 14:25:00,AQU-CT-11LB,1
2022-07-25 17:05:00,CHL-PS-1LB,2
2022-07-25 08:24:00,AQU-PS-5LB,1
2022-07-25 10:43:00,CHL-PS-17LB,3
2022-07-25 15:04:00,INT-BA-32OZ,1
2022-07-25 13:47:00,CHL-CT-21LB,1
2022-07-25 11:06:00,INT-CT-25LB,1
2022-07-25 10:49:00,CHL-PS-17LB,1
2022-07-25 11:16:00,AQU-PS-5LB,1
2022-07-25 13:22:00,BIO-MA-32OZ,1
2022-07-25 08:52:00,INT-CT-25LB,1
2022-07-25 14:32:00,CHL-CT-1LB,1
2022-07-25 16:11:00,INT-CA-32OZ,1
2022-07-26 09:31:00,INT-AI-5LB,4
2022-07-26 18:54:00,CHL-CT-1LB,2
2022-07-26 15:27:00,CHL-CT-21LB,1
2022-07-26 16:41:00,CHL-PS-1LB,1
2022-07-26 10:39:00,AQU-BA-32OZ,2
2022-07-26 11:33:00,BIO-MA-32OZ,1
2022-07-26 12:18:00,CHL-CT-1LB,1
2022-07-26 08:07:00,INT-LS-1GAL,1
2022-07-26 11:19:00,CHL-CT-1LB,1
2022-07-26 16:00:00,AQU-CT-11LB,1
2022-07-26 16:28:00,AQU-PS-5LB,3
2022-07-26 11:21:00,CHL-PS-1LB,1
2022-07-26 12:15:00,BIO-MA-32OZ,4
2022-07-26 15:55:00,INT-CA-32OZ,1
2022-07-26 18:58:00,AQU-PS-25LB,4
2022-07-26 16:47:00,BIO-MA-32OZ,1
2022-07-26 16:08:00,AQU-PS-25LB,1
2022-07-26 14:02:00,CHL-PS-1LB,1
2022-07-26 11:14:00,CHL-PS-1LB,4
2022-07-26 18:23:00,CHL-PS-17LB,2
2022-07-26 17:46:00,CHL-PS-17LB,1
2022-07-26 09:03:00,AQU-PS-5LB,2
2022-07-26 09:42:00,INT-CT-25LB,1
2022-07-26 13:28:00,AQU-BA-32OZ,1
2022-07-26 08:38:00,BIO-PU-5LB,3
2022-07-26 08:32:00,BIO-PU-5LB,1
2022-07-26 13:36:00,AQU-PS-5LB,4
2022-07-26 17:45:00,AQU-CT-11LB,1
2022-07-26 09:51:00,INT-CA-32OZ,1
2022-07-26 12:18:00,INT-CA-32OZ,2
2022-07-26 17:11:00,BIO-MA-32OZ,1
2022-07-26 08:45:00,CHL-CT-1LB,1
2022-07-26 15:16:00,AQU-CT-11LB,1
2022-07-26 17:51:00,AQU-CT-11LB,1
2022-07-26 10:25:00,CHL-CT-21LB,2
2022-07-26 17:45:00,CHL-CT-21LB,1
2022-07-26 17:39:00,INT-BA-32OZ,2
2022-07-26 18:26:00,INT-LS-1GAL,1
2022-07-26 17:36:00,CHL-PS-17LB,1
2022-07-26 14:55:00,AQU-BA-32OZ,3
2022-07-26 18:18:00,INT-CT-25LB,2
2022-07-26 16:41:00,AQU-BA-32OZ,4
2022-07-26 17:48:00,AQU-CT-11LB,1
2022-07-26 17:47:00,CHL-CT-1LB,1
2022-07-27 18:48:00,BIO-MA-32OZ,3
2022-07-27 15:05:00,CHL-PS-1LB,1
2022-07-27 16:18:00,AQU-PS-5LB,1
2022-07-27 10:34:00,AQU-BA-32OZ,1
2022-07-27 13:37:00,INT-CA-32OZ,1
2022-07-27 14:40:00,CHL-CT-1LB,1
2022-07-27 17:15:00,AQU-PS-5LB,1
2022-07-27 10:21:00,CHL-PS-1LB,1
2022-07-27 17:06:00,INT-AI-5LB,2
2022-07-27 12:01:00,HTH-AI-11LB,2
2022-07-27 16:56:00,AQU-BA-32OZ,1
2022-07-27 12:36:00,CHL-CT-21LB,1
2022-07-27 17:50:00,BIO-MA-32OZ,1
2022-07-27 11:11:00,CHL-PS-1LB,3
2022-07-27 11:06:00,CHL-PS-1LB,4
2022-07-27 10:53:00,INT-CA-32OZ,1
2022-07-27 11:18:00,INT-BA-32OZ,2
2022-07-27 10:49:00,AQU-PS-25LB,2
2022-07-27 14:25:00,BIO-MA-32OZ,1
2022-07-27 17:35:00,CHL-PS-1LB,1
2022-07-27 08:26:00,CHL-PS-17LB,1
2022-07-27 17:44:00,INT-CA-32OZ,1
2022-07-27 08:35:00,AQU-BA-32OZ,1
2022-07-27 15:09:00,AQU-CT-11LB,1
2022-07-27 14:40:00,AQU-BA-32OZ,1
2022-07-27 09:29:00,CHL-CT-1LB,3
2022-07-27 14:57:00,INT-LS-1GAL,1
2022-07-27 08:41:00,AQU-CT-11LB,2
2022-07-27 15:11:00,CHL-PS-1LB,1
2022-07-27 11:19:00,INT-CT-25LB,3
2022-07-27 16:46:00,INT-LS-1GAL,1
2022-07-27 11:33:00,AQU-CT-11LB,1
2022-07-27 17:14:00,INT-CA-32OZ,1
2022-07-27 13:42:00,INT-CA-32OZ,2
2022-07-27 18:38:00,BIO-PU-5LB,1
2022-07-27 13:41:00,INT-CHI-7LB,1
2022-07-27 11:57:00,INT-CA-32OZ,1
2022-07-27 16:08:00,BIO-MA-32OZ,1
2022-07-27 18:57:00,BIO-MA-32OZ,3
2022-07-27 16:48:00,INT-CA-32OZ,2
2022-07-27 08:53:00,CHL-PS-1LB,1
2022-07-27 12:52:00,HTH-AI-11LB,1
2022-07-27 08:57:00,CHL-CT-21LB,1
2022-07-27 13:26:00,CHL-PS-1LB,1
2022-07-27 18:07:00,CHL-CT-21LB,1
2022-07-27 10:57:00,CHL-PS-17LB,1
2022-07-27 17:39:00,INT-CT-25LB,1
2022-07-27 14:21:00,INT-CT-25LB,3
2022-07-27 08:35:00,AQU-CT-11LB,3
2022-07-28 10:25:00,BIO-PD-2LB,1
2022-07-28 17:48:00,AQU-PS-5LB,1
2022-07-28 13:34:00,INT-CT-25LB,1
2022-07-28 18:09:00,INT-LS-1GAL,1
2022-07-28 14:42:00,CHL-PS-1LB,4
2022-07-28 12:05:00,AQU-PS-25LB,3
2022-07-28 16:24:00,AQU-PS-5LB,1
2022-07-28 17:24:00,AQU-PS-25LB,4
2022-07-28 13:26:00,CHL-PS-1LB,1
2022-07-28 18:04:00,AQU-BA-32OZ,1
2022-07-28 11:00:00,CHL-CT-1LB,4
2022-07-28 16:30:00,AQU-BA-32OZ,1
2022-07-28 14:06:00,INT-CT-25LB,4
2022-07-28 18:53:00,INT-CHI-7LB,1
2022-07-28 18:56:00,AQU-BA-32OZ,1
2022-07-28 10:49:00,CHL-CT-1LB,1
2022-07-28 11:51:00,CHL-PS-17LB,1
2022-07-28 16:20:00,CHL-CT-21LB,1
2022-07-28 17:21:00,CHL-CT-1LB,1
2022-07-28 09:16:00,AQU-CHI-11LB,3
2022-07-28 11:49:00,CHL-CT-1LB,3
2022-07-28 12:25:00,INT-LS-1GAL,1
2022-07-28 16:09:00,HTH-S-5LB,1
2022-07-28 11:37:00,INT-BA-32OZ,1
2022-07-28 12:54:00,AQU-PS-25LB,1
2022-07-28 16:17:00,INT-AI-25LB,1
2022-07-28 18:57:00,INT-MA-1GAL,3
2022-07-28 08:54:00,AQU-PS-25LB,1
2022-07-28 08:53:00,INT-BA-32OZ,1
2022-07-28 10:30:00,AQU-PS-5LB,4
2022-07-28 11:00:00,INT-CA-32OZ,1
2022-07-28 08:42:00,INT-CT-25LB,1
2022-07-28 16:27:00,CHL-CT-21LB,3
2022-07-28 17:25:00,AQU-BA-32OZ,1
2022-07-28 14:04:00,CHL-CT-21LB,1
2022-07-28 08:07:00,INT-LS-1GAL,1
2022-07-28 14:32:00,CHL-CT-21LB,1
2022-07-29 09:42:00,CHL-CT-21LB,1
2022-07-29 11:52:00,AQU-PS-25LB,3
2022-07-29 17:21:00,CHL-PS-17LB,1
2022-07-29 08:03:00,INT-MA-1GAL,1
2022-07-29 09:24:00,INT-CA-32OZ,1
2022-07-29 16:03:00,CHL-PS-1LB,1
2022-07-29 17:41:00,INT-CT-25LB,1
2022-07-29 12:05:00,AQU-CT-11LB,3
2022-07-29 12:40:00,CHL-PS-17LB,1
2022-07-29 17:04:00,AQU-CT-11LB,2
2022-07-29 13:03:00,BIO-MA-32OZ,2
2022-07-29 15:26:00,CHL-CT-1LB,1
2022-07-29 10:55:00,INT-LS-1GAL,1
2022-07-29 18:33:00,INT-BA-32OZ,4
2022-07-29 11:55:00,AQU-CT-11LB,1
2022-07-29 17:28:00,CHL-CT-21LB,1
2022-07-29 18:26:00,AQU-CT-11LB,1
2022-07-29 18:09:00,INT-MA-1GAL,1
2022-07-29 08:46:00,INT-AI-25LB,1
2022-07-29 13:14:00,AQU-PS-25LB,1
2022-07-29 18:17:00,CHL-PS-17LB,1
2022-07-29 12:01:00,CHL-PS-1LB,1
2022-07-29 15:28:00,AQU-CHI-11LB,1
2022-07-29 15:38:00,INT-CA-32OZ,1
2022-07-29 12:25:00,AQU-CT-11LB,1
2022-07-29 10:03:00,AQU-BA-32OZ,1
2022-07-29 15:56:00,AQU-CT-11LB,1
2022-07-29 10:46:00,CHL-CT-21LB,2
2022-07-29 14:48:00,AQU-PS-25LB,1
2022-07-29 14:42:00,BIO-MA-32OZ,1
2022-07-29 10:38:00,CHL-CT-1LB,1
2022-07-29 10:22:00,INT-CA-32OZ,4
2022-07-30 09:47:00,INT-CT-25LB,3
2022-07-30 15:46:00,CHL-CT-21LB,1
2022-07-30 18:52:00,CHL-PS-1LB,1
2022-07-30 15:59:00,CHL-CT-21LB,2
2022-07-30 14:59:00,INT-BA-32OZ,4
2022-07-30 08:10:00,CHL-CT-21LB,1
2022-07-30 17:44:00,INT-LS-1GAL,1
2022-07-30 17:04:00,AQU-BA-32OZ,1
2022-07-30 12:01:00,INT-AI-25LB,4
2022-07-30 14:59:00,INT-CT-25LB,1
2022-07-30 16:43:00,AQU-PS-25LB,1
2022-07-30 16:16:00,CHL-PS-1LB,1
2022-07-30 09:12:00,CHL-PS-1LB,2
2022-07-30 11:12:00,CHL-CT-1LB,1
2022-07-30 15:14:00,CHL-CT-21LB,4
2022-07-30 09:59:00,INT-BA-32OZ,1
2022-07-30 10:59:00,BIO-MA-32OZ,2
2022-07-30 13:22:00,AQU-BA-32OZ,1
2022-07-30 10:12:00,AQU-BA-32OZ,1
2022-07-30 13:58:00,INT-MA-1GAL,1
2022-07-30 14:06:00,BIO-PD-2LB,4
2022-07-30 15:34:00,CHL-PS-17LB,4
2022-07-30 09:29:00,AQU-PS-5LB,1
2022-07-30 08:13:00,AQU-CT-11LB,4
2022-07-30 10:43:00,AQU-CT-11LB,1
2022-07-30 09:05:00,INT-BA-32OZ,4
2022-07-30 17:10:00,BIO-MA-32OZ,1
2022-07-30 08:24:00,INT-LS-1GAL,1
2022-07-31 14:15:00,AQU-PS-25LB,3
2022-07-31 16:42:00,INT-LS-1GAL,1
2022-07-31 13:08:00,CHL-CT-1LB,1
2022-07-31 15:31:00,CHL-CT-1LB,1
2022-07-31 16:36:00,AQU-BA-32OZ,1
2022-07-31 13:24:00,CHL-CT-1LB,2
2022-07-31 09:12:00,INT-CA-32OZ,2
2022-07-31 11:28:00,INT-MA-1GAL,2
2022-07-31 09:57:00,CHL-CT-1LB,2
2022-07-31 18:34:00,CHL-CT-21LB,1
2022-07-31 12:19:00,INT-LS-1GAL,1
2022-07-31 12:37:00,CHL-PS-17LB,1
2022-07-31 08:46:00,CHL-PS-1LB,3
2022-07-31 10:55:00,AQU-PD-5LB,1
2022-07-31 17:20:00,BIO-MA-32OZ,1
2022-07-31 08:09:00,AQU-BA-32OZ,1
2022-07-31 14:18:00,CHL-PS-1LB,1
2022-07-31 16:02:00,INT-LS-1GAL,1
2022-07-31 09:27:00,INT-LS-1GAL,1
2022-07-31 12:18:00,AQU-PS-25LB,1
2022-07-31 08:15:00,CHL-CHI-20LB,1
2022-07-31 15:13:00,AQU-PS-25LB,1
2022-07-31 18:16:00,AQU-BA-32OZ,1
2022-07-31 09:25:00,AQU-BA-32OZ,1
2022-07-31 15:34:00,CHL-PS-17LB,1
2022-07-31 09:59:00,INT-CT-25LB,1
2022-07-31 10:57:00,INT-BA-32OZ,1
2022-07-31 15:47:00,INT-BA-32OZ,1
2022-07-31 15:42:00,AQU-CT-11LB,1
2022-08-01 10:04:00,INT-BA-32OZ,1
2022-08-01 08:53:00,BIO-MA-32OZ,2
2022-08-01 10:40:00,AQU-PS-25LB,4
2022-08-01 09:56:00,INT-BA-32OZ,1
2022-08-01 15:57:00,CHL-PS-17LB,1
2022-08-01 17:34:00,CHL-PS-17LB,1
2022-08-01 10:06:00,CHL-CT-1LB,2
2022-08-01 18:12:00,CHL-PS-17LB,2
2022-08-01 12:33:00,INT-LS-1GAL,1
2022-08-01 14:10:00,INT-CA-32OZ,1
2022-08-01 17:34:00,INT-LS-1GAL,1
2022-08-01 13:47:00,INT-LS-1GAL,1
2022-08-01 15:50:00,INT-LS-1GAL,2
2022-08-01 18:38:00,INT-CT-25LB,1
2022-08-01 15:14:00,INT-LS-1GAL,1
2022-08-01 14:55:00,CHL-CT-1LB,1
2022-08-01 11:55:00,CHL-CT-21LB,2
2022-08-01 16:15:00,CHL-PS-17LB,3
2022-08-01 09:54:00,INT-LS-1GAL,1
2022-08-01 16:11:00,INT-BA-32OZ,2
2022-08-01 16:43:00,CHL-CT-1LB,2
2022-08-01 13:26:00,AQU-BA-32OZ,2
2022-08-01 08:21:00,CHL-PS-1LB,2
2022-08-01 11:36:00,INT-CA-32OZ,1
2022-08-01 15:47:00,INT-CA-32OZ,4
2022-08-01 08:31:00,AQU-CT-11LB,1
2022-08-01 17:34:00,AQU-CT-11LB,1
2022-08-01 18:27:00,INT-LS-1GAL,1
2022-08-01 14:43:00,INT-LS-1GAL,1
2022-08-01 09:29:00,BIO-MA-32OZ,1
2022-08-01 15:44:00,AQU-BA-32OZ,1
2022-08-01 08:25:00,BIO-MA-32OZ,2
2022-08-01 15:15:00,INT-LS-1GAL,1
2022-08-01 14:33:00,INT-LS-1GAL,2
2022-08-01 10:55:00,BIO-MA-32OZ,1
2022-08-01 08:23:00,INT-CT-25LB,1
2022-08-01 08:24:00,AQU-CT-11LB,4
2022-08-01 16:09:00,CHL-PS-17LB,3
2022-08-01 09:42:00,BIO-MA-32OZ,4
2022-08-02 10:14:00,CHL-PS-1LB,2
2022-08-02 18:22:00,INT-BA-32OZ,1
2022-08-02 13:43:00,BIO-MA-32OZ,1
2022-08-02 10:05:00,AQU-PS-5LB,1
2022-08-02 14:43:00,AQU-PS-5LB,1
2022-08-02 18:23:00,CHL-CT-1LB,3
2022-08-02 08:49:00,BIO-MA-32OZ,1
2022-08-02 13:34:00,INT-CA-32OZ,1
2022-08-02 15:59:00,INT-LS-1GAL,2
2022-08-02 09:43:00,INT-BA-32OZ,1
2022-08-02 12:25:00,INT-CT-25LB,1
2022-08-02 17:09:00,CHL-CT-1LB,3
2022-08-02 09:33:00,CHL-PS-17LB,3
2022-08-02 18:49:00,INT-LS-1GAL,1
2022-08-02 10:04:00,INT-CT-25LB,1
2022-08-02 17:08:00,BIO-MA-32OZ,1
2022-08-02 13:36:00,INT-BA-32OZ,1
2022-08-02 14:29:00,CHL-PS-17LB,1
2022-08-02 17:02:00,INT-CT-25LB,1
2022-08-02 16:37:00,INT-CT-25LB,4
2022-08-02 16:49:00,INT-BA-32OZ,3
2022-08-02 18:17:00,AQU-PS-5LB,1
2022-08-02 11:27:00,INT-LS-1GAL,1
2022-08-02 17:38:00,CHL-CT-21LB,1
2022-08-02 16:18:00,INT-CT-25LB,2
2022-08-02 16:55:00,INT-AI-5LB,3
2022-08-02 08:10:00,AQU-PS-5LB,1
2022-08-02 10:57:00,AQU-PS-25LB,1
2022-08-02 08:54:00,CHL-CT-21LB,1
2022-08-02 13:51:00,AQU-PS-25LB,2
2022-08-02 08:38:00,INT-CA-32OZ,1
2022-08-02 11:42:00,CHL-CT-1LB,3
2022-08-02 16:27:00,CHL-CT-21LB,1
2022-08-02 17:45:00,AQU-PS-25LB,1
2022-08-03 16:18:00,AQU-PS-5LB,2
2022-08-03 18:08:00,AQU-PS-5LB,1
2022-08-03 12:56:00,CHL-PS-1LB,2
2022-08-03 17:21:00,CHL-PS-1LB,1
2022-08-03 17:32:00,INT-CT-25LB,1
2022-08-03 16:40:00,INT-LS-1GAL,1
2022-08-03 09:41:00,BIO-MA-32OZ,4
2022-08-03 09:18:00,INT-LS-1GAL,1
2022-08-03 13:28:00,CHL-PS-1LB,2
2022-08-03 18:34:00,CHL-CT-21LB,2
2022-08-03 16:29:00,INT-BA-32OZ,3
2022-08-03 08:44:00,AQU-BA-32OZ,2
2022-08-03 18:28:00,AQU-CT-11LB,1
2022-08-03 09:22:00,CHL-CT-21LB,1
2022-08-03 10:15:00,INT-CT-25LB,1
2022-08-03 16:25:00,INT-BA-32OZ,1
2022-08-03 15:24:00,INT-CT-25LB,1
2022-08-03 15:12:00,AQU-CT-11LB,1
2022-08-03 16:49:00,AQU-BA-32OZ,1
2022-08-03 18:11:00,AQU-PS-25LB,1
2022-08-03 08:59:00,INT-BA-32OZ,1
2022-08-03 17:28:00,AQU-CHI-11LB,1
2022-08-03 12:24:00,INT-LS-1GAL,1
2022-08-03 09:39:00,AQU-PS-25LB,2
2022-08-03 09:46:00,INT-LS-1GAL,4
2022-08-03 18:42:00,INT-CT-25LB,2
2022-08-03 15:31:00,AQU-PS-5LB,1
2022-08-03 17:34:00,INT-CA-32OZ,1
2022-08-03 15:24:00,CHL-PS-17LB,1
2022-08-03 16:09:00,AQU-PS-25LB,1
2022-08-03 17:36:00,INT-LS-1GAL,1
2022-08-03 14:32:00,CHL-PS-17LB,1
2022-08-04 10:53:00,AQU-PS-25LB,1
2022-08-04 10:20:00,INT-BA-32OZ,1
2022-08-04 16:36:00,CHL-PS-1LB,3
2022-08-04 11:31:00,INT-AI-25LB,1
2022-08-04 08:50:00,INT-CT-25LB,1
2022-08-04 18:34:00,INT-LS-1GAL,1
2022-08-04 13:43:00,AQU-CT-11LB,2
2022-08-04 16:00:00,CHL-PS-1LB,1
2022-08-04 14:41:00,AQU-BA-32OZ,1
2022-08-04 10:43:00,CHL-PS-17LB,2
2022-08-04 18:50:00,AQU-PS-25LB,1
2022-08-04 11:23:00,CHL-CT-1LB,1
2022-08-04 08:44:00,AQU-BA-32OZ,1
2022-08-04 12:56:00,CHL-CT-1LB,1
2022-08-04 08:42:00,INT-MA-1GAL,1
2022-08-04 13:48:00,CHL-PS-17LB,4
2022-08-04 14:24:00,INT-MA-1GAL,1
2022-08-04 17:21:00,CHL-PS-17LB,1
2022-08-04 18:29:00,CHL-PS-1LB,1
2022-08-04 17:02:00,AQU-PS-5LB,1
2022-08-04 08:43:00,AQU-CT-11LB,4
2022-08-04 09:10:00,AQU-CT-11LB,1
2022-08-04 12:57:00,HTH-F-2LB,1
2022-08-05 13:54:00,CHL-CT-1LB,1
2022-08-05 13:17:00,CHL-PS-17LB,1
2022-08-05 12:11:00,AQU-CT-11LB,1
2022-08-05 16:25:00,CHL-PS-17LB,1
2022-08-05 15:37:00,CHL-CT-21LB,1
2022-08-05 14:12:00,CHL-PS-17LB,3
2022-08-05 10:22:00,CHL-CT-21LB,1
2022-08-05 17:18:00,INT-BA-32OZ,1
2022-08-05 10:40:00,INT-CA-32OZ,2
2022-08-05 11:40:00,INT-BA-32OZ,2
2022-08-05 10:43:00,AQU-PS-5LB,2
2022-08-05 16:47:00,AQU-PS-5LB,1
2022-08-05 17:54:00,INT-MA-1GAL,1
2022-08-05 12:50:00,INT-AI-5LB,1
2022-08-05 14:53:00,AQU-CT-11LB,1
2022-08-05 11:55:00,INT-CT-25LB,1
2022-08-05 11:34:00,CHL-PS-17LB,1
2022-08-05 17:59:00,INT-CA-32OZ,1
2022-08-05 09:21:00,AQU-BA-32OZ,1
2022-08-05 14:10:00,CHL-PS-1LB,1
2022-08-05 12:05:00,INT-AI-25LB,1
2022-08-05 18:43:00,AQU-PS-5LB,2
2022-08-05 13:11:00,INT-LS-1GAL,2
2022-08-05 16:48:00,CHL-PS-17LB,1
2022-08-05 13:46:00,AQU-PS-25LB,1
2022-08-05 15:11:00,INT-CA-32OZ,2
2022-08-05 13:24:00,CHL-CT-21LB,3
2022-08-05 10:36:00,AQU-PS-25LB,1
2022-08-06 17:14:00,CHL-PS-1LB,1
2022-08-06 11:21:00,CHL-CT-1LB,2
2022-08-06 16:38:00,BIO-MA-32OZ,1
2022-08-06 18:23:00,CHL-PS-1LB,1
2022-08-06 09:14:00,INT-CA-32OZ,1
2022-08-06 16:06:00,AQU-CT-11LB,4
2022-08-06 16:45:00,INT-LS-1GAL,1
2022-08-06 14:23:00,CHL-PS-17LB,1
2022-08-06 13:01:00,INT-MA-1GAL,1
2022-08-06 18:31:00,INT-LS-1GAL,1
2022-08-06 16:16:00,INT-CT-25LB,1
2022-08-06 14:54:00,CHL-PS-17LB,1
2022-08-06 16:20:00,AQU-CT-11LB,1
2022-08-06 08:39:00,CHL-CT-21LB,4
2022-08-06 13:48:00,INT-LS-1GAL,4
2022-08-06 15:49:00,AQU-PS-5LB,2
2022-08-06 18:18:00,AQU-PS-5LB,1
2022-08-06 12:14:00,INT-CT-25LB,1
2022-08-06 08:12:00,BIO-MA-32OZ,1
2022-08-06 12:40:00,INT-CT-25LB,3
2022-08-06 17:07:00,AQU-CT-11LB,1
2022-08-06 18:57:00,CHL-PS-17LB,1
2022-08-06 16:52:00,INT-CA-32OZ,1
2022-08-06 17:04:00,AQU-PS-5LB,1
2022-08-06 09:58:00,INT-CT-25LB,1
2022-08-06 15:38:00,CHL-PS-17LB,1
2022-08-06 15:10:00,INT-CA-32OZ,1
2022-08-06 08:12:00,INT-CT-25LB,1
2022-08-06 16:53:00,INT-MA-1GAL,1
2022-08-06 13:37:00,HTH-F-2LB,4
2022-08-06 11:17:00,BIO-MA-32OZ,1
2022-08-06 08:05:00,CHL-CT-21LB,1
2022-08-06 13:13:00,AQU-BA-32OZ,2
2022-08-06 14:19:00,HTH-AI-11LB,1
2022-08-06 09:20:00,CHL-CT-21LB,1
2022-08-06 12:29:00,CHL-CT-1LB,1
2022-08-06 09:20:00,INT-BA-32OZ,3
2022-08-06 13:12:00,INT-CT-25LB,3
2022-08-06 09:13:00,AQU-BA-32OZ,1
2022-08-06 10:23:00,INT-LS-1GAL,1
2022-08-06 17:56:00,AQU-CT-11LB,1
2022-08-06 11:52:00,CHL-CT-1LB,4
2022-08-06 14:30:00,CHL-PS-1LB,1
2022-08-07 16:06:00,BIO-MA-32OZ,1
2022-08-07 11:51:00,INT-CT-25LB,2
2022-08-07 14:28:00,AQU-CT-11LB,1
2022-08-07 13:02:00,CHL-S-1LB,1
2022-08-07 08:39:00,INT-BA-32OZ,1
2022-08-07 12:54:00,CHL-PS-1LB,4
2022-08-07 10:44:00,BIO-MA-32OZ,1
2022-08-07 18:51:00,INT-CHI-7LB,2
2022-08-07 09:18:00,AQU-CT-11LB,1
2022-08-07 09:02:00,AQU-PS-5LB,1
2022-08-07 13:11:00,AQU-PS-5LB,1
2022-08-07 15:24:00,CHL-CT-21LB,3
2022-08-07 17:33:00,INT-CA-32OZ,1
2022-08-07 09:44:00,AQU-BA-32OZ,1
2022-08-07 17:33:00,INT-CT-25LB,1
2022-08-07 15:35:00,AQU-BA-32OZ,3
2022-08-07 08:38:00,BIO-MA-32OZ,3
2022-08-07 10:48:00,INT-LS-1GAL,3
2022-08-07 15:00:00,AQU-CT-11LB,1
2022-08-07 12:23:00,INT-BA-32OZ,1
2022-08-07 10:15:00,INT-LS-1GAL,1
2022-08-07 16:33:00,CHL-PS-17LB,1
2022-08-07 16:54:00,CHL-PS-17LB,1
2022-08-07 13:25:00,CHL-CT-1LB,4
2022-08-07 10:56:00,INT-CA-32OZ,1
2022-08-07 10:59:00,INT-MA-1GAL,1
2022-08-07 13:35:00,AQU-CT-11LB,1
2022-08-07 14:26:00,CHL-CT-1LB,1
2022-08-07 08:20:00,CHL-CT-1LB,1
2022-08-07 17:32:00,CHL-CT-21LB,2
2022-08-07 14:50:00,CHL-CT-1LB,2
2022-08-07 15:34:00,INT-CT-25LB,4
2022-08-07 15:17:00,CHL-CT-1LB,3
2022-08-07 12:55:00,BIO-MA-32OZ,1
2022-08-07 10:08:00,INT-BA-32OZ,1
2022-08-07 15:45:00,INT-MA-1GAL,1
2022-08-07 13:32:00,CHL-CT-21LB,1
2022-08-07 13:47:00,AQU-CT-11LB,1
2022-08-07 18:17:00,AQU-BA-32OZ,1
2022-08-07 16:40:00,AQU-CHI-11LB,1
2022-08-07 13:46:00,CHL-PS-17LB,1
2022-08-07 17:27:00,INT-CA-32OZ,1
2022-08-07 13:50:00,AQU-CT-11LB,1
2022-08-07 13:50:00,AQU-CT-11LB,2
2022-08-07 17:18:00,AQU-CT-11LB,1
2022-08-07 10:32:00,AQU-PS-25LB,1
2022-08-08 17:58:00,INT-CT-25LB,1
2022-08-08 09:05:00,CHL-CT-1LB,1
2022-08-08 14:21:00,INT-LS-1GAL,1
2022-08-08 08:08:00,INT-LS-1GAL,1
2022-08-08 08:56:00,BIO-MA-32OZ,1
2022-08-08 08:02:00,INT-CT-25LB,1
2022-08-08 10:51:00,INT-LS-1GAL,2
2022-08-08 12:23:00,CHL-CT-21LB,1
2022-08-08 18:14:00,INT-BA-32OZ,2
2022-08-08 17:41:00,HTH-AI-11LB,1
2022-08-08 11:04:00,AQU-BA-32OZ,1
2022-08-08 11:08:00,CHL-CT-21LB,1
2022-08-08 18:56:00,AQU-PS-5LB,1
2022-08-08 09:51:00,INT-CA-32OZ,1
2022-08-08 13:55:00,INT-BA-32OZ,1
2022-08-08 13:04:00,AQU-CT-11LB,1
2022-08-08 11:00:00,CHL-CT-1LB,1
2022-08-08 13:21:00,INT-BA-32OZ,1
2022-08-08 15:02:00,AQU-PS-5LB,1
2022-08-08 16:13:00,CHL-CT-21LB,1
2022-08-08 18:40:00,CHL-PS-17LB,1
2022-08-08 14:35:00,BIO-MA-32OZ,3
2022-08-08 10:43:00,INT-BA-32OZ,1
2022-08-08 09:18:00,INT-BA-32OZ,1
2022-08-08 12:18:00,INT-LS-1GAL,1
2022-08-08 16:33:00,BIO-MA-32OZ,1
2022-08-08 17:24:00,INT-CT-25LB,1
2022-08-08 14:37:00,AQU-PS-25LB,1
2022-08-08 17:45:00,INT-CT-25LB,1
2022-08-08 15:09:00,BIO-MA-32OZ,1
2022-08-08 15:54:00,INT-CA-32OZ,1
2022-08-08 11:27:00,INT-BA-32OZ,1
2022-08-08 15:57:00,INT-MA-1GAL,1
2022-08-08 18:50:00,INT-BA-32OZ,1
2022-08-09 12:41:00,CHL-PS-17LB,1
2022-08-09 14:09:00,BIO-MA-32OZ,1
2022-08-09 08:08:00,CHL-PS-17LB,4
2022-08-09 13:54:00,INT-CA-32OZ,1
2022-08-09 16:47:00,INT-CT-25LB,1
2022-08-09 10:58:00,BIO-MA-32OZ,2
2022-08-09 13:18:00,BIO-MA-32OZ,1
2022-08-09 11:04:00,INT-BA-32OZ,1
2022-08-09 16:13:00,CHL-PS-1LB,2
2022-08-09 10:45:00,CHL-PS-1LB,1
2022-08-09 16:51:00,BIO-MA-32OZ,1
2022-08-09 09:47:00,CHL-PS-1LB,2
2022-08-09 10:12:00,AQU-PD-5LB,2
2022-08-09 09:08:00,INT-CT-25LB,1
2022-08-09 11:38:00,CHL-PS-1LB,1
2022-08-09 10:56:00,AQU-PS-25LB,3
2022-08-09 18:00:00,AQU-CT-11LB,1
2022-08-09 18:19:00,INT-CA-32OZ,2
2022-08-09 17:05:00,INT-BA-32OZ,3
2022-08-09 08:24:00,INT-CHI-7LB,3
2022-08-09 08:56:00,BIO-MA-32OZ,2
2022-08-09 09:33:00,INT-BA-32OZ,1
2022-08-09 11:26:00,AQU-PS-25LB,1
2022-08-09 12:31:00,AQU-PS-5LB,1
2022-08-09 10:13:00,CHL-PS-17LB,3
2022-08-09 16:29:00,BIO-MA-32OZ,1
2022-08-09 13:01:00,AQU-PS-25LB,2
2022-08-09 16:10:00,BIO-MA-32OZ,3
2022-08-09 15:25:00,HTH-F-2LB,4
2022-08-09 16:45:00,CHL-CT-1LB,1
2022-08-10 15:11:00,BIO-MA-32OZ,1
2022-08-10 10:57:00,BIO-MA-32OZ,1
2022-08-10 13:30:00,CHL-CT-21LB,1
2022-08-10 15:20:00,INT-MA-1GAL,1
2022-08-10 12:47:00,INT-MA-1GAL,2
2022-08-10 13:35:00,INT-CA-32OZ,2
2022-08-10 18:17:00,INT-CT-25LB,1
2022-08-10 15:08:00,CHL-PS-17LB,3
2022-08-10 14:09:00,INT-CA-32OZ,1
2022-08-10 17:02:00,INT-CT-25LB,1
2022-08-10 13:09:00,CHL-PS-17LB,1
2022-08-10 17:05:00,AQU-PS-25LB,1
2022-08-10 16:52:00,AQU-CT-11LB,1
2022-08-10 18:47:00,CHL-PS-1LB,1
2022-08-10 15:24:00,AQU-PS-25LB,1
2022-08-10 18:35:00,AQU-PS-5LB,1
2022-08-10 11:46:00,CHL-PS-17LB,2
2022-08-10 09:25:00,AQU-CT-11LB,1
2022-08-10 08:35:00,AQU-PS-5LB,1
2022-08-10 10:45:00,BIO-MA-32OZ,1
2022-08-10 15:07:00,CHL-PS-17LB,1
2022-08-10 18:30:00,CHL-CT-21LB,1
2022-08-10 10:04:00,INT-CT-25LB,1
2022-08-10 15:43:00,CHL-PS-1LB,1
2022-08-10 11:12:00,INT-CA-32OZ,1
2022-08-10 15:50:00,INT-LS-1GAL,1
2022-08-10 11:59:00,CHL-CT-1LB,2
2022-08-10 17:41:00,INT-CT-25LB,1
2022-08-11 10:53:00,INT-BA-32OZ,1
2022-08-11 08:20:00,CHL-CT-1LB,3
2022-08-11 10:11:00,BIO-MA-32OZ,1
2022-08-11 10:36:00,AQU-BA-32OZ,1
2022-08-11 17:58:00,INT-CA-32OZ,2
2022-08-11 17:13:00,CHL-CT-21LB,1
2022-08-11 14:56:00,AQU-BA-32OZ,1
2022-08-11 10:06:00,AQU-PS-25LB,1
2022-08-11 14:51:00,AQU-BA-32OZ,3
2022-08-11 13:42:00,AQU-PS-25LB,3
2022-08-11 17:04:00,AQU-PS-25LB,4
2022-08-11 18:19:00,INT-CT-25LB,1
2022-08-11 11:35:00,CHL-PS-1LB,1
2022-08-11 16:09:00,CHL-PS-17LB,2
2022-08-11 11:57:00,AQU-PS-25LB,4
2022-08-11 10:20:00,INT-BA-32OZ,1
2022-08-11 18:23:00,AQU-PS-25LB,3
2022-08-11 11:50:00,INT-BA-32OZ,3
2022-08-11 17:54:00,INT-MA-1GAL,1
2022-08-11 16:13:00,AQU-PS-5LB,2
2022-08-11 13:35:00,AQU-BA-32OZ,1
2022-08-11 12:17:00,CHL-CT-1LB,1
2022-08-11 14:07:00,INT-LS-1GAL,1
2022-08-11 15:46:00,AQU-CT-11LB,1
2022-08-11 18:29:00,AQU-CT-11LB,4
2022-08-11 15:14:00,BIO-MA-32OZ,3
2022-08-11 10:51:00,BIO-MA-32OZ,1
2022-08-11 14:18:00,BIO-MA-32OZ,3
2022-08-11 11:01:00,INT-MA-1GAL,1
2022-08-11 17:21:00,AQU-PS-25LB,1
2022-08-11 12:55:00,CHL-PS-17LB,4
2022-08-11 12:36:00,AQU-CT-11LB,3
2022-08-11 15:39:00,AQU-CT-11LB,1
2022-08-11 09:11:00,CHL-PS-1LB,1
2022-08-11 15:38:00,AQU-CT-11LB,1
2022-08-11 17:28:00,CHL-PS-17LB,2
2022-08-11 08:11:00,CHL-CT-1LB,2
2022-08-11 17:11:00,AQU-PS-5LB,1
2022-08-11 15:04:00,INT-LS-1GAL,2
2022-08-11 10:03:00,CHL-CT-1LB,1
2022-08-11 13:15:00,INT-MA-1GAL,1
2022-08-11 18:57:00,CHL-PS-1LB,2
2022-08-12 16:58:00,CHL-CT-21LB,1
2022-08-12 15:46:00,CHL-PS-17LB,1
2022-08-12 09:13:00,BIO-MA-32OZ,1
2022-08-12 15:45:00,INT-CT-25LB,3
2022-08-12 13:08:00,INT-LS-1GAL,2
2022-08-12 17:35:00,AQU-BA-32OZ,1
2022-08-12 16:15:00,CHL-CT-1LB,4
2022-08-12 10:09:00,INT-CHI-7LB,1
2022-08-12 08:51:00,CHL-PS-1LB,1
2022-08-12 18:48:00,CHL-CT-1LB,1
2022-08-12 09:08:00,INT-CT-25LB,3
2022-08-12 13:25:00,INT-LS-1GAL,2
2022-08-12 08:35:00,AQU-PS-5LB,1
2022-08-12 11:11:00,CHL-CT-21LB,1
2022-08-12 08:56:00,CHL-CT-1LB,3
2022-08-12 08:16:00,AQU-PS-25LB,2
2022-08-12 16:31:00,INT-LS-1GAL,1
2022-08-12 17:51:00,CHL-CT-21LB,2
2022-08-12 18:56:00,CHL-CT-1LB,1
2022-08-12 15:33:00,AQU-BA-32OZ,2
2022-08-12 16:32:00,CHL-PS-17LB,2
2022-08-12 17:28:00,CHL-CT-21LB,2
2022-08-12 13:43:00,CHL-CT-21LB,1
2022-08-12 11:44:00,INT-CT-25LB,1
2022-08-12 13:42:00,CHL-CT-21LB,3
2022-08-12 16:22:00,AQU-BA-32OZ,1
2022-08-12 10:15:00,AQU-CT-11LB,1
2022-08-13 14:59:00,CHL-CT-21LB,4
2022-08-13 08:51:00,INT-BA-32OZ,1
2022-08-13 08:12:00,CHL-CT-21LB,1
2022-08-13 08:17:00,INT-BA-32OZ,1
2022-08-13 12:15:00,CHL-PS-17LB,1
2022-08-13 14:41:00,INT-LS-1GAL,1
2022-08-13 09:52:00,CHL-PS-1LB,2
2022-08-13 17:54:00,INT-LS-1GAL,3
2022-08-13 17:20:00,CHL-PS-17LB,1
2022-08-13 09:29:00,AQU-CT-11LB,1
2022-08-13 09:22:00,INT-MA-1GAL,1
2022-08-13 10:13:00,CHL-CT-1LB,3
2022-08-13 17:57:00,CHL-CT-1LB,1
2022-08-13 09:01:00,INT-LS-1GAL,1
2022-08-13 10:41:00,CHL-PS-17LB,1
2022-08-13 17:10:00,BIO-MA-32OZ,3
2022-08-13 17:47:00,CHL-PS-1LB,1
2022-08-13 13:42:00,AQU-PS-25LB,1
2022-08-13 08:05:00,CHL-CT-1LB,2
2022-08-13 12:12:00,INT-CA-32OZ,1
2022-08-13 15:17:00,INT-CT-25LB,1
2022-08-13 18:55:00,AQU-PS-25LB,1
2022-08-13 16:12:00,CHL-PS-17LB,1
2022-08-13 08:39:00,INT-CT-25LB,1
2022-08-13 11:58:00,AQU-CHI-11LB,1
2022-08-13 08:36:00,AQU-PS-5LB,1
2022-08-13 14:30:00,INT-CT-25LB,4
2022-08-13 09:13:00,INT-CT-25LB,3
2022-08-13 18:37:00,AQU-CT-11LB,1
2022-08-13 15:05:00,CHL-CT-21LB,1
2022-08-13 17:07:00,CHL-CT-1LB,3
2022-08-13 10:25:00,CHL-PS-1LB,1
2022-08-13 08:40:00,CHL-CT-21LB,1
2022-08-13 10:46:00,AQU-PS-25LB,1
2022-08-13 10:07:00,AQU-CT-11LB,1
2022-08-13 11:10:00,INT-CA-32OZ,2
2022-08-13 09:55:00,INT-LS-1GAL,4
2022-08-13 18:59:00,AQU-BA-32OZ,1
2022-08-13 15:26:00,CHL-PS-17LB,1
2022-08-13 15:48:00,AQU-CT-11LB,3
2022-08-13 18:08:00,BIO-MA-32OZ,3
2022-08-13 08:07:00,AQU-PS-25LB,1
2022-08-14 18:05:00,INT-BA-32OZ,1
2022-08-14 09:07:00,INT-BA-32OZ,1
2022-08-14 14:25:00,BIO-MA-32OZ,1
2022-08-14 09:08:00,BIO-MA-32OZ,4
2022-08-14 10:02:00,AQU-BA-32OZ,2
2022-08-14 09:39:00,INT-BA-32OZ,1
2022-08-14 08:28:00,INT-CA-32OZ,2
2022-08-14 10:46:00,INT-CT-25LB,2
2022-08-14 13:42:00,AQU-CT-11LB,1
2022-08-14 16:48:00,CHL-CT-21LB,1
2022-08-14 15:59:00,CHL-CT-1LB,1
2022-08-14 11:12:00,CHL-CT-1LB,2
2022-08-14 17:47:00,CHL-CT-21LB,1
2022-08-14 11:02:00,AQU-CT-11LB,1
2022-08-14 12:36:00,AQU-CT-11LB,1
2022-08-14 11:27:00,AQU-PD-5LB,1
2022-08-14 14:21:00,INT-BA-32OZ,3
2022-08-14 11:34:00,CHL-S-1LB,1
2022-08-14 08:42:00,CHL-CT-21LB,1
2022-08-14 10:29:00,CHL-CT-21LB,1
2022-08-14 18:56:00,BIO-MA-32OZ,1
2022-08-14 18:51:00,CHL-CT-21LB,1
2022-08-14 12:49:00,INT-AI-5LB,1
2022-08-14 16:06:00,INT-LS-1GAL,1
2022-08-14 10:48:00,AQU-PS-5LB,2
2022-08-14 12:11:00,INT-BA-32OZ,1
2022-08-14 09:05:00,CHL-PS-1LB,2
2022-08-14 12:01:00,INT-BA-32OZ,4
2022-08-14 16:43:00,INT-CT-25LB,1
2022-08-14 14:40:00,CHL-CT-1LB,1
2022-08-14 16:08:00,INT-CA-32OZ,2
2022-08-14 13:55:00,CHL-PS-17LB,1
2022-08-15 18:20:00,AQU-PS-5LB,3
2022-08-15 10:09:00,AQU-PS-25LB,1
2022-08-15 17:18:00,AQU-PS-25LB,1
2022-08-15 14:08:00,INT-CA-32OZ,3
2022-08-15 08:53:00,CHL-PS-17LB,1
2022-08-15 17:12:00,CHL-CT-1LB,4
2022-08-15 13:22:00,INT-LS-1GAL,1
2022-08-15 14:53:00,CHL-CT-21LB,1
2022-08-15 09:51:00,CHL-PS-1LB,1
2022-08-15 18:00:00,INT-CA-32OZ,1
2022-08-15 11:45:00,INT-BA-32OZ,1
2022-08-15 18:36:00,INT-CT-25LB,1
2022-08-15 17:22:00,INT-BA-32OZ,1
2022-08-15 10:49:00,AQU-PS-25LB,1
2022-08-15 17:31:00,AQU-CT-11LB,2
2022-08-15 08:49:00,CHL-CT-1LB,1
2022-08-15 09:14:00,AQU-PS-25LB,1
2022-08-15 15:07:00,INT-CA-32OZ,1
2022-08-15 10:17:00,INT-CA-32OZ,1
2022-08-15 11:27:00,AQU-BA-32OZ,4
2022-08-15 13:35:00,INT-BA-32OZ,3
2022-08-15 13:34:00,CHL-CT-21LB,3
2022-08-15 13:24:00,BIO-MA-32OZ,4
2022-08-15 12:48:00,INT-CT-25LB,2
2022-08-15 10:13:00,CHL-CT-21LB,1
2022-08-15 08:16:00,CHL-CT-1LB,3
2022-08-15 09:56:00,CHL-PS-1LB,1
2022-08-15 10:01:00,CHL-CT-1LB,1
2022-08-15 10:30:00,AQU-BA-32OZ,3
2022-08-15 08:27:00,INT-CT-25LB,1
2022-08-15 09:23:00,AQU-CT-11LB,1
2022-08-16 15:14:00,CHL-CT-21LB,1
2022-08-16 16:31:00,INT-BA-32OZ,1
2022-08-16 12:03:00,AQU-CT-11LB,1
2022-08-16 10:38:00,CHL-CHI-20LB,1
2022-08-16 17:03:00,CHL-PS-1LB,1
2022-08-16 15:46:00,AQU-BA-32OZ,2
2022-08-16 09:27:00,INT-BA-32OZ,1
2022-08-16 14:55:00,INT-BA-32OZ,2
2022-08-16 17:01:00,INT-CT-25LB,3
2022-08-16 14:14:00,AQU-PS-25LB,1
2022-08-16 10:08:00,AQU-BA-32OZ,1
2022-08-16 12:33:00,CHL-PS-1LB,1
2022-08-16 18:57:00,AQU-BA-32OZ,1
2022-08-16 09:21:00,CHL-PS-1LB,1
2022-08-16 13:16:00,AQU-BA-32OZ,3
2022-08-16 10:52:00,CHL-CT-21LB,1
2022-08-16 18:40:00,INT-LS-1GAL,1
2022-08-16 18:00:00,BIO-MA-32OZ,1
2022-08-16 11:44:00,AQU-CT-11LB,1
2022-08-16 12:02:00,AQU-PS-5LB,1
2022-08-16 11:03:00,INT-CT-25LB,2
2022-08-16 09:01:00,AQU-PS-25LB,1
2022-08-16 17:23:00,INT-CT-25LB,4
2022-08-16 14:31:00,AQU-PS-25LB,4
2022-08-16 17:58:00,INT-CA-32OZ,2
2022-08-16 18:28:00,AQU-PS-5LB,1
2022-08-16 13:27:00,CHL-PS-1LB,1
2022-08-16 12:39:00,INT-CHI-7LB,1
2022-08-16 09:23:00,CHL-CT-21LB,1
2022-08-16 15:37:00,INT-CA-32OZ,1
2022-08-16 18:49:00,AQU-PS-5LB,1
2022-08-17 13:18:00,INT-CA-32OZ,1
2022-08-17 14:53:00,AQU-PS-25LB,1
2022-08-17 10:15:00,INT-AI-5LB,1
2022-08-17 12:30:00,INT-CA-32OZ,1
2022-08-17 09:08:00,CHL-PS-17LB,1
2022-08-17 12:29:00,AQU-PS-5LB,1
2022-08-17 14:00:00,INT-CT-25LB,1
2022-08-17 09:02:00,AQU-PS-5LB,1
2022-08-17 16:03:00,BIO-MA-32OZ,2
2022-08-17 09:51:00,AQU-PS-5LB,1
2022-08-17 16:07:00,AQU-BA-32OZ,2
2022-08-17 08:13:00,HTH-F-2LB,1
2022-08-17 08:51:00,AQU-CT-11LB,1
2022-08-17 14:35:00,INT-CT-25LB,1
2022-08-17 11:06:00,AQU-PS-5LB,1
2022-08-17 15:25:00,INT-BA-32OZ,1
2022-08-17 12:48:00,INT-CT-25LB,3
2022-08-17 09:31:00,INT-CA-32OZ,1
2022-08-17 10:27:00,INT-CHI-7LB,1
2022-08-17 16:02:00,AQU-PS-5LB,4
2022-08-17 16:00:00,CHL-PS-1LB,1
2022-08-17 16:06:00,INT-LS-1GAL,1
2022-08-17 18:23:00,CHL-CT-21LB,1
2022-08-17 15:06:00,CHL-CT-21LB,2
2022-08-17 10:37:00,AQU-PS-25LB,1
2022-08-17 08:55:00,AQU-PS-25LB,2
2022-08-17 09:21:00,INT-CA-32OZ,3
2022-08-17 08:29:00,CHL-PS-17LB,1
2022-08-17 09:12:00,AQU-PS-5LB,1
2022-08-17 16:02:00,CHL-CT-21LB,4
2022-08-17 14:28:00,CHL-CT-1LB,4
2022-08-17 09:15:00,CHL-PS-1LB,3
2022-08-17 08:29:00,CHL-PS-17LB,3
2022-08-17 11:21:00,CHL-PS-1LB,3
2022-08-17 09:03:00,CHL-PS-17LB,1
2022-08-17 12:23:00,AQU-CT-11LB,1
2022-08-18 12:31:00,AQU-PS-5LB,1
2022-08-18 12:12:00,AQU-CT-11LB,3
2022-08-18 14:11:00,CHL-CT-1LB,1
2022-08-18 09:45:00,AQU-PS-25LB,1
2022-08-18 11:01:00,CHL-CT-1LB,1
2022-08-18 08:36:00,AQU-PS-25LB,1
2022-08-18 14:11:00,BIO-MA-32OZ,1
2022-08-18 13:34:00,AQU-BA-32OZ,1
2022-08-18 16:43:00,CHL-PS-1LB,1
2022-08-18 13:28:00,CHL-CT-21LB,1
2022-08-18 14:45:00,INT-CT-25LB,1
2022-08-18 14:38:00,INT-BA-32OZ,1
2022-08-18 12:31:00,INT-LS-1GAL,2
2022-08-18 08:13:00,INT-CA-32OZ,1
2022-08-18 09:35:00,AQU-BA-32OZ,3
2022-08-18 08:21:00,CHL-CT-21LB,1
2022-08-18 11:42:00,CHL-PU-2LB,1
2022-08-18 11:38:00,CHL-PS-1LB,1
2022-08-18 14:10:00,INT-CA-32OZ,3
2022-08-18 15:59:00,INT-BA-32OZ,4
2022-08-18 12:53:00,AQU-PS-5LB,1
2022-08-18 14:56:00,INT-CT-25LB,4
2022-08-18 14:27:00,CHL-CT-21LB,1
2022-08-18 10:05:00,AQU-PS-25LB,1
2022-08-18 13:37:00,INT-LS-1GAL,1
2022-08-18 09:33:00,AQU-BA-32OZ,1
2022-08-18 11:53:00,INT-BA-32OZ,1
2022-08-18 10:44:00,CHL-PS-1LB,1
2022-08-18 15:01:00,AQU-BA-32OZ,1
2022-08-18 08:03:00,AQU-BA-32OZ,2
2022-08-18 12:25:00,AQU-PS-5LB,1
2022-08-18 14:27:00,INT-BA-32OZ,1
2022-08-18 09:19:00,INT-LS-1GAL,1
2022-08-18 13:40:00,AQU-CT-11LB,3
2022-08-18 17:01:00,AQU-PS-5LB,1
2022-08-18 09:50:00,CHL-CT-21LB,1
2022-08-18 09:03:00,INT-CT-25LB,3
2022-08-18 15:37:00,BIO-MA-32OZ,1
2022-08-18 15:42:00,AQU-PS-25LB,1
2022-08-18 15:07:00,INT-BA-32OZ,2
2022-08-18 12:02:00,CHL-S-1LB,1
2022-08-18 08:47:00,CHL-CT-21LB,1
2022-08-18 18:16:00,AQU-PS-5LB,1
2022-08-18 17:15:00,CHL-PS-1LB,1
2022-08-18 16:49:00,INT-LS-1GAL,1
2022-08-18 16:04:00,CHL-CT-21LB,1
2022-08-18 17:48:00,AQU-CT-11LB,1
2022-08-18 18:44:00,INT-MA-1GAL,1
2022-08-19 08:20:00,INT-MA-1GAL,1
2022-08-19 11:42:00,CHL-CT-21LB,1
2022-08-19 09:20:00,AQU-PS-5LB,1
2022-08-19 10:02:00,INT-CA-32OZ,1
2022-08-19 12:39:00,CHL-CT-21LB,1
2022-08-19 17:32:00,CHL-CT-1LB,3
2022-08-19 08:51:00,AQU-BA-32OZ,1
2022-08-19 17:19:00,AQU-PS-25LB,1
2022-08-19 18:53:00,INT-MA-1GAL,1
2022-08-19 17:52:00,BIO-MA-32OZ,1
2022-08-19 15:59:00,INT-CHI-7LB,1
2022-08-19 14:50:00,INT-LS-1GAL,1
2022-08-19 17:33:00,CHL-S-1LB,4
2022-08-19 15:40:00,INT-CA-32OZ,2
2022-08-19 11:41:00,INT-CT-25LB,2
2022-08-19 09:12:00,AQU-BA-32OZ,1
2022-08-19 15:37:00,INT-CT-25LB,1
2022-08-19 15:43:00,CHL-CT-21LB,3
2022-08-19 09:52:00,CHL-CT-1LB,1
2022-08-19 14:24:00,AQU-CT-11LB,1
2022-08-19 17:35:00,CHL-CT-21LB,3
2022-08-19 12:06:00,INT-CT-25LB,3
2022-08-19 14:58:00,CHL-PS-17LB,3
2022-08-19 14:06:00,INT-CT-25LB,1
2022-08-19 10:13:00,INT-CT-25LB,4
2022-08-19 15:18:00,AQU-PS-5LB,1
2022-08-19 08:31:00,AQU-BA-32OZ,1
2022-08-19 15:36:00,INT-CT-25LB,1
2022-08-19 12:15:00,INT-LS-1GAL,1
2022-08-19 11:53:00,CHL-PS-1LB,2
2022-08-19 10:48:00,CHL-PS-1LB,1
2022-08-19 13:27:00,CHL-CT-21LB,1
2022-08-19 10:13:00,INT-LS-1GAL,2
2022-08-19 16:42:00,INT-MA-1GAL,3
2022-08-19 17:38:00,CHL-CT-21LB,3
2022-08-19 12:37:00,BIO-PU-5LB,1
2022-08-19 17:58:00,INT-LS-1GAL,1
2022-08-19 09:39:00,AQU-CT-11LB,3
2022-08-19 15:51:00,CHL-CT-21LB,1
2022-08-20 12:10:00,CHL-CT-1LB,3
2022-08-20 14:54:00,AQU-PS-5LB,1
2022-08-20 18:08:00,INT-CT-25LB,3
2022-08-20 08:13:00,CHL-PS-1LB,1
2022-08-20 15:03:00,AQU-PS-25LB,3
2022-08-20 16:29:00,CHL-PS-17LB,1
2022-08-20 16:54:00,CHL-CT-21LB,1
2022-08-20 10:06:00,BIO-MA-32OZ,3
2022-08-20 09:26:00,CHL-CT-21LB,3
2022-08-20 08:53:00,INT-CA-32OZ,1
2022-08-20 10:42:00,BIO-PD-2LB,1
2022-08-20 18:42:00,CHL-CT-1LB,1
2022-08-20 08:40:00,CHL-CT-1LB,1
2022-08-20 18:40:00,INT-CA-32OZ,2
2022-08-20 12:06:00,INT-CA-32OZ,1
2022-08-20 16:51:00,INT-MA-1GAL,1
2022-08-20 09:15:00,INT-LS-1GAL,1
2022-08-20 13:43:00,CHL-PS-1LB,1
2022-08-20 17:36:00,INT-CT-25LB,3
2022-08-20 16:38:00,AQU-CHI-11LB,2
2022-08-20 16:56:00,AQU-CT-11LB,2
2022-08-20 17:28:00,BIO-MA-32OZ,1
2022-08-20 10:57:00,BIO-MA-32OZ,1
2022-08-20 09:05:00,CHL-CT-1LB,1
2022-08-20 15:01:00,INT-BA-32OZ,2
2022-08-20 16:32:00,CHL-CT-1LB,1
2022-08-20 18:37:00,AQU-BA-32OZ,4
2022-08-20 12:59:00,AQU-PS-25LB,1
2022-08-20 18:32:00,INT-BA-32OZ,1
2022-08-20 08:52:00,CHL-PS-1LB,1
2022-08-20 09:34:00,BIO-MA-32OZ,2
2022-08-20 14:57:00,CHL-CT-21LB,1
2022-08-20 12:19:00,INT-CT-25LB,1
2022-08-20 16:08:00,CHL-CT-21LB,1
2022-08-20 10:48:00,AQU-CT-11LB,1
2022-08-20 09:28:00,INT-BA-32OZ,1
2022-08-21 13:33:00,CHL-CT-1LB,1
2022-08-21 16:47:00,AQU-PS-25LB,1
2022-08-21 11:36:00,AQU-PS-5LB,1
2022-08-21 15:32:00,INT-BA-32OZ,2
2022-08-21 13:28:00,INT-LS-1GAL,1
2022-08-21 08:34:00,INT-MA-1GAL,3
2022-08-21 10:03:00,INT-LS-1GAL,2
2022-08-21 08:16:00,INT-CT-25LB,4
2022-08-21 16:02:00,AQU-CT-11LB,2
2022-08-21 14:30:00,INT-CA-32OZ,1
2022-08-21 13:30:00,BIO-MA-32OZ,1
2022-08-21 18:05:00,AQU-PS-5LB,1
2022-08-21 10:53:00,INT-MA-1GAL,1
2022-08-21 11:24:00,INT-BA-32OZ,1
2022-08-21 17:05:00,AQU-PS-5LB,1
2022-08-21 12:38:00,INT-CA-32OZ,4
2022-08-21 14:05:00,CHL-PS-17LB,1
2022-08-21 18:42:00,AQU-PS-5LB,1
2022-08-21 09:59:00,CHL-CT-1LB,1
2022-08-21 10:32:00,AQU-PS-25LB,1
2022-08-21 15:43:00,BIO-MA-32OZ,4
2022-08-21 17:17:00,INT-LS-1GAL,1
2022-08-21 10:38:00,AQU-PS-25LB,3
2022-08-21 18:27:00,INT-BA-32OZ,2
2022-08-21 16:57:00,CHL-PS-1LB,1
2022-08-21 16:09:00,CHL-CT-21LB,1
2022-08-21 15:46:00,AQU-PS-25LB,1
2022-08-21 14:37:00,INT-CA-32OZ,1
2022-08-21 18:59:00,INT-CT-25LB,1
2022-08-21 15:42:00,AQU-PS-5LB,1
2022-08-21 18:03:00,INT-LS-1GAL,1
2022-08-21 12:02:00,CHL-CT-1LB,1
2022-08-21 17:22:00,AQU-CT-11LB,4
2022-08-21 11:45:00,CHL-CT-1LB,2
2022-08-21 09:16:00,AQU-PS-25LB,1
2022-08-21 09:50:00,CHL-CT-21LB,1
2022-08-21 17:27:00,AQU-CT-11LB,1
2022-08-22 14:02:00,AQU-PS-25LB,1
2022-08-22 15:57:00,CHL-PS-1LB,1
2022-08-22 16:41:00,BIO-MA-32OZ,1
2022-08-22 11:11:00,CHL-PS-17LB,1
2022-08-22 15:18:00,BIO-MA-32OZ,1
2022-08-22 18:57:00,INT-LS-1GAL,1
2022-08-22 16:35:00,CHL-CT-21LB,1
2022-08-22 11:21:00,AQU-BA-32OZ,1
2022-08-22 14:22:00,INT-CA-32OZ,1
2022-08-22 09:49:00,INT-CT-25LB,3
2022-08-22 15:37:00,AQU-CT-11LB,2
2022-08-22 18:42:00,BIO-MA-32OZ,1
2022-08-22 18:25:00,INT-CA-32OZ,3
2022-08-22 10:18:00,INT-CT-25LB,1
2022-08-22 18:02:00,AQU-PS-5LB,1
2022-08-22 17:59:00,AQU-PS-5LB,1
2022-08-22 14:44:00,CHL-PS-1LB,1
2022-08-22 18:18:00,AQU-CT-11LB,1
2022-08-22 17:24:00,INT-CT-25LB,2
2022-08-22 14:34:00,CHL-PS-1LB,1
2022-08-22 11:46:00,CHL-PS-1LB,1
2022-08-22 12:59:00,CHL-PS-1LB,2
2022-08-22 17:27:00,AQU-PS-25LB,3
2022-08-22 08:17:00,AQU-CT-11LB,1
2022-08-22 15:32:00,BIO-MA-32OZ,2
2022-08-22 12:09:00,INT-CT-25LB,3
2022-08-22 09:28:00,CHL-CT-1LB,2
2022-08-22 08:09:00,CHL-CT-1LB,2
2022-08-22 16:21:00,AQU-PS-25LB,1
2022-08-22 09:24:00,INT-BA-32OZ,1
2022-08-22 10:10:00,AQU-PS-25LB,1
2022-08-22 13:37:00,INT-BA-32OZ,3
2022-08-22 11:52:00,INT-BA-32OZ,2
2022-08-22 18:26:00,CHL-CT-21LB,1
2022-08-22 12:34:00,AQU-PS-5LB,1
2022-08-22 16:08:00,INT-LS-1GAL,1
2022-08-22 08:32:00,AQU-CT-11LB,1
2022-08-22 17:50:00,CHL-CT-1LB,2
2022-08-22 11:17:00,INT-CA-32OZ,2
2022-08-23 16:44:00,INT-CHI-7LB,1
2022-08-23 16:14:00,INT-BA-32OZ,3
2022-08-23 17:02:00,INT-CT-25LB,2
2022-08-23 14:08:00,CHL-CT-1LB,1
2022-08-23 12:25:00,CHL-PS-1LB,4
2022-08-23 15:09:00,BIO-MA-32OZ,3
2022-08-23 16:28:00,INT-BA-32OZ,1
2022-08-23 17:36:00,CHL-PS-1LB,3
2022-08-23 09:27:00,CHL-CT-1LB,1
2022-08-23 08:39:00,CHL-CT-21LB,1
2022-08-23 09:05:00,INT-BA-32OZ,1
2022-08-23 12:04:00,INT-BA-32OZ,3
2022-08-23 11:53:00,CHL-PS-17LB,1
2022-08-23 09:37:00,AQU-CT-11LB,4
2022-08-23 11:22:00,CHL-CT-1LB,1
2022-08-23 18:48:00,INT-BA-32OZ,1
2022-08-23 17:40:00,INT-MA-1GAL,3
2022-08-23 10:52:00,CHL-CT-21LB,1
2022-08-23 11:45:00,CHL-PS-1LB,1
2022-08-23 14:06:00,INT-CA-32OZ,1
2022-08-23 11:13:00,AQU-PS-25LB,3
2022-08-23 15:46:00,AQU-CT-11LB,1
2022-08-23 14:57:00,CHL-PS-1LB,1
2022-08-23 08:21:00,BIO-MA-32OZ,1
2022-08-23 10:15:00,INT-CT-25LB,1
2022-08-23 08:58:00,CHL-CT-1LB,3
2022-08-23 12:20:00,INT-CT-25LB,3
2022-08-23 16:32:00,AQU-BA-32OZ,3
2022-08-23 09:25:00,AQU-BA-32OZ,1
2022-08-23 13:49:00,AQU-PD-5LB,1
2022-08-23 08:58:00,CHL-PS-1LB,1
2022-08-23 10:23:00,INT-LS-1GAL,1
2022-08-23 12:48:00,CHL-CT-1LB,1
2022-08-23 12:31:00,AQU-CT-11LB,1
2022-08-23 10:16:00,INT-CA-32OZ,1
2022-08-23 09:39:00,AQU-PS-25LB,1
2022-08-23 09:27:00,INT-LS-1GAL,1
2022-08-23 13:41:00,AQU-CT-11LB,1
2022-08-23 08:55:00,CHL-CT-1LB,1
2022-08-23 11:44:00,HTH-AI-11LB,1
2022-08-24 08:50:00,CHL-PS-1LB,4
2022-08-24 17:26:00,INT-CA-32OZ,1
2022-08-24 14:54:00,CHL-CT-1LB,1
2022-08-24 09:30:00,AQU-PS-25LB,1
2022-08-24 15:57:00,BIO-MA-32OZ,3
2022-08-24 09:49:00,CHL-PS-17LB,2
2022-08-24 16:08:00,INT-CA-32OZ,1
2022-08-24 12:38:00,CHL-CT-1LB,1
2022-08-24 16:36:00,INT-CA-32OZ,2
2022-08-24 16:40:00,AQU-PS-5LB,1
2022-08-24 08:34:00,INT-CA-32OZ,2
2022-08-24 16:58:00,CHL-PS-17LB,1
2022-08-24 08:55:00,AQU-BA-32OZ,1
2022-08-24 14:29:00,AQU-CT-11LB,2
2022-08-24 16:09:00,AQU-PS-5LB,3
2022-08-24 09:17:00,INT-LS-1GAL,1
2022-08-24 09:28:00,AQU-PS-25LB,1
2022-08-24 12:26:00,AQU-PS-5LB,1
2022-08-24 16:54:00,AQU-PS-25LB,3
2022-08-24 09:50:00,CHL-CT-21LB,1
2022-08-24 11:53:00,AQU-CT-11LB,1
2022-08-24 13:39:00,AQU-CT-11LB,1
2022-08-24 10:58:00,AQU-BA-32OZ,1
2022-08-24 14:40:00,AQU-PS-5LB,1
2022-08-24 14:16:00,INT-BA-32OZ,1
2022-08-24 16:27:00,BIO-MA-32OZ,1
2022-08-24 17:42:00,INT-BA-32OZ,1
2022-08-24 16:39:00,CHL-S-1LB,1
2022-08-24 11:44:00,INT-CT-25LB,1
2022-08-24 17:25:00,INT-CA-32OZ,1
2022-08-24 17:35:00,CHL-PS-1LB,2
2022-08-24 15:19:00,AQU-CT-11LB,1
2022-08-24 16:24:00,INT-CT-25LB,2
2022-08-24 17:19:00,CHL-PS-17LB,1
2022-08-24 09:20:00,CHL-S-1LB,1
2022-08-24 13:37:00,CHL-CT-1LB,2
2022-08-24 12:20:00,CHL-CT-21LB,1
2022-08-24 18:03:00,CHL-PS-17LB,1
2022-08-25 17:08:00,AQU-BA-32OZ,1
2022-08-25 17:43:00,AQU-PS-25LB,3
2022-08-25 10:03:00,AQU-PS-5LB,1
2022-08-25 18:49:00,AQU-PS-25LB,1
2022-08-25 15:23:00,CHL-CT-1LB,1
2022-08-25 11:44:00,INT-CT-25LB,1
2022-08-25 14:56:00,INT-BA-32OZ,1
2022-08-25 08:22:00,CHL-CT-21LB,1
2022-08-25 09:04:00,INT-BA-32OZ,1
2022-08-25 15:05:00,INT-BA-32OZ,1
2022-08-25 14:43:00,CHL-PS-17LB,1
2022-08-25 08:14:00,AQU-PS-25LB,3
2022-08-25 17:34:00,INT-CA-32OZ,1
2022-08-25 16:51:00,AQU-PS-25LB,1
2022-08-25 14:13:00,AQU-BA-32OZ,3
2022-08-25 14:20:00,AQU-PS-5LB,2
2022-08-25 11:26:00,AQU-CT-11LB,1
2022-08-25 18:08:00,INT-CA-32OZ,1
2022-08-25 09:32:00,BIO-MA-32OZ,1
2022-08-25 17:16:00,INT-LS-1GAL,1
2022-08-25 13:23:00,INT-LS-1GAL,1
2022-08-25 17:03:00,INT-LS-1GAL,1
2022-08-25 14:31:00,CHL-CT-1LB,2
2022-08-25 08:03:00,INT-CT-25LB,1
2022-08-25 08:38:00,CHL-PS-17LB,1
2022-08-25 18:41:00,CHL-PS-1LB,1
2022-08-25 17:19:00,AQU-PS-25LB,1
2022-08-25 10:19:00,INT-CT-25LB,4
2022-08-25 16:37:00,AQU-PS-5LB,2
2022-08-25 12:11:00,AQU-PS-5LB,1
2022-08-25 08:18:00,INT-BA-32OZ,3
2022-08-25 14:24:00,AQU-PS-5LB,1
2022-08-25 18:55:00,AQU-PS-5LB,1
2022-08-25 12:50:00,AQU-BA-32OZ,2
2022-08-25 16:39:00,INT-CA-32OZ,1
2022-08-25 14:27:00,AQU-BA-32OZ,1
2022-08-25 15:26:00,CHL-PS-17LB,2
2022-08-25 08:20:00,AQU-PS-25LB,1
2022-08-26 12:10:00,INT-CT-25LB,1
2022-08-26 08:52:00,INT-CA-32OZ,2
2022-08-26 12:20:00,BIO-PU-5LB,1
2022-08-26 14:55:00,BIO-MA-32OZ,2
2022-08-26 13:31:00,AQU-PS-25LB,1
2022-08-26 15:21:00,AQU-CT-11LB,1
2022-08-26 16:57:00,INT-LS-1GAL,1
2022-08-26 08:36:00,AQU-PS-5LB,1
2022-08-26 15:50:00,AQU-CT-11LB,2
2022-08-26 12:49:00,BIO-MA-32OZ,1
2022-08-26 13:14:00,AQU-CT-11LB,1
2022-08-26 11:50:00,CHL-PS-17LB,1
2022-08-26 16:51:00,BIO-MA-32OZ,1
2022-08-26 17:01:00,BIO-MA-32OZ,2
2022-08-26 14:08:00,CHL-PS-17LB,1
2022-08-26 11:54:00,AQU-CT-11LB,1
2022-08-26 13:16:00,CHL-CT-21LB,4
2022-08-26 14:56:00,BIO-MA-32OZ,3
2022-08-26 14:50:00,CHL-PS-1LB,1
2022-08-26 10:54:00,AQU-PS-5LB,1
2022-08-26 18:11:00,AQU-CT-11LB,1
2022-08-26 14:21:00,CHL-CT-21LB,3
2022-08-26 12:03:00,INT-MA-1GAL,1
2022-08-26 09:25:00,AQU-BA-32OZ,1
2022-08-26 18:21:00,AQU-CT-11LB,2
2022-08-26 17:38:00,AQU-PS-5LB,3
2022-08-26 13:14:00,INT-BA-32OZ,3
2022-08-26 08:00:00,CHL-CHI-20LB,1
2022-08-26 18:27:00,AQU-PS-5LB,1
2022-08-26 10:54:00,INT-LS-1GAL,1
2022-08-26 10:07:00,BIO-MA-32OZ,1
2022-08-26 10:09:00,HTH-AI-11LB,2
2022-08-26 12:11:00,CHL-PS-17LB,1
2022-08-26 15:27:00,AQU-CT-11LB,1
2022-08-26 15:44:00,CHL-CT-21LB,1
2022-08-26 18:30:00,INT-BA-32OZ,1
2022-08-26 12:25:00,BIO-MA-32OZ,2
2022-08-26 10:48:00,AQU-PS-25LB,1
2022-08-26 13:39:00,INT-BA-32OZ,4
2022-08-27 08:06:00,AQU-CT-11LB,1
2022-08-27 09:11:00,CHL-PS-17LB,1
2022-08-27 12:45:00,INT-LS-1GAL,1
2022-08-27 09:05:00,INT-BA-32OZ,1
2022-08-27 13:58:00,CHL-PS-1LB,1
2022-08-27 16:52:00,AQU-BA-32OZ,1
2022-08-27 12:34:00,HTH-S-5LB,1
2022-08-27 16:40:00,AQU-PS-25LB,1
2022-08-27 14:03:00,INT-BA-32OZ,1
2022-08-27 08:48:00,INT-CT-25LB,2
2022-08-27 16:00:00,INT-CA-32OZ,1
2022-08-27 09:30:00,BIO-MA-32OZ,1
2022-08-27 17:33:00,CHL-CT-1LB,1
2022-08-27 14:30:00,INT-CT-25LB,1
2022-08-27 15:35:00,CHL-CT-1LB,1
2022-08-27 10:12:00,INT-LS-1GAL,1
2022-08-27 09:11:00,CHL-PS-17LB,1
2022-08-27 17:38:00,CHL-CT-1LB,3
2022-08-27 13:28:00,CHL-PS-17LB,1
2022-08-27 08:59:00,INT-LS-1GAL,2
2022-08-27 12:28:00,CHL-PS-1LB,1
2022-08-27 10:45:00,CHL-PS-17LB,4
2022-08-27 14:50:00,INT-CT-25LB,1
2022-08-27 12:54:00,AQU-PS-25LB,1
2022-08-27 10:40:00,AQU-PS-5LB,2
2022-08-27 14:04:00,CHL-CT-21LB,1
2022-08-27 10:46:00,INT-LS-1GAL,1
2022-08-28 10:03:00,INT-BA-32OZ,1
2022-08-28 11:33:00,INT-CT-25LB,3
2022-08-28 12:14:00,AQU-PS-5LB,3
2022-08-28 15:21:00,AQU-PS-5LB,1
2022-08-28 11:27:00,INT-CT-25LB,1
2022-08-28 13:44:00,AQU-PS-5LB,2
2022-08-28 17:46:00,HTH-AI-11LB,1
2022-08-28 14:55:00,AQU-BA-32OZ,1
2022-08-28 16:03:00,INT-MA-1GAL,1
2022-08-28 15:35:00,BIO-MA-32OZ,1
2022-08-28 13:52:00,AQU-BA-32OZ,1
2022-08-28 18:10:00,CHL-CT-1LB,1
2022-08-28 13:16:00,BIO-MA-32OZ,1
2022-08-28 16:11:00,CHL-CT-1LB,1
2022-08-28 12:08:00,BIO-MA-32OZ,1
2022-08-28 09:42:00,AQU-PS-5LB,3
2022-08-28 16:44:00,CHL-CT-1LB,1
2022-08-28 11:32:00,CHL-PS-17LB,3
2022-08-28 13:56:00,AQU-PS-25LB,1
2022-08-28 12:23:00,AQU-BA-32OZ,1
2022-08-28 12:03:00,BIO-MA-32OZ,1
2022-08-28 08:43:00,INT-BA-32OZ,1
2022-08-28 14:16:00,INT-BA-32OZ,1
2022-08-28 12:41:00,CHL-PS-1LB,3
2022-08-28 13:18:00,CHL-PS-1LB,2
2022-08-28 18:29:00,CHL-PS-17LB,1
2022-08-28 13:47:00,BIO-MA-32OZ,1
2022-08-28 10:55:00,AQU-BA-32OZ,1
2022-08-29 09:07:00,CHL-CT-1LB,1
2022-08-29 10:12:00,INT-LS-1GAL,1
2022-08-29 10:59:00,INT-CA-32OZ,1
2022-08-29 15:18:00,CHL-PS-17LB,2
2022-08-29 16:39:00,BIO-MA-32OZ,1
2022-08-29 15:43:00,CHL-CT-21LB,1
2022-08-29 17:46:00,CHL-CT-21LB,1
2022-08-29 09:28:00,CHL-CHI-20LB,1
2022-08-29 15:57:00,INT-CT-25LB,3
2022-08-29 14:48:00,INT-BA-32OZ,3
2022-08-29 11:15:00,INT-LS-1GAL,1
2022-08-29 18:18:00,AQU-BA-32OZ,1
2022-08-29 18:41:00,INT-CA-32OZ,1
2022-08-29 18:47:00,INT-CA-32OZ,1
2022-08-29 10:31:00,AQU-PS-25LB,1
2022-08-29 10:01:00,INT-BA-32OZ,1
2022-08-29 11:55:00,INT-BA-32OZ,1
2022-08-29 16:34:00,AQU-PS-25LB,2
2022-08-29 14:43:00,INT-LS-1GAL,1
2022-08-29 10:52:00,AQU-CT-11LB,1
2022-08-29 09:57:00,BIO-PD-2LB,1
2022-08-29 15:22:00,CHL-CT-1LB,1
2022-08-29 08:41:00,INT-CA-32OZ,1
2022-08-29 16:03:00,INT-CA-32OZ,1
2022-08-29 09:38:00,BIO-MA-32OZ,1
2022-08-29 14:15:00,INT-MA-1GAL,1
2022-08-29 08:16:00,CHL-CT-21LB,2
2022-08-30 18:12:00,HTH-AI-11LB,1
2022-08-30 08:24:00,AQU-PS-25LB,1
2022-08-30 17:50:00,CHL-CT-21LB,2
2022-08-30 11:20:00,CHL-CT-1LB,1
2022-08-30 16:32:00,CHL-CT-21LB,1
2022-08-30 10:17:00,AQU-BA-32OZ,3
2022-08-30 17:57:00,AQU-CT-11LB,1
2022-08-30 11:21:00,AQU-BA-32OZ,1
2022-08-30 11:56:00,AQU-PS-25LB,1
2022-08-30 12:00:00,CHL-PS-17LB,2
2022-08-30 08:54:00,INT-CT-25LB,4
2022-08-30 18:47:00,AQU-PS-25LB,1
2022-08-30 09:32:00,INT-AI-25LB,2
2022-08-30 09:45:00,INT-CA-32OZ,1
2022-08-30 14:28:00,INT-CA-32OZ,1
2022-08-30 15:32:00,CHL-CT-21LB,1
2022-08-30 12:32:00,INT-CT-25LB,2
2022-08-30 09:53:00,INT-BA-32OZ,1
2022-08-30 14:22:00,AQU-CT-11LB,1
2022-08-30 10:17:00,INT-LS-1GAL,1
2022-08-30 12:16:00,AQU-PS-5LB,1
2022-08-30 18:23:00,AQU-CHI-11LB,1
2022-08-30 12:16:00,CHL-CT-21LB,2
2022-08-30 14:03:00,CHL-PS-1LB,3
2022-08-30 16:13:00,CHL-CT-1LB,3
2022-08-30 16:56:00,CHL-PS-1LB,1
2022-08-30 13:44:00,INT-LS-1GAL,1
2022-08-30 09:30:00,AQU-BA-32OZ,1
2022-08-30 17:39:00,INT-BA-32OZ,1
2022-08-30 11:28:00,BIO-MA-32OZ,2
2022-08-30 16:06:00,CHL-CT-21LB,1
2022-08-30 08:41:00,INT-BA-32OZ,1
2022-08-31 18:20:00,CHL-PS-17LB,1
2022-08-31 11:41:00,CHL-CHI-20LB,3
2022-08-31 17:07:00,INT-CT-25LB,1
2022-08-31 10:34:00,HTH-F-2LB,1
2022-08-31 15:32:00,CHL-CT-1LB,3
2022-08-31 16:42:00,AQU-PS-25LB,1
2022-08-31 12:55:00,INT-BA-32OZ,1
2022-08-31 16:47:00,CHL-CT-1LB,1
2022-08-31 14:51:00,CHL-CT-21LB,4
2022-08-31 17:36:00,AQU-PS-25LB,1
2022-08-31 17:27:00,AQU-PS-5LB,1
2022-08-31 17:33:00,INT-CA-32OZ,1
2022-08-31 16:49:00,AQU-PS-25LB,1
2022-08-31 10:56:00,CHL-CT-21LB,1
2022-08-31 17:03:00,CHL-CT-1LB,1
2022-08-31 12:20:00,INT-CHI-7LB,2
2022-08-31 15:37:00,INT-CA-32OZ,3
2022-08-31 10:53:00,INT-CA-32OZ,3
2022-08-31 15:06:00,CHL-PS-1LB,1
2022-08-31 12:53:00,INT-CA-32OZ,1
2022-08-31 15:43:00,CHL-PS-17LB,1
2022-08-31 10:16:00,INT-LS-1GAL,1
2022-08-31 14:14:00,INT-LS-1GAL,1
2022-08-31 08:51:00,AQU-BA-32OZ,2
2022-08-31 09:55:00,BIO-MA-32OZ,3
2022-08-31 17:34:00,CHL-CT-1LB,1
2022-08-31 14:45:00,CHL-PS-1LB,3
2022-08-31 12:11:00,CHL-PS-1LB,2
2022-08-31 12:08:00,CHL-CT-1LB,3
2022-08-31 11:53:00,CHL-CT-1LB,2
2022-08-31 16:41:00,INT-LS-1GAL,1
2022-08-31 11:37:00,INT-CT-25LB,4
2022-08-31 15:10:00,CHL-CT-21LB,3
2022-08-31 16:15:00,BIO-MA-32OZ,2
2022-08-31 11:36:00,AQU-CT-11LB,1
2022-08-31 09:09:00,CHL-PS-17LB,4
2022-08-31 09:41:00,CHL-S-1LB,2
2022-09-01 15:01:00,AQU-CHI-11LB,1
2022-09-01 14:58:00,BIO-MA-32OZ,1
2022-09-01 10:56:00,CHL-CT-1LB,2
2022-09-01 17:13:00,AQU-PS-5LB,1
2022-09-01 10:33:00,INT-MA-1GAL,1
2022-09-01 16:59:00,INT-CA-32OZ,2
2022-09-01 08:45:00,CHL-PS-1LB,1
2022-09-01 17:35:00,AQU-CT-11LB,1
2022-09-01 11:10:00,CHL-CT-1LB,2
2022-09-01 10:07:00,CHL-PS-1LB,1
2022-09-01 08:52:00,CHL-PS-1LB,1
2022-09-01 09:00:00,CHL-CT-1LB,2
2022-09-01 10:14:00,CHL-PS-17LB,1
2022-09-01 10:56:00,INT-BA-32OZ,1
2022-09-01 08:01:00,CHL-CT-21LB,3
2022-09-01 09:44:00,CHL-CT-21LB,1
2022-09-01 16:24:00,INT-CT-25LB,1
2022-09-01 15:27:00,CHL-PS-1LB,1
2022-09-01 14:07:00,CHL-PS-17LB,1
2022-09-01 08:58:00,AQU-PS-25LB,1
2022-09-01 08:32:00,CHL-CT-1LB,3
2022-09-01 18:38:00,INT-CT-25LB,3
2022-09-01 18:55:00,CHL-CT-21LB,1
2022-09-01 16:58:00,AQU-CT-11LB,2
2022-09-01 18:30:00,CHL-PS-17LB,1
2022-09-01 14:07:00,INT-LS-1GAL,1
2022-09-01 08:35:00,INT-LS-1GAL,1
2022-09-01 09:52:00,AQU-PS-25LB,1
2022-09-01 12:12:00,CHL-CT-1LB,1
2022-09-01 13:24:00,CHL-CT-21LB,1
2022-09-01 09:18:00,AQU-PS-25LB,1
2022-09-01 08:58:00,CHL-PS-1LB,1
2022-09-01 11:57:00,INT-CT-25LB,1
2022-09-01 16:18:00,AQU-PS-25LB,1
2022-09-01 13:41:00,AQU-PS-5LB,1
2022-09-01 11:41:00,INT-AI-25LB,1
2022-09-01 09:37:00,AQU-CT-11LB,1
2022-09-01 16:48:00,INT-BA-32OZ,3
2022-09-01 08:50:00,AQU-BA-32OZ,2
2022-09-01 15:17:00,INT-MA-1GAL,1
2022-09-01 14:50:00,INT-CT-25LB,3
2022-09-02 16:41:00,INT-CT-25LB,4
2022-09-02 10:12:00,AQU-PS-5LB,1
2022-09-02 13:19:00,INT-AI-25LB,1
2022-09-02 14:55:00,INT-CA-32OZ,1
2022-09-02 17:20:00,INT-BA-32OZ,3
2022-09-02 18:50:00,CHL-CT-1LB,1
2022-09-02 09:02:00,CHL-PS-1LB,3
2022-09-02 08:12:00,INT-CA-32OZ,1
2022-09-02 08:29:00,CHL-PS-1LB,2
2022-09-02 14:58:00,BIO-MA-32OZ,1
2022-09-02 10:00:00,INT-LS-1GAL,2
2022-09-02 13:52:00,CHL-CT-21LB,4
2022-09-02 12:21:00,AQU-CT-11LB,1
2022-09-02 17:24:00,CHL-CT-21LB,3
2022-09-02 15:53:00,CHL-CT-1LB,1
2022-09-02 09:21:00,INT-LS-1GAL,3
2022-09-02 08:57:00,CHL-CT-21LB,1
2022-09-02 08:27:00,CHL-CT-21LB,1
2022-09-02 14:57:00,CHL-PS-1LB,1
2022-09-02 18:24:00,INT-CT-25LB,2
2022-09-02 14:17:00,BIO-MA-32OZ,3
2022-09-02 09:04:00,CHL-CT-1LB,2
2022-09-02 08:57:00,AQU-PS-5LB,1
2022-09-02 18:25:00,AQU-PS-5LB,1
2022-09-02 13:19:00,AQU-PS-25LB,1
2022-09-02 09:45:00,INT-BA-32OZ,1
2022-09-02 09:45:00,CHL-CT-21LB,1
2022-09-02 11:18:00,CHL-PS-17LB,1
2022-09-02 08:51:00,AQU-PS-25LB,1
2022-09-02 15:34:00,INT-CT-25LB,2
2022-09-02 13:06:00,INT-LS-1GAL,1
2022-09-02 14:39:00,BIO-MA-32OZ,1
2022-09-02 17:17:00,AQU-PS-5LB,1
2022-09-02 17:30:00,INT-BA-32OZ,1
2022-09-02 08:33:00,INT-CA-32OZ,1
2022-09-02 17:00:00,AQU-CT-11LB,1
2022-09-02 13:49:00,INT-CA-32OZ,3
2022-09-02 16:48:00,AQU-PS-25LB,1
2022-09-02 11:27:00,AQU-PS-25LB,1
2022-09-02 14:35:00,INT-LS-1GAL,1
2022-09-02 11:18:00,HTH-AI-11LB,1
2022-09-02 16:09:00,AQU-PS-25LB,1
2022-09-02 14:34:00,CHL-PS-17LB,1
2022-09-03 17:39:00,CHL-CT-21LB,1
2022-09-03 14:10:00,INT-BA-32OZ,1
2022-09-03 14:38:00,INT-LS-1GAL,1
2022-09-03 15:50:00,BIO-PD-2LB,1
2022-09-03 08:33:00,AQU-CT-11LB,1
2022-09-03 11:34:00,AQU-PS-5LB,1
2022-09-03 14:35:00,CHL-PS-17LB,1
2022-09-03 16:33:00,CHL-CT-1LB,2
2022-09-03 18:36:00,INT-CA-32OZ,1
2022-09-03 09:30:00,CHL-CT-21LB,2
2022-09-03 16:43:00,INT-CT-25LB,1
2022-09-03 18:41:00,INT-CA-32OZ,1
2022-09-03 15:50:00,INT-CA-32OZ,1
2022-09-03 17:04:00,INT-CT-25LB,1
2022-09-03 13:01:00,BIO-MA-32OZ,1
2022-09-03 13:51:00,INT-BA-32OZ,2
2022-09-03 17:27:00,AQU-BA-32OZ,2
2022-09-03 10:23:00,CHL-PS-17LB,3
2022-09-03 15:54:00,INT-CT-25LB,1
2022-09-03 09:36:00,BIO-PU-5LB,1
2022-09-03 15:57:00,AQU-PS-25LB,1
2022-09-03 14:01:00,INT-CA-32OZ,1
2022-09-03 17:15:00,INT-BA-32OZ,1
2022-09-03 10:01:00,INT-CT-25LB,2
2022-09-03 09:08:00,CHL-PS-17LB,1
2022-09-03 14:56:00,BIO-MA-32OZ,1
2022-09-03 13:29:00,INT-LS-1GAL,1
2022-09-03 18:33:00,BIO-MA-32OZ,1
2022-09-03 17:35:00,CHL-CT-1LB,1
2022-09-03 10:24:00,CHL-CT-21LB,2
2022-09-03 08:19:00,INT-CA-32OZ,1
2022-09-03 09:35:00,INT-BA-32OZ,2
2022-09-03 08:48:00,INT-LS-1GAL,1
2022-09-03 17:23:00,AQU-BA-32OZ,1
2022-09-03 10:04:00,INT-BA-32OZ,1
2022-09-03 15:23:00,BIO-MA-32OZ,1
2022-09-03 13:32:00,AQU-BA-32OZ,4
2022-09-03 13:07:00,INT-MA-1GAL,3
2022-09-03 15:31:00,CHL-PS-1LB,3
2022-09-03 15:18:00,AQU-PS-5LB,3
2022-09-03 09:42:00,AQU-PS-25LB,1
2022-09-03 10:31:00,CHL-PS-1LB,2
2022-09-03 12:24:00,AQU-PS-5LB,1
2022-09-03 17:11:00,BIO-MA-32OZ,1
2022-09-03 09:06:00,CHL-PS-1LB,1
2022-09-03 16:43:00,CHL-PS-1LB,1
2022-09-03 18:35:00,INT-AI-5LB,1
2022-09-03 10:17:00,AQU-PS-25LB,1
2022-09-03 09:38:00,INT-AI-25LB,1
2022-09-03 17:25:00,CHL-CT-21LB,1
2022-09-04 14:17:00,INT-CA-32OZ,3
2022-09-04 10:10:00,INT-LS-1GAL,1
2022-09-04 10:38:00,CHL-CT-21LB,1
2022-09-04 15:21:00,AQU-PS-25LB,1
2022-09-04 16:37:00,CHL-PS-17LB,2
2022-09-04 09:28:00,CHL-PS-1LB,1
2022-09-04 08:51:00,INT-LS-1GAL,1
2022-09-04 12:46:00,AQU-CT-11LB,1
2022-09-04 13:17:00,INT-CA-32OZ,4
2022-09-04 10:06:00,INT-CA-32OZ,1
2022-09-04 16:22:00,INT-MA-1GAL,1
2022-09-04 18:18:00,AQU-CT-11LB,1
2022-09-04 13:31:00,AQU-PS-25LB,3
2022-09-04 08:20:00,INT-LS-1GAL,1
2022-09-04 14:49:00,AQU-PS-25LB,2
2022-09-04 16:08:00,INT-CA-32OZ,1
2022-09-04 08:54:00,INT-BA-32OZ,2
2022-09-04 17:09:00,CHL-CT-21LB,1
2022-09-04 10:54:00,INT-CT-25LB,1
2022-09-04 13:31:00,INT-BA-32OZ,1
2022-09-04 08:45:00,AQU-CT-11LB,3
2022-09-04 17:01:00,CHL-PS-1LB,1
2022-09-04 08:04:00,AQU-PS-5LB,1
2022-09-04 18:25:00,AQU-PS-25LB,4
2022-09-04 11:59:00,AQU-PS-25LB,1
2022-09-04 13:26:00,AQU-PS-5LB,1
2022-09-04 12:03:00,INT-CHI-7LB,1
2022-09-04 15:10:00,AQU-BA-32OZ,4
2022-09-04 11:52:00,INT-CT-25LB,1
2022-09-04 10:17:00,INT-BA-32OZ,2
2022-09-04 15:11:00,CHL-PS-17LB,1
2022-09-04 16:10:00,INT-LS-1GAL,1
2022-09-04 16:39:00,AQU-BA-32OZ,1
2022-09-04 13:56:00,INT-LS-1GAL,1
2022-09-04 12:00:00,AQU-PS-25LB,1
2022-09-04 08:05:00,CHL-CT-21LB,1
2022-09-04 15:33:00,INT-LS-1GAL,1
2022-09-04 18:58:00,CHL-CT-21LB,2
2022-09-04 16:11:00,AQU-BA-32OZ,1
2022-09-04 10:44:00,INT-CT-25LB,3
2022-09-04 12:45:00,CHL-CT-1LB,3
2022-09-04 15:15:00,AQU-BA-32OZ,1
2022-09-04 09:08:00,AQU-PS-25LB,1
2022-09-04 14:04:00,CHL-PS-17LB,3
2022-09-04 14:59:00,AQU-PD-5LB,1
2022-09-04 16:59:00,INT-CT-25LB,1
2022-09-04 13:00:00,CHL-CT-1LB,1
2022-09-04 15:04:00,INT-MA-1GAL,1
2022-09-04 08:50:00,AQU-PS-5LB,1
2022-09-04 13:35:00,CHL-CT-1LB,1
2022-09-04 18:44:00,AQU-CT-11LB,1
2022-09-04 08:05:00,INT-CA-32OZ,1
2022-09-04 09:36:00,INT-LS-1GAL,2
2022-09-05 08:39:00,INT-LS-1GAL,2
2022-09-05 10:54:00,AQU-PS-5LB,1
2022-09-05 15:56:00,AQU-CT-11LB,1
2022-09-05 09:52:00,CHL-PS-17LB,1
2022-09-05 18:05:00,INT-CA-32OZ,2
2022-09-05 13:11:00,INT-AI-25LB,1
2022-09-05 14:05:00,AQU-PS-25LB,2
2022-09-05 08:47:00,CHL-CT-21LB,1
2022-09-05 13:14:00,CHL-PS-17LB,1
2022-09-05 15:03:00,AQU-CT-11LB,1
2022-09-05 17:08:00,HTH-S-5LB,1
2022-09-05 11:02:00,INT-CHI-7LB,2
2022-09-05 08:29:00,AQU-CT-11LB,2
2022-09-05 09:51:00,INT-BA-32OZ,1
2022-09-05 14:37:00,INT-LS-1GAL,1
2022-09-05 13:43:00,INT-BA-32OZ,1
2022-09-05 08:00:00,AQU-CT-11LB,1
2022-09-05 15:16:00,CHL-CT-21LB,1
2022-09-05 18:05:00,CHL-CT-21LB,3
2022-09-05 16:36:00,INT-CT-25LB,2
2022-09-05 12:35:00,INT-CT-25LB,1
2022-09-05 13:44:00,INT-CT-25LB,1
2022-09-05 12:14:00,HTH-F-2LB,1
2022-09-05 18:09:00,CHL-CT-1LB,1
2022-09-05 17:33:00,AQU-PS-5LB,2
2022-09-05 15:26:00,AQU-CT-11LB,2
2022-09-05 17:35:00,AQU-PS-25LB,1
2022-09-05 17:13:00,AQU-PS-25LB,1
2022-09-05 14:22:00,BIO-MA-32OZ,1
2022-09-05 10:38:00,CHL-CT-1LB,4
2022-09-05 12:17:00,AQU-PS-5LB,1
2022-09-05 15:49:00,CHL-CT-1LB,1
2022-09-05 09:26:00,AQU-PS-25LB,1
2022-09-05 09:39:00,AQU-BA-32OZ,1
2022-09-05 16:59:00,BIO-MA-32OZ,1
2022-09-05 10:30:00,INT-CT-25LB,2
2022-09-05 11:51:00,AQU-BA-32OZ,1
2022-09-05 12:51:00,INT-LS-1GAL,2
2022-09-05 16:05:00,CHL-S-1LB,4
2022-09-05 11:57:00,INT-BA-32OZ,1
2022-09-05 09:02:00,AQU-PS-5LB,3
2022-09-05 12:21:00,AQU-CT-11LB,1
2022-09-05 08:09:00,AQU-PD-5LB,1
2022-09-05 13:49:00,INT-CA-32OZ,1
2022-09-06 17:25:00,AQU-PS-5LB,1
2022-09-06 11:43:00,CHL-PS-17LB,1
2022-09-06 10:04:00,AQU-CT-11LB,1
2022-09-06 15:57:00,HTH-AI-11LB,1
2022-09-06 12:13:00,AQU-PS-25LB,1
2022-09-06 13:28:00,CHL-PS-17LB,4
2022-09-06 12:33:00,INT-LS-1GAL,1
2022-09-06 11:21:00,AQU-BA-32OZ,1
2022-09-06 10:26:00,CHL-CT-1LB,3
2022-09-06 16:03:00,INT-CA-32OZ,1
2022-09-06 14:55:00,INT-BA-32OZ,3
2022-09-06 12:34:00,CHL-CT-21LB,2
2022-09-06 14:02:00,INT-AI-5LB,1
2022-09-06 14:28:00,AQU-PS-5LB,1
2022-09-06 11:37:00,INT-CT-25LB,1
2022-09-06 16:14:00,INT-MA-1GAL,1
2022-09-06 12:57:00,AQU-CT-11LB,2
2022-09-06 12:59:00,CHL-CT-21LB,1
2022-09-06 16:32:00,AQU-PS-5LB,1
2022-09-06 11:35:00,AQU-BA-32OZ,1
2022-09-06 12:11:00,CHL-CT-1LB,1
2022-09-06 13:51:00,BIO-MA-32OZ,3
2022-09-06 11:24:00,CHL-CT-1LB,2
2022-09-06 18:54:00,CHL-CT-1LB,1
2022-09-06 12:25:00,BIO-MA-32OZ,1
2022-09-06 10:34:00,CHL-CT-21LB,1
2022-09-06 08:21:00,INT-LS-1GAL,1
2022-09-06 13:03:00,CHL-PS-1LB,1
2022-09-06 15:52:00,INT-LS-1GAL,1
2022-09-06 15:59:00,CHL-PS-17LB,2
2022-09-06 12:45:00,INT-BA-32OZ,4
2022-09-06 08:25:00,AQU-BA-32OZ,1
2022-09-06 13:28:00,CHL-PS-1LB,1
2022-09-06 17:21:00,INT-CT-25LB,1
2022-09-06 13:05:00,AQU-PS-5LB,1
2022-09-06 13:25:00,AQU-BA-32OZ,3
2022-09-06 10:13:00,CHL-PS-17LB,1
2022-09-06 17:11:00,CHL-PS-1LB,1
2022-09-06 08:38:00,INT-CA-32OZ,2
2022-09-06 08:34:00,CHL-CT-21LB,1
2022-09-06 13:57:00,CHL-CT-1LB,3
2022-09-06 13:06:00,AQU-PS-25LB,1
2022-09-06 08:31:00,INT-CA-32OZ,2
2022-09-06 18:44:00,AQU-BA-32OZ,1
2022-09-06 12:46:00,CHL-CT-21LB,1
2022-09-06 08:42:00,BIO-PD-2LB,2
2022-09-06 17:06:00,BIO-MA-32OZ,1
2022-09-06 11:06:00,BIO-MA-32OZ,1
2022-09-06 09:06:00,CHL-PS-1LB,1
2022-09-06 15:49:00,INT-BA-32OZ,1
2022-09-06 16:24:00,AQU-BA-32OZ,2
2022-09-06 09:38:00,CHL-PS-1LB,1
2022-09-06 18:01:00,CHL-PS-17LB,1
2022-09-06 10:21:00,INT-CT-25LB,3
2022-09-07 15:43:00,BIO-MA-32OZ,1
2022-09-07 14:03:00,CHL-CT-21LB,2
2022-09-07 18:44:00,CHL-PS-1LB,3
2022-09-07 10:10:00,INT-CA-32OZ,1
2022-09-07 18:01:00,INT-AI-25LB,1
2022-09-07 14:45:00,AQU-BA-32OZ,1
2022-09-07 17:23:00,INT-CA-32OZ,1
2022-09-07 11:20:00,INT-CA-32OZ,1
2022-09-07 12:44:00,AQU-PS-25LB,1
2022-09-07 09:43:00,AQU-BA-32OZ,1
2022-09-07 10:00:00,INT-BA-32OZ,2
2022-09-07 09:42:00,AQU-BA-32OZ,1
2022-09-07 10:11:00,AQU-BA-32OZ,1
2022-09-07 15:57:00,INT-CA-32OZ,2
2022-09-07 13:50:00,CHL-PS-1LB,1
2022-09-07 17:22:00,AQU-CT-11LB,1
2022-09-07 08:00:00,CHL-PU-2LB,1
2022-09-07 10:55:00,INT-MA-1GAL,1
2022-09-07 14:48:00,HTH-S-5LB,2
2022-09-07 08:05:00,BIO-MA-32OZ,1
2022-09-07 13:07:00,INT-CT-25LB,1
2022-09-07 13:13:00,INT-LS-1GAL,1
2022-09-07 10:58:00,INT-CA-32OZ,1
2022-09-07 13:51:00,CHL-CT-21LB,1
2022-09-07 18:43:00,AQU-PS-5LB,1
2022-09-07 18:37:00,INT-CA-32OZ,1
2022-09-07 12:28:00,INT-CA-32OZ,1
2022-09-07 18:56:00,BIO-MA-32OZ,1
2022-09-07 17:21:00,BIO-MA-32OZ,1
2022-09-07 08:28:00,CHL-CT-1LB,1
2022-09-07 12:02:00,AQU-BA-32OZ,2
2022-09-07 15:06:00,CHL-PS-1LB,1
2022-09-07 15:45:00,INT-LS-1GAL,1
2022-09-07 11:54:00,INT-CT-25LB,1
2022-09-07 10:29:00,INT-MA-1GAL,4
2022-09-07 17:35:00,INT-BA-32OZ,1
2022-09-07 08:59:00,CHL-CT-1LB,1
2022-09-07 13:45:00,CHL-CT-21LB,1
2022-09-07 17:43:00,CHL-S-1LB,3
2022-09-07 13:41:00,AQU-PS-5LB,1
2022-09-07 08:58:00,BIO-MA-32OZ,2
2022-09-07 11:42:00,AQU-PS-25LB,2
2022-09-07 09:03:00,INT-BA-32OZ,1
2022-09-07 08:25:00,CHL-PS-17LB,3
2022-09-07 12:43:00,INT-BA-32OZ,1
2022-09-07 17:13:00,INT-CA-32OZ,2
2022-09-07 12:49:00,AQU-BA-32OZ,1
2022-09-07 08:13:00,AQU-CHI-11LB,1
2022-09-07 17:07:00,INT-CT-25LB,1
2022-09-07 08:17:00,CHL-CT-1LB,1
2022-09-07 13:08:00,AQU-BA-32OZ,1
2022-09-07 08:56:00,CHL-CT-21LB,1
2022-09-07 11:27:00,CHL-PS-1LB,1
2022-09-07 08:32:00,INT-MA-1GAL,2
2022-09-07 17:44:00,HTH-S-5LB,1
2022-09-07 12:04:00,INT-BA-32OZ,1
2022-09-07 09:34:00,BIO-MA-32OZ,1
2022-09-07 12:40:00,AQU-PS-5LB,1
2022-09-07 17:58:00,AQU-PS-25LB,1
2022-09-07 09:14:00,INT-BA-32OZ,2
2022-09-07 18:21:00,CHL-CHI-20LB,1
2022-09-07 17:39:00,AQU-CT-11LB,2
2022-09-07 10:34:00,INT-CT-25LB,1
2022-09-08 11:58:00,BIO-MA-32OZ,1
2022-09-08 13:43:00,CHL-PS-17LB,1
2022-09-08 17:21:00,AQU-PS-5LB,1
2022-09-08 10:02:00,CHL-PS-1LB,1
2022-09-08 13:24:00,AQU-PS-25LB,1
2022-09-08 09:02:00,INT-BA-32OZ,1
2022-09-08 08:26:00,CHL-PS-1LB,1
2022-09-08 15:36:00,INT-LS-1GAL,1
2022-09-08 17:00:00,AQU-CT-11LB,1
2022-09-08 18:01:00,INT-CT-25LB,3
2022-09-08 14:36:00,CHL-CT-21LB,1
2022-09-08 14:58:00,AQU-PS-25LB,2
2022-09-08 16:03:00,AQU-PS-5LB,1
2022-09-08 09:34:00,CHL-CT-1LB,1
2022-09-08 14:45:00,CHL-PU-2LB,3
2022-09-08 15:30:00,CHL-PS-17LB,1
2022-09-08 12:02:00,BIO-MA-32OZ,1
2022-09-08 11:30:00,AQU-CT-11LB,2
2022-09-08 16:17:00,INT-CT-25LB,4
2022-09-08 18:08:00,INT-CT-25LB,1
2022-09-08 11:42:00,CHL-CT-21LB,2
2022-09-08 11:36:00,INT-CT-25LB,1
2022-09-08 12:19:00,INT-AI-5LB,1
2022-09-08 17:44:00,CHL-CT-1LB,1
2022-09-08 13:55:00,INT-BA-32OZ,1
2022-09-08 11:01:00,AQU-CT-11LB,2
2022-09-08 08:25:00,CHL-CT-21LB,2
2022-09-08 15:29:00,AQU-CT-11LB,4
2022-09-08 14:48:00,INT-LS-1GAL,1
2022-09-08 10:21:00,AQU-CT-11LB,1
2022-09-08 13:00:00,INT-LS-1GAL,1
2022-09-08 11:10:00,INT-BA-32OZ,1
2022-09-08 18:22:00,INT-CT-25LB,2
2022-09-08 08:04:00,INT-CA-32OZ,1
2022-09-08 15:13:00,INT-CT-25LB,1
2022-09-08 14:20:00,AQU-BA-32OZ,3
2022-09-08 12:08:00,INT-LS-1GAL,1
2022-09-08 14:11:00,CHL-PS-17LB,1
2022-09-08 12:06:00,INT-CT-25LB,1
2022-09-08 15:34:00,INT-LS-1GAL,1
2022-09-08 12:11:00,INT-MA-1GAL,1
2022-09-08 17:03:00,CHL-PS-17LB,1
2022-09-08 18:11:00,CHL-CT-21LB,3
2022-09-08 18:36:00,INT-LS-1GAL,1
2022-09-08 10:14:00,INT-CT-25LB,1
2022-09-08 11:19:00,INT-CA-32OZ,1
2022-09-08 13:54:00,INT-CT-25LB,1
2022-09-09 08:47:00,CHL-PS-17LB,1
2022-09-09 08:36:00,INT-BA-32OZ,1
2022-09-09 08:41:00,AQU-PS-5LB,1
2022-09-09 14:53:00,CHL-PS-17LB,1
2022-09-09 18:02:00,AQU-CT-11LB,1
2022-09-09 13:15:00,CHL-CHI-20LB,1
2022-09-09 08:40:00,BIO-MA-32OZ,2
2022-09-09 16:35:00,CHL-CHI-20LB,1
2022-09-09 14:32:00,AQU-BA-32OZ,4
2022-09-09 12:15:00,CHL-PS-17LB,1
2022-09-09 08:09:00,CHL-PS-1LB,1
2022-09-09 09:05:00,INT-CT-25LB,1
2022-09-09 14:25:00,BIO-MA-32OZ,1
2022-09-09 15:14:00,BIO-MA-32OZ,1
2022-09-09 10:39:00,INT-BA-32OZ,1
2022-09-09 08:18:00,AQU-PS-25LB,2
2022-09-09 18:21:00,AQU-PS-25LB,1
2022-09-09 15:21:00,AQU-BA-32OZ,1
2022-09-09 17:35:00,BIO-MA-32OZ,1
2022-09-09 16:28:00,AQU-PS-5LB,1
2022-09-09 13:54:00,CHL-CHI-20LB,1
2022-09-09 17:55:00,AQU-BA-32OZ,4
2022-09-09 10:05:00,CHL-CT-1LB,1
2022-09-09 10:37:00,BIO-MA-32OZ,1
2022-09-09 17:49:00,CHL-PS-17LB,1
2022-09-09 14:19:00,INT-CA-32OZ,2
2022-09-09 10:25:00,AQU-PS-25LB,1
2022-09-09 08:14:00,BIO-PU-5LB,1
2022-09-09 11:26:00,INT-CA-32OZ,1
2022-09-09 18:51:00,BIO-MA-32OZ,3
2022-09-09 10:51:00,INT-LS-1GAL,1
2022-09-09 08:56:00,AQU-CT-11LB,1
2022-09-09 10:29:00,CHL-CT-1LB,1
2022-09-09 13:22:00,CHL-PS-17LB,1
2022-09-09 16:11:00,BIO-MA-32OZ,1
2022-09-09 09:16:00,INT-LS-1GAL,1
2022-09-09 15:29:00,INT-CA-32OZ,1
2022-09-09 08:44:00,AQU-PS-25LB,1
2022-09-09 17:08:00,BIO-MA-32OZ,2
2022-09-09 08:58:00,INT-BA-32OZ,1
2022-09-09 15:07:00,INT-CT-25LB,2
2022-09-09 09:51:00,CHL-CT-1LB,1
2022-09-09 13:53:00,INT-CT-25LB,2
2022-09-09 10:14:00,CHL-PS-1LB,1
2022-09-09 16:00:00,INT-BA-32OZ,1
2022-09-09 10:12:00,INT-BA-32OZ,1
2022-09-09 14:44:00,AQU-PS-5LB,1
2022-09-09 10:06:00,INT-CT-25LB,1
2022-09-09 18:50:00,INT-BA-32OZ,1
2022-09-09 17:46:00,AQU-PS-25LB,1
2022-09-09 18:10:00,CHL-CT-21LB,1
2022-09-09 09:22:00,AQU-CT-11LB,3
2022-09-09 16:50:00,AQU-CT-11LB,1
2022-09-09 09:33:00,CHL-PS-1LB,1
2022-09-09 17:58:00,AQU-PS-5LB,2
2022-09-09 15:46:00,INT-LS-1GAL,1
2022-09-10 13:36:00,INT-CA-32OZ,1
2022-09-10 09:27:00,AQU-PS-25LB,1
2022-09-10 09:49:00,INT-LS-1GAL,1
2022-09-10 09:32:00,INT-LS-1GAL,1
2022-09-10 14:13:00,AQU-BA-32OZ,3
2022-09-10 16:23:00,BIO-MA-32OZ,3
2022-09-10 13:35:00,INT-CT-25LB,1
2022-09-10 16:05:00,CHL-CT-21LB,2
2022-09-10 17:56:00,CHL-CT-21LB,1
2022-09-10 13:36:00,BIO-MA-32OZ,2
2022-09-10 15:44:00,BIO-MA-32OZ,1
2022-09-10 15:10:00,AQU-PS-25LB,1
2022-09-10 09:24:00,CHL-CT-21LB,1
2022-09-10 16:33:00,CHL-CT-1LB,1
2022-09-10 08:45:00,AQU-PS-25LB,2
2022-09-10 08:48:00,AQU-BA-32OZ,1
2022-09-10 13:58:00,INT-CT-25LB,1
2022-09-10 11:30:00,AQU-PS-5LB,2
2022-09-10 16:48:00,INT-CA-32OZ,2
2022-09-10 17:54:00,AQU-CT-11LB,3
2022-09-10 11:04:00,CHL-PS-17LB,1
2022-09-10 16:24:00,AQU-PS-5LB,2
2022-09-10 17:09:00,AQU-PS-25LB,1
2022-09-10 16:58:00,INT-CT-25LB,1
2022-09-10 17:30:00,CHL-PS-1LB,1
2022-09-10 10:51:00,CHL-PS-1LB,1
2022-09-10 16:17:00,CHL-CT-21LB,1
2022-09-10 13:56:00,AQU-PS-25LB,2
2022-09-10 12:55:00,CHL-CT-21LB,1
2022-09-10 08:42:00,AQU-CT-11LB,1
2022-09-10 09:32:00,INT-AI-5LB,1
2022-09-10 10:10:00,AQU-PS-5LB,1
2022-09-10 15:10:00,INT-LS-1GAL,1
2022-09-10 08:03:00,AQU-PD-5LB,3
2022-09-10 10:35:00,CHL-PS-17LB,1
2022-09-11 12:34:00,INT-CT-25LB,1
2022-09-11 10:40:00,INT-BA-32OZ,2
2022-09-11 11:08:00,INT-CA-32OZ,4
2022-09-11 18:09:00,INT-LS-1GAL,3
2022-09-11 08:16:00,CHL-PS-1LB,1
2022-09-11 09:17:00,CHL-PS-1LB,1
2022-09-11 12:31:00,AQU-PS-5LB,2
2022-09-11 12:41:00,INT-BA-32OZ,1
2022-09-11 11:46:00,INT-CA-32OZ,3
2022-09-11 10:59:00,INT-BA-32OZ,1
2022-09-11 16:47:00,AQU-BA-32OZ,2
2022-09-11 09:04:00,CHL-CT-1LB,1
2022-09-11 14:23:00,AQU-CT-11LB,3
2022-09-11 17:38:00,AQU-PS-25LB,1
2022-09-11 11:44:00,AQU-BA-32OZ,1
2022-09-11 08:43:00,AQU-BA-32OZ,1
2022-09-11 10:47:00,CHL-CT-21LB,1
2022-09-11 18:47:00,AQU-BA-32OZ,2
2022-09-11 08:08:00,BIO-PU-5LB,1
2022-09-11 08:40:00,CHL-PS-17LB,1
2022-09-11 11:03:00,AQU-CT-11LB,1
2022-09-11 12:59:00,BIO-PD-2LB,1
2022-09-11 10:14:00,INT-BA-32OZ,4
2022-09-11 10:08:00,CHL-PS-17LB,3
2022-09-11 15:31:00,CHL-CT-1LB,2
2022-09-11 13:54:00,INT-LS-1GAL,1
2022-09-11 10:44:00,CHL-PS-1LB,4
2022-09-11 09:15:00,BIO-MA-32OZ,1
2022-09-11 13:45:00,HTH-F-2LB,1
2022-09-11 11:02:00,AQU-BA-32OZ,1
2022-09-11 10:32:00,CHL-CT-1LB,1
2022-09-11 09:26:00,AQU-PS-5LB,1
2022-09-11 13:56:00,AQU-CT-11LB,1
2022-09-11 08:26:00,INT-LS-1GAL,4
2022-09-11 12:25:00,INT-LS-1GAL,1
2022-09-11 11:00:00,CHL-CT-21LB,1
2022-09-11 18:52:00,INT-CA-32OZ,2
2022-09-11 08:22:00,CHL-PS-1LB,1
2022-09-11 17:14:00,INT-CA-32OZ,3
2022-09-11 15:29:00,INT-CT-25LB,1
2022-09-11 15:22:00,CHL-CT-1LB,1
2022-09-12 17:06:00,INT-CA-32OZ,1
2022-09-12 17:34:00,CHL-PS-17LB,1
2022-09-12 11:08:00,AQU-CT-11LB,1
2022-09-12 09:43:00,AQU-CT-11LB,2
2022-09-12 08:41:00,CHL-CT-1LB,1
2022-09-12 10:38:00,INT-LS-1GAL,1
2022-09-12 09:26:00,INT-CT-25LB,1
2022-09-12 18:56:00,INT-CA-32OZ,1
2022-09-12 18:47:00,BIO-MA-32OZ,1
2022-09-12 09:30:00,AQU-CT-11LB,1
2022-09-12 12:24:00,AQU-PS-25LB,1
2022-09-12 17:02:00,INT-CT-25LB,1
2022-09-12 10:37:00,AQU-CT-11LB,1
2022-09-12 16:13:00,INT-AI-5LB,3
2022-09-12 09:50:00,AQU-PS-25LB,1
2022-09-12 08:16:00,CHL-PS-1LB,1
2022-09-12 11:53:00,BIO-MA-32OZ,1
2022-09-12 16:52:00,AQU-PS-25LB,3
2022-09-12 12:04:00,BIO-MA-32OZ,2
2022-09-12 17:24:00,AQU-BA-32OZ,2
2022-09-12 14:10:00,AQU-PS-5LB,1
2022-09-12 10:36:00,AQU-CT-11LB,1
2022-09-12 09:51:00,BIO-MA-32OZ,1
2022-09-12 11:07:00,CHL-PS-1LB,1
2022-09-12 14:31:00,AQU-PS-25LB,3
2022-09-12 08:32:00,INT-BA-32OZ,1
2022-09-12 08:23:00,CHL-CT-21LB,1
2022-09-12 14:35:00,INT-CA-32OZ,1
2022-09-12 13:53:00,INT-MA-1GAL,4
2022-09-12 14:53:00,HTH-F-2LB,1
2022-09-12 14:29:00,AQU-PD-5LB,1
2022-09-12 08:24:00,AQU-BA-32OZ,3
2022-09-12 11:44:00,AQU-BA-32OZ,2
2022-09-12 14:59:00,CHL-CT-1LB,1
2022-09-12 10:05:00,INT-LS-1GAL,2
2022-09-12 17:32:00,AQU-PS-25LB,1
2022-09-12 14:23:00,INT-CT-25LB,1
2022-09-12 13:03:00,INT-MA-1GAL,1
2022-09-12 12:37:00,BIO-MA-32OZ,1
2022-09-12 12:49:00,BIO-MA-32OZ,1
2022-09-12 12:19:00,CHL-PS-17LB,3
2022-09-12 18:02:00,INT-BA-32OZ,1
2022-09-12 15:27:00,AQU-CT-11LB,1
2022-09-12 14:12:00,CHL-CT-21LB,1
2022-09-12 18:19:00,AQU-CT-11LB,1
2022-09-12 17:49:00,CHL-CT-21LB,1
2022-09-12 11:45:00,INT-MA-1GAL,1
2022-09-12 11:36:00,AQU-BA-32OZ,1
2022-09-12 14:22:00,INT-CT-25LB,1
2022-09-12 08:19:00,AQU-PS-5LB,1
2022-09-12 18:38:00,CHL-CT-1LB,2
2022-09-12 14:10:00,CHL-CT-21LB,3
2022-09-12 15:12:00,HTH-AI-11LB,1
2022-09-12 10:54:00,CHL-CT-1LB,1
2022-09-13 10:27:00,BIO-MA-32OZ,4
2022-09-13 09:05:00,INT-CA-32OZ,1
2022-09-13 12:09:00,AQU-CT-11LB,1
2022-09-13 12:13:00,AQU-CT-11LB,1
2022-09-13 14:42:00,CHL-PS-17LB,3
2022-09-13 10:58:00,INT-CA-32OZ,1
2022-09-13 13:41:00,INT-MA-1GAL,1
2022-09-13 16:44:00,AQU-PS-5LB,2
2022-09-13 13:17:00,HTH-F-2LB,1
2022-09-13 18:09:00,CHL-PS-1LB,2
2022-09-13 09:43:00,AQU-PS-5LB,1
2022-09-13 16:54:00,AQU-PS-25LB,3
2022-09-13 16:40:00,AQU-CT-11LB,3
2022-09-13 08:34:00,INT-LS-1GAL,1
2022-09-13 15:38:00,INT-MA-1GAL,1
2022-09-13 18:39:00,INT-CT-25LB,1
2022-09-13 09:47:00,INT-CA-32OZ,1
2022-09-13 17:59:00,AQU-CT-11LB,1
2022-09-13 14:09:00,CHL-CT-1LB,1
2022-09-13 18:15:00,INT-CA-32OZ,1
2022-09-13 12:58:00,CHL-PS-1LB,1
2022-09-13 09:42:00,CHL-PU-2LB,1
2022-09-13 17:36:00,INT-CT-25LB,2
2022-09-13 18:24:00,AQU-PS-5LB,1
2022-09-13 12:14:00,AQU-CT-11LB,2
2022-09-13 11:35:00,CHL-PS-17LB,2
2022-09-13 13:51:00,INT-BA-32OZ,1
2022-09-13 11:56:00,CHL-CT-21LB,4
2022-09-13 10:46:00,AQU-PS-25LB,1
2022-09-13 12:29:00,INT-CT-25LB,1
2022-09-13 10:56:00,CHL-PS-1LB,1
2022-09-13 13:42:00,INT-LS-1GAL,1
2022-09-13 08:23:00,BIO-MA-32OZ,4
2022-09-13 16:15:00,CHL-PS-1LB,1
2022-09-13 11:15:00,CHL-PS-1LB,1
2022-09-13 12:12:00,INT-LS-1GAL,1
2022-09-13 08:51:00,INT-MA-1GAL,1
2022-09-13 11:04:00,CHL-CT-21LB,1
2022-09-14 13:54:00,CHL-PS-1LB,3
2022-09-14 18:33:00,AQU-PS-5LB,4
2022-09-14 15:25:00,AQU-PS-5LB,1
2022-09-14 08:23:00,HTH-F-2LB,1
2022-09-14 12:23:00,AQU-CT-11LB,2
2022-09-14 15:49:00,CHL-PS-1LB,1
2022-09-14 14:58:00,AQU-PS-5LB,1
2022-09-14 17:43:00,CHL-PS-17LB,3
2022-09-14 12:31:00,CHL-PS-17LB,1
2022-09-14 13:50:00,INT-CT-25LB,1
2022-09-14 15:25:00,CHL-CT-1LB,1
2022-09-14 17:45:00,INT-CA-32OZ,1
2022-09-14 12:46:00,CHL-CT-1LB,1
2022-09-14 18:21:00,INT-CT-25LB,2
2022-09-14 11:23:00,INT-LS-1GAL,1
2022-09-14 11:27:00,AQU-PS-25LB,1
2022-09-14 13:36:00,AQU-CHI-11LB,1
2022-09-14 15:54:00,INT-LS-1GAL,1
2022-09-14 12:25:00,INT-LS-1GAL,1
2022-09-14 14:59:00,BIO-PU-5LB,1
2022-09-14 17:49:00,BIO-MA-32OZ,1
2022-09-14 16:24:00,BIO-MA-32OZ,1
2022-09-14 09:27:00,CHL-PS-1LB,3
2022-09-14 11:57:00,AQU-PS-5LB,1
2022-09-14 12:08:00,AQU-BA-32OZ,1
2022-09-14 09:11:00,CHL-CT-21LB,2
2022-09-14 13:18:00,AQU-CHI-11LB,2
2022-09-14 13:01:00,AQU-PS-25LB,1
2022-09-14 16:44:00,INT-CA-32OZ,1
2022-09-14 08:36:00,AQU-BA-32OZ,1
2022-09-14 13:59:00,AQU-PS-5LB,1
2022-09-14 17:58:00,INT-MA-1GAL,1
2022-09-14 12:32:00,CHL-S-1LB,3
2022-09-14 09:52:00,AQU-BA-32OZ,3
2022-09-14 13:11:00,AQU-BA-32OZ,2
2022-09-14 14:38:00,INT-BA-32OZ,1
2022-09-14 10:20:00,AQU-PS-5LB,1
2022-09-14 13:36:00,CHL-PS-1LB,1
2022-09-14 14:25:00,CHL-PU-2LB,1
2022-09-15 15:11:00,AQU-CT-11LB,1
2022-09-15 09:54:00,AQU-BA-32OZ,1
2022-09-15 11:00:00,INT-BA-32OZ,1
2022-09-15 15:55:00,CHL-CT-21LB,2
2022-09-15 12:08:00,CHL-PS-17LB,4
2022-09-15 11:23:00,CHL-PS-1LB,1
2022-09-15 17:07:00,CHL-PU-2LB,3
2022-09-15 12:11:00,AQU-PS-25LB,1
2022-09-15 14:07:00,INT-CA-32OZ,1
2022-09-15 12:03:00,AQU-CT-11LB,2
2022-09-15 18:16:00,CHL-CT-21LB,1
2022-09-15 18:34:00,AQU-CT-11LB,3
2022-09-15 17:12:00,INT-CT-25LB,2
2022-09-15 11:50:00,INT-LS-1GAL,1
2022-09-15 10:26:00,AQU-PS-25LB,1
2022-09-15 09:19:00,AQU-PS-25LB,1
2022-09-15 13:56:00,INT-CA-32OZ,2
2022-09-15 12:13:00,CHL-PS-17LB,2
2022-09-15 08:28:00,INT-BA-32OZ,1
2022-09-15 17:26:00,CHL-PS-1LB,1
2022-09-15 11:42:00,CHL-CT-1LB,1
2022-09-15 15:14:00,CHL-PS-1LB,1
2022-09-15 09:58:00,INT-MA-1GAL,2
2022-09-15 18:57:00,CHL-CT-21LB,3
2022-09-16 16:41:00,INT-CT-25LB,2
2022-09-16 18:46:00,INT-LS-1GAL,1
2022-09-16 09:31:00,CHL-PS-17LB,1
2022-09-16 16:52:00,CHL-PS-1LB,1
2022-09-16 13:58:00,AQU-PS-5LB,1
2022-09-16 10:09:00,BIO-MA-32OZ,1
2022-09-16 09:05:00,BIO-MA-32OZ,1
2022-09-16 13:46:00,CHL-CT-21LB,1
2022-09-16 16:28:00,BIO-PU-5LB,1
2022-09-16 09:58:00,INT-BA-32OZ,1
2022-09-16 16:17:00,AQU-CT-11LB,1
2022-09-16 13:10:00,AQU-CT-11LB,3
2022-09-16 11:23:00,BIO-MA-32OZ,3
2022-09-16 18:17:00,INT-LS-1GAL,1
2022-09-16 10:27:00,CHL-PS-1LB,3
2022-09-16 16:51:00,INT-LS-1GAL,1
2022-09-16 15:16:00,AQU-BA-32OZ,1
2022-09-17 18:41:00,CHL-CT-21LB,3
2022-09-17 18:31:00,CHL-CT-21LB,1
2022-09-17 08:07:00,CHL-PS-1LB,1
2022-09-17 15:12:00,INT-CT-25LB,1
2022-09-17 18:10:00,INT-CT-25LB,1
2022-09-17 18:59:00,BIO-MA-32OZ,1
2022-09-17 18:01:00,BIO-MA-32OZ,1
2022-09-17 16:26:00,CHL-CT-1LB,4
2022-09-17 13:56:00,CHL-PS-17LB,1
2022-09-17 10:14:00,INT-LS-1GAL,1
2022-09-17 15:29:00,CHL-CT-21LB,1
2022-09-17 15:08:00,INT-BA-32OZ,1
2022-09-17 17:27:00,INT-CA-32OZ,1
2022-09-17 14:43:00,INT-LS-1GAL,1
2022-09-17 13:26:00,AQU-PS-5LB,1
2022-09-18 15:00:00,CHL-PS-1LB,1
2022-09-18 09:17:00,AQU-BA-32OZ,2
2022-09-18 08:41:00,INT-BA-32OZ,3
2022-09-18 08:59:00,INT-CA-32OZ,1
2022-09-18 18:44:00,INT-AI-25LB,1
2022-09-18 13:52:00,INT-CT-25LB,1
2022-09-18 10:52:00,AQU-BA-32OZ,1
2022-09-18 15:59:00,CHL-PS-1LB,1
2022-09-18 16:04:00,AQU-PS-5LB,1
2022-09-18 08:59:00,BIO-MA-32OZ,1
2022-09-18 13:20:00,CHL-PS-17LB,2
2022-09-18 18:33:00,CHL-CT-21LB,1
2022-09-18 18:02:00,CHL-CT-1LB,3
2022-09-18 08:01:00,INT-LS-1GAL,1
2022-09-18 10:30:00,INT-LS-1GAL,2
2022-09-18 18:11:00,INT-BA-32OZ,1
2022-09-18 10:04:00,AQU-PS-5LB,1
2022-09-18 12:11:00,INT-BA-32OZ,1
2022-09-18 13:29:00,BIO-MA-32OZ,4
2022-09-18 18:54:00,CHL-PS-17LB,1
2022-09-18 11:07:00,CHL-PS-1LB,2
2022-09-19 17:19:00,INT-CA-32OZ,2
2022-09-19 11:36:00,AQU-PS-5LB,1
2022-09-19 09:49:00,INT-LS-1GAL,1
2022-09-19 11:48:00,BIO-MA-32OZ,1
2022-09-19 14:33:00,INT-CT-25LB,2
2022-09-19 18:44:00,CHL-CT-21LB,1
2022-09-19 09:31:00,CHL-CT-21LB,3
2022-09-19 10:58:00,AQU-PS-25LB,1
2022-09-19 08:12:00,AQU-PS-5LB,2
2022-09-19 09:12:00,CHL-CT-1LB,1
2022-09-19 14:39:00,INT-CHI-7LB,3
2022-09-19 13:22:00,HTH-AI-11LB,1
2022-09-19 10:33:00,AQU-BA-32OZ,1
2022-09-19 14:11:00,CHL-PS-1LB,1
2022-09-19 08:38:00,CHL-CT-21LB,1
2022-09-19 18:11:00,CHL-CT-21LB,2
2022-09-20 18:54:00,CHL-CT-1LB,1
2022-09-20 15:50:00,INT-LS-1GAL,3
2022-09-20 11:22:00,CHL-PS-1LB,1
2022-09-20 10:46:00,AQU-PS-25LB,3
2022-09-20 13:39:00,AQU-PS-5LB,1
2022-09-20 13:52:00,CHL-CT-1LB,3
2022-09-20 18:43:00,AQU-PS-25LB,1
2022-09-20 11:58:00,AQU-PS-5LB,4
2022-09-20 11:09:00,INT-CT-25LB,1
2022-09-20 10:09:00,AQU-CT-11LB,1
2022-09-20 18:44:00,AQU-PS-25LB,1
2022-09-20 15:14:00,INT-MA-1GAL,1
2022-09-20 17:12:00,AQU-BA-32OZ,1
2022-09-20 16:38:00,INT-MA-1GAL,1
2022-09-20 17:11:00,CHL-CT-1LB,1
2022-09-20 08:18:00,INT-CA-32OZ,2
2022-09-20 13:54:00,AQU-CT-11LB,1
2022-09-20 15:44:00,CHL-PS-1LB,1
2022-09-20 11:50:00,INT-LS-1GAL,1
2022-09-20 13:14:00,CHL-CT-21LB,2
2022-09-21 14:27:00,INT-CA-32OZ,1
2022-09-21 09:32:00,INT-CA-32OZ,1
2022-09-21 13:02:00,INT-CA-32OZ,1
2022-09-21 15:25:00,AQU-CT-11LB,1
2022-09-21 09:58:00,CHL-PS-1LB,1
2022-09-21 08:35:00,INT-CT-25LB,2
2022-09-21 15:02:00,CHL-CT-1LB,1
2022-09-21 16:11:00,CHL-CT-21LB,1
2022-09-21 14:38:00,CHL-CT-1LB,3
2022-09-21 15:50:00,CHL-CT-21LB,1
2022-09-21 09:48:00,AQU-PS-25LB,1
2022-09-21 16:51:00,INT-BA-32OZ,1
2022-09-21 10:53:00,HTH-AI-11LB,1
2022-09-21 11:24:00,CHL-CT-21LB,1
2022-09-21 08:06:00,AQU-BA-32OZ,2
2022-09-21 08:31:00,CHL-PS-17LB,3
2022-09-22 14:06:00,INT-LS-1GAL,1
2022-09-22 13:41:00,BIO-MA-32OZ,2
2022-09-22 16:14:00,CHL-PU-2LB,3
2022-09-22 16:43:00,CHL-CHI-20LB,1
2022-09-22 16:40:00,INT-LS-1GAL,1
2022-09-22 10:45:00,INT-CA-32OZ,1
2022-09-22 09:54:00,AQU-PS-5LB,2
2022-09-22 15:42:00,CHL-S-1LB,1
2022-09-22 18:27:00,AQU-PS-25LB,1
2022-09-22 12:34:00,AQU-PS-25LB,1
2022-09-22 12:49:00,AQU-BA-32OZ,1
2022-09-22 14:30:00,CHL-CT-21LB,1
2022-09-22 11:20:00,AQU-PS-25LB,1
2022-09-22 15:48:00,INT-CA-32OZ,2
2022-09-22 12:08:00,AQU-CT-11LB,2
2022-09-22 10:13:00,INT-LS-1GAL,1
2022-09-22 11:44:00,CHL-PS-17LB,1
2022-09-22 10:09:00,CHL-PS-1LB,1
2022-09-22 10:58:00,INT-BA-32OZ,1
2022-09-22 16:01:00,AQU-PS-5LB,1
2022-09-22 18:06:00,INT-CT-25LB,1
2022-09-22 17:18:00,CHL-CT-1LB,2
2022-09-23 10:22:00,CHL-CT-21LB,2
2022-09-23 16:42:00,CHL-PS-1LB,1
2022-09-23 17:09:00,BIO-MA-32OZ,3
2022-09-23 18:43:00,CHL-CT-1LB,1
2022-09-23 18:55:00,INT-CA-32OZ,1
2022-09-23 10:11:00,AQU-PS-5LB,1
2022-09-23 13:25:00,CHL-CT-1LB,1
2022-09-23 08:24:00,AQU-CT-11LB,2
2022-09-23 10:52:00,CHL-CT-21LB,1
2022-09-23 17:21:00,AQU-CT-11LB,2
2022-09-23 11:23:00,CHL-PS-1LB,1
2022-09-23 18:03:00,CHL-CT-1LB,1
2022-09-23 14:15:00,INT-MA-1GAL,1
2022-09-23 18:50:00,INT-LS-1GAL,2
2022-09-23 15:55:00,CHL-CT-1LB,1
2022-09-23 11:04:00,AQU-PS-25LB,1
2022-09-23 18:07:00,CHL-PS-1LB,1
2022-09-23 16:03:00,CHL-PS-17LB,1
2022-09-23 12:25:00,INT-BA-32OZ,2
2022-09-23 18:50:00,INT-CA-32OZ,1
2022-09-24 09:52:00,CHL-PU-2LB,1
2022-09-24 11:00:00,CHL-PS-17LB,1
2022-09-24 15:42:00,CHL-CT-1LB,1
2022-09-24 13:14:00,CHL-PS-17LB,1
2022-09-24 16:19:00,CHL-CT-21LB,3
2022-09-24 09:41:00,CHL-CT-1LB,1
2022-09-24 16:20:00,INT-CA-32OZ,1
2022-09-24 10:00:00,AQU-PS-25LB,1
2022-09-24 18:04:00,INT-CA-32OZ,2
2022-09-24 11:49:00,INT-CT-25LB,1
2022-09-24 14:11:00,INT-LS-1GAL,1
2022-09-24 14:42:00,AQU-PD-5LB,1
2022-09-24 08:32:00,CHL-PS-1LB,1
2022-09-24 12:42:00,AQU-CT-11LB,4
2022-09-24 14:14:00,BIO-MA-32OZ,1
2022-09-24 17:53:00,INT-CA-32OZ,1
2022-09-24 15:42:00,CHL-PS-17LB,1
2022-09-24 13:24:00,CHL-CT-21LB,1
2022-09-24 09:20:00,INT-BA-32OZ,1
2022-09-24 12:50:00,CHL-PS-17LB,1
2022-09-24 15:02:00,INT-CT-25LB,1
2022-09-24 13:20:00,AQU-BA-32OZ,1
2022-09-24 12:36:00,AQU-PS-5LB,1
2022-09-25 10:59:00,CHL-CT-1LB,1
2022-09-25 18:42:00,BIO-MA-32OZ,1
2022-09-25 09:23:00,AQU-PS-25LB,1
2022-09-25 09:27:00,CHL-PS-1LB,1
2022-09-25 12:04:00,CHL-PS-17LB,1
2022-09-25 09:36:00,BIO-MA-32OZ,1
2022-09-25 18:21:00,BIO-MA-32OZ,1
2022-09-25 13:27:00,INT-LS-1GAL,1
2022-09-25 12:01:00,AQU-CT-11LB,1
2022-09-25 17:59:00,AQU-BA-32OZ,1
2022-09-25 18:05:00,AQU-BA-32OZ,2
2022-09-25 17:46:00,AQU-PS-5LB,1
2022-09-25 14:37:00,CHL-PS-17LB,2
2022-09-25 11:37:00,AQU-BA-32OZ,1
2022-09-25 13:28:00,AQU-PS-5LB,1
2022-09-25 16:31:00,BIO-MA-32OZ,3
2022-09-25 13:51:00,CHL-PS-17LB,1
2022-09-25 10:03:00,INT-LS-1GAL,1
2022-09-25 15:51:00,BIO-MA-32OZ,1
2022-09-25 08:51:00,INT-BA-32OZ,1
2022-09-25 10:01:00,INT-LS-1GAL,1
2022-09-25 12:10:00,INT-CA-32OZ,1
2022-09-25 14:10:00,CHL-CT-1LB,1
2022-09-25 18:00:00,CHL-PS-1LB,1
2022-09-25 09:39:00,INT-CT-25LB,1
2022-09-25 18:31:00,AQU-CT-11LB,2
2022-09-25 09:08:00,CHL-CT-21LB,1
2022-09-26 09:09:00,CHL-PS-17LB,2
2022-09-26 12:04:00,INT-CT-25LB,1
2022-09-26 11:36:00,INT-BA-32OZ,1
2022-09-26 11:48:00,BIO-MA-32OZ,3
2022-09-26 14:57:00,INT-CT-25LB,2
2022-09-26 17:25:00,CHL-PS-1LB,1
2022-09-26 15:34:00,INT-CA-32OZ,1
2022-09-26 17:41:00,INT-CT-25LB,3
2022-09-26 15:25:00,CHL-PS-17LB,1
2022-09-26 08:36:00,INT-BA-32OZ,2
2022-09-26 16:30:00,AQU-BA-32OZ,1
2022-09-26 11:04:00,BIO-MA-32OZ,2
2022-09-26 10:27:00,AQU-PS-5LB,2
2022-09-26 15:57:00,CHL-PS-17LB,1
2022-09-26 15:14:00,CHL-CT-1LB,1
2022-09-26 09:51:00,INT-LS-1GAL,1
2022-09-26 17:49:00,INT-LS-1GAL,1
2022-09-26 10:08:00,AQU-CT-11LB,2
2022-09-26 15:41:00,AQU-BA-32OZ,2
2022-09-26 14:43:00,CHL-CT-1LB,2
2022-09-26 08:29:00,INT-LS-1GAL,1
2022-09-26 13:44:00,INT-BA-32OZ,1
2022-09-26 17:33:00,BIO-MA-32OZ,1
2022-09-26 16:39:00,CHL-PS-17LB,3
2022-09-26 15:41:00,INT-CT-25LB,2
2022-09-27 13:15:00,AQU-PS-5LB,1
2022-09-27 18:59:00,AQU-PS-5LB,1
2022-09-27 11:40:00,AQU-CT-11LB,3
2022-09-27 18:36:00,AQU-BA-32OZ,2
2022-09-27 12:12:00,CHL-PS-1LB,1
2022-09-27 09:38:00,INT-BA-32OZ,1
2022-09-27 09:40:00,BIO-MA-32OZ,3
2022-09-27 14:21:00,CHL-CT-1LB,2
2022-09-27 12:12:00,CHL-PS-17LB,1
2022-09-27 08:32:00,CHL-PS-1LB,1
2022-09-27 18:46:00,INT-CA-32OZ,2
2022-09-27 17:40:00,INT-BA-32OZ,1
2022-09-27 13:11:00,INT-BA-32OZ,2
2022-09-27 11:07:00,HTH-S-5LB,3
2022-09-27 10:02:00,BIO-MA-32OZ,1
2022-09-27 10:07:00,INT-CT-25LB,1
2022-09-27 17:04:00,CHL-PS-17LB,2
2022-09-27 13:53:00,BIO-MA-32OZ,1
2022-09-27 08:49:00,AQU-CT-11LB,1
2022-09-28 14:17:00,INT-LS-1GAL,1
2022-09-28 12:36:00,AQU-CT-11LB,3
2022-09-28 18:29:00,AQU-PS-5LB,1
2022-09-28 12:30:00,CHL-CT-1LB,4
2022-09-28 08:45:00,AQU-BA-32OZ,1
2022-09-28 08:00:00,HTH-F-2LB,1
2022-09-28 10:26:00,CHL-PS-17LB,1
2022-09-28 16:29:00,AQU-PS-25LB,1
2022-09-28 14:19:00,INT-MA-1GAL,2
2022-09-28 12:34:00,AQU-PS-25LB,1
2022-09-28 18:48:00,CHL-PS-1LB,1
2022-09-28 14:31:00,AQU-PS-5LB,1
2022-09-28 14:19:00,INT-CA-32OZ,2
2022-09-28 17:28:00,CHL-PS-1LB,1
2022-09-28 17:28:00,INT-LS-1GAL,1
2022-09-28 12:56:00,CHL-CT-1LB,1
2022-09-28 09:26:00,INT-BA-32OZ,3
2022-09-28 11:24:00,AQU-CT-11LB,2
2022-09-28 13:27:00,CHL-PS-17LB,3
2022-09-28 08:16:00,CHL-PS-17LB,1
2022-09-28 13:02:00,AQU-PS-5LB,1
2022-09-28 08:26:00,CHL-CT-21LB,4
2022-09-28 11:22:00,BIO-MA-32OZ,1
2022-09-28 13:44:00,INT-CT-25LB,1
2022-09-28 11:30:00,BIO-MA-32OZ,2
2022-09-29 17:47:00,INT-CA-32OZ,1
2022-09-29 14:17:00,CHL-PS-17LB,1
2022-09-29 17:27:00,AQU-BA-32OZ,1
2022-09-29 17:11:00,INT-AI-25LB,1
2022-09-29 15:28:00,CHL-CT-1LB,1
2022-09-29 09:07:00,AQU-PD-5LB,1
2022-09-29 18:36:00,AQU-CT-11LB,1
2022-09-29 18:22:00,CHL-CT-21LB,3
2022-09-29 10:36:00,INT-LS-1GAL,2
2022-09-29 14:14:00,AQU-BA-32OZ,1
2022-09-29 13:13:00,INT-CA-32OZ,1
2022-09-29 08:44:00,CHL-PS-17LB,1
2022-09-29 13:37:00,INT-CA-32OZ,1
2022-09-29 15:46:00,CHL-PS-1LB,3
2022-09-29 08:11:00,INT-CA-32OZ,1
2022-09-29 13:22:00,CHL-CT-21LB,1
2022-09-29 09:10:00,INT-LS-1GAL,1
2022-09-29 16:10:00,CHL-CT-21LB,1
2022-09-29 15:26:00,BIO-MA-32OZ,1
2022-09-29 18:13:00,INT-CT-25LB,1
2022-09-29 14:19:00,AQU-CT-11LB,1
2022-09-29 11:05:00,INT-CT-25LB,1
2022-09-29 13:39:00,CHL-PS-1LB,1
2022-09-29 12:58:00,AQU-CT-11LB,1
2022-09-29 16:39:00,INT-CT-25LB,1
2022-09-29 16:53:00,INT-BA-32OZ,4
2022-09-29 17:48:00,CHL-CT-21LB,2
2022-09-30 14:22:00,INT-CA-32OZ,3
2022-09-30 12:26:00,AQU-PS-25LB,2
2022-09-30 18:27:00,AQU-BA-32OZ,1
2022-09-30 11:19:00,INT-LS-1GAL,4
2022-09-30 13:48:00,INT-CT-25LB,1
2022-09-30 12:55:00,BIO-MA-32OZ,1
2022-09-30 12:47:00,CHL-PS-17LB,1
2022-09-30 11:19:00,INT-CT-25LB,2
2022-09-30 12:50:00,AQU-CT-11LB,2
2022-09-30 09:50:00,INT-LS-1GAL,1
2022-09-30 12:39:00,CHL-PS-17LB,1
2022-09-30 09:25:00,AQU-BA-32OZ,1
2022-09-30 17:59:00,BIO-MA-32OZ,1
2022-09-30 17:37:00,CHL-PS-1LB,1
2022-09-30 11:48:00,INT-CA-32OZ,1
2022-09-30 17:15:00,INT-BA-32OZ,1
2022-09-30 12:17:00,INT-LS-1GAL,1
2022-09-30 17:28:00,CHL-CT-1LB,3
2022-09-30 12:14:00,INT-LS-1GAL,1
2022-09-30 17:56:00,CHL-CT-1LB,1
2022-09-30 12:56:00,INT-BA-32OZ,3
2022-09-30 14:16:00,AQU-BA-32OZ,1
2022-09-30 08:33:00,AQU-CT-11LB,2
2022-09-30 18:53:00,CHL-PU-2LB,1
2022-10-01 16:10:00,CHL-CT-1LB,1
2022-10-01 10:14:00,AQU-BA-32OZ,2
2022-10-01 08:37:00,AQU-PS-25LB,1
2022-10-01 13:32:00,CHL-CT-1LB,3
2022-10-01 14:08:00,HTH-F-2LB,2
2022-10-01 17:46:00,AQU-CT-11LB,1
2022-10-01 15:46:00,INT-BA-32OZ,1
2022-10-01 11:36:00,INT-CT-25LB,1
2022-10-01 18:52:00,AQU-CT-11LB,3
2022-10-01 16:41:00,CHL-PS-1LB,2
2022-10-01 16:37:00,CHL-CT-1LB,2
2022-10-01 12:06:00,INT-BA-32OZ,1
2022-10-01 11:10:00,INT-LS-1GAL,1
2022-10-02 08:57:00,CHL-PS-17LB,2
2022-10-02 17:28:00,AQU-PS-25LB,1
2022-10-02 10:03:00,AQU-PS-25LB,1
2022-10-02 10:07:00,INT-CA-32OZ,1
2022-10-02 15:48:00,INT-CT-25LB,2
2022-10-02 08:30:00,AQU-PS-5LB,2
2022-10-02 13:19:00,INT-LS-1GAL,1
2022-10-02 16:22:00,CHL-CT-21LB,1
2022-10-03 18:45:00,INT-CT-25LB,2
2022-10-03 14:23:00,AQU-PS-25LB,2
2022-10-03 13:30:00,INT-MA-1GAL,1
2022-10-03 17:08:00,INT-CA-32OZ,1
2022-10-03 10:02:00,CHL-PS-1LB,1
2022-10-03 11:00:00,AQU-PS-5LB,4
2022-10-03 08:19:00,AQU-PS-25LB,1
2022-10-03 12:36:00,INT-LS-1GAL,1
2022-10-03 14:54:00,CHL-PS-17LB,2
2022-10-04 09:09:00,AQU-PS-5LB,3
2022-10-04 17:14:00,BIO-MA-32OZ,1
2022-10-04 17:03:00,CHL-PS-1LB,1
2022-10-04 08:09:00,AQU-BA-32OZ,1
2022-10-04 13:06:00,CHL-PS-17LB,1
2022-10-04 10:49:00,AQU-PS-25LB,1
2022-10-04 09:13:00,INT-CT-25LB,1
2022-10-04 15:21:00,AQU-PS-5LB,1
2022-10-05 13:33:00,AQU-PS-5LB,1
2022-10-05 17:25:00,AQU-CT-11LB,1
2022-10-05 11:21:00,AQU-PS-25LB,1
2022-10-05 17:21:00,AQU-BA-32OZ,1
2022-10-05 18:43:00,INT-BA-32OZ,3
2022-10-05 15:00:00,INT-CT-25LB,1
2022-10-05 16:27:00,AQU-PS-25LB,3
2022-10-05 09:59:00,INT-BA-32OZ,1
2022-10-05 17:39:00,AQU-CT-11LB,2
2022-10-05 11:04:00,INT-CA-32OZ,1
2022-10-05 12:45:00,INT-CT-25LB,1
2022-10-05 13:35:00,CHL-PS-1LB,2
2022-10-05 12:12:00,AQU-PS-5LB,1
2022-10-05 12:44:00,INT-LS-1GAL,1
2022-10-05 13:25:00,AQU-CT-11LB,4
2022-10-05 14:14:00,CHL-CT-1LB,1
2022-10-06 11:59:00,INT-CT-25LB,1
2022-10-06 16:35:00,AQU-PS-5LB,1
2022-10-06 13:03:00,CHL-PS-1LB,1
2022-10-06 11:18:00,AQU-CT-11LB,1
2022-10-06 10:12:00,BIO-MA-32OZ,1
2022-10-06 14:10:00,AQU-BA-32OZ,1
2022-10-06 18:47:00,CHL-PS-1LB,4
2022-10-07 11:12:00,INT-LS-1GAL,2
2022-10-07 12:29:00,AQU-CT-11LB,1
2022-10-07 12:11:00,AQU-PS-5LB,2
2022-10-07 12:26:00,AQU-PS-25LB,1
2022-10-07 11:41:00,CHL-CT-21LB,2
2022-10-07 09:01:00,AQU-PS-25LB,1
2022-10-07 12:14:00,BIO-MA-32OZ,1
2022-10-07 18:28:00,INT-CT-25LB,4
2022-10-08 14:32:00,BIO-MA-32OZ,1
2022-10-08 18:51:00,INT-LS-1GAL,1
2022-10-08 18:25:00,INT-MA-1GAL,4
2022-10-08 16:53:00,AQU-PS-25LB,1
2022-10-08 08:02:00,BIO-MA-32OZ,1
2022-10-08 16:50:00,CHL-PS-17LB,1
2022-10-08 18:20:00,CHL-CT-1LB,3
2022-10-08 10:36:00,AQU-BA-32OZ,1
2022-10-09 14:48:00,BIO-MA-32OZ,1
2022-10-09 17:03:00,CHL-CT-21LB,1
2022-10-09 10:56:00,AQU-PS-5LB,1
2022-10-09 18:05:00,CHL-CHI-20LB,1
2022-10-09 18:42:00,CHL-CT-21LB,1
2022-10-09 15:28:00,CHL-CT-21LB,1
2022-10-09 12:04:00,INT-CT-25LB,3
2022-10-09 15:16:00,CHL-CT-1LB,1
2022-10-09 11:02:00,CHL-PS-1LB,2
2022-10-09 12:13:00,AQU-PS-25LB,2
2022-10-09 13:03:00,AQU-PS-25LB,1
2022-10-09 10:14:00,CHL-PS-17LB,4
2022-10-10 13:03:00,INT-LS-1GAL,1
2022-10-10 10:10:00,AQU-PS-5LB,1
2022-10-11 17:17:00,AQU-PS-25LB,1
2022-10-11 14:25:00,AQU-PS-5LB,1
2022-10-11 13:11:00,INT-CT-25LB,1
2022-10-11 15:48:00,CHL-CT-1LB,1
2022-10-12 10:12:00,AQU-PS-25LB,1
2022-10-13 16:09:00,CHL-PS-17LB,1
2022-10-14 11:00:00,CHL-PS-17LB,1
2022-10-14 10:01:00,AQU-CT-11LB,1
2022-10-14 10:21:00,BIO-MA-32OZ,1
2022-10-14 14:36:00,HTH-AI-11LB,1
2022-10-15 11:13:00,AQU-BA-32OZ,1
2022-10-15 08:14:00,CHL-CT-1LB,1
2022-10-15 08:14:00,CHL-CHI-20LB,4
2022-10-15 11:16:00,CHL-PS-17LB,1
2022-10-16 15:04:00,CHL-CT-21LB,1
2022-10-16 09:42:00,CHL-PS-17LB,4
2022-10-17 15:23:00,AQU-PS-25LB,1
2022-10-17 08:28:00,CHL-CT-21LB,1
2022-10-17 14:09:00,AQU-CT-11LB,1
2022-10-17 15:39:00,INT-LS-1GAL,1
2022-10-18 13:15:00,AQU-BA-32OZ,1
2022-10-18 08:11:00,INT-CA-32OZ,1
2022-10-18 12:41:00,AQU-CT-11LB,1
2022-10-19 08:05:00,INT-LS-1GAL,1
2022-10-19 10:58:00,INT-BA-32OZ,1
2022-10-20 17:35:00,INT-BA-32OZ,1
2022-10-21 15:10:00,AQU-PS-5LB,1
2022-10-21 11:01:00,AQU-CT-11LB,1
2022-10-21 11:17:00,CHL-CT-1LB,1
2022-10-21 10:02:00,AQU-PS-5LB,4
2022-10-22 12:29:00,INT-BA-32OZ,1
2022-10-23 17:51:00,INT-CT-25LB,1
2022-10-24 08:05:00,INT-CA-32OZ,2
2022-10-24 15:45:00,CHL-CT-21LB,1
2022-10-24 10:10:00,AQU-PS-25LB,1
2022-10-24 18:51:00,CHL-PS-17LB,1
2022-10-25 08:56:00,INT-LS-1GAL,1
2022-10-26 15:52:00,BIO-MA-32OZ,3
2022-10-26 14:58:00,CHL-CT-1LB,1
2022-10-27 18:56:00,CHL-PS-1LB,1
2022-10-27 16:29:00,INT-CT-25LB,1
2022-10-27 09:53:00,INT-CA-32OZ,1
2022-10-27 15:41:00,INT-BA-32OZ,1
2022-10-27 18:44:00,AQU-PS-25LB,1
2022-10-28 12:26:00,INT-CA-32OZ,4
2022-10-28 09:39:00,CHL-CT-1LB,1
2022-10-28 17:59:00,AQU-CHI-11LB,1
2022-10-29 12:03:00,BIO-MA-32OZ,3
2022-10-29 14:23:00,CHL-CT-21LB,1
2022-10-29 18:34:00,AQU-PS-5LB,1
2022-10-30 15:09:00,CHL-CT-21LB,1
2022-10-31 15:40:00,CHL-PS-1LB,1
2022-10-31 10:21:00,AQU-CT-11LB,3
2022-10-31 16:55:00,INT-BA-32OZ,1
2022-11-01 10:09:00,AQU-PS-25LB,3
2022-11-01 13:38:00,CHL-PS-1LB,1
2022-11-01 08:51:00,INT-MA-1GAL,1
2022-11-02 13:24:00,BIO-MA-32OZ,1
2022-11-02 14:48:00,AQU-PS-25LB,1
2022-11-02 16:18:00,CHL-PS-17LB,4
2022-11-03 16:46:00,INT-CT-25LB,1
2022-11-03 10:15:00,INT-MA-1GAL,1
2022-11-03 15:15:00,CHL-PS-1LB,1
2022-11-03 18:12:00,CHL-CT-21LB,1
2022-11-04 09:50:00,INT-LS-1GAL,1
2022-11-04 10:06:00,AQU-PS-25LB,1
2022-11-05 09:03:00,CHL-CT-1LB,1
2022-11-06 15:32:00,CHL-CHI-20LB,1
2022-11-07 13:44:00,AQU-CT-11LB,4
2022-11-08 17:03:00,INT-BA-32OZ,1
2022-11-08 18:58:00,INT-LS-1GAL,1
2022-11-09 09:29:00,AQU-PS-25LB,1
2022-11-09 08:55:00,AQU-BA-32OZ,1
2022-11-09 15:18:00,AQU-PS-5LB,1
2022-11-09 08:51:00,CHL-CT-21LB,4
2022-11-09 18:59:00,CHL-PS-17LB,1
2022-11-10 10:22:00,INT-LS-1GAL,1
2022-11-11 17:39:00,AQU-CT-11LB,1
2022-11-12 13:11:00,BIO-MA-32OZ,1
2022-11-13 09:31:00,HTH-AI-11LB,1
2022-11-13 09:11:00,AQU-PS-25LB,1
2022-11-14 15:24:00,INT-LS-1GAL,1
2022-11-15 11:14:00,BIO-MA-32OZ,1
2022-11-15 16:29:00,INT-LS-1GAL,1
2022-11-15 10:10:00,INT-BA-32OZ,2
2022-11-16 12:09:00,CHL-CT-1LB,2
2022-11-17 14:11:00,CHL-PS-17LB,1
2022-11-18 13:43:00,INT-CT-25LB,4
2022-11-18 12:37:00,AQU-PS-5LB,1
2022-11-19 14:54:00,CHL-CT-1LB,1
2022-11-19 11:58:00,BIO-MA-32OZ,2
2022-11-19 11:47:00,INT-BA-32OZ,1
2022-11-19 08:44:00,INT-MA-1GAL,1
2022-11-20 11:12:00,CHL-CT-1LB,1
2022-11-20 12:18:00,INT-CT-25LB,1
2022-11-20 12:28:00,AQU-CT-11LB,3
2022-11-21 08:19:00,AQU-PS-5LB,1
2022-11-21 16:53:00,INT-CT-25LB,1
2022-11-21 16:31:00,CHL-CT-1LB,1
2022-11-21 16:38:00,AQU-PS-5LB,1
2022-11-22 13:00:00,AQU-CT-11LB,4
2022-11-22 12:29:00,BIO-MA-32OZ,1
2022-11-22 08:51:00,CHL-CT-21LB,2
2022-11-23 13:39:00,INT-BA-32OZ,2
2022-11-24 16:43:00,AQU-CT-11LB,1
2022-11-24 13:04:00,INT-CT-25LB,1
2022-11-25 13:12:00,CHL-PS-1LB,4
2022-11-25 18:28:00,CHL-PS-17LB,1
2022-11-25 15:16:00,INT-CA-32OZ,1
2022-11-26 10:25:00,INT-CT-25LB,1
2022-11-26 14:40:00,CHL-PU-2LB,1
2022-11-26 18:13:00,INT-BA-32OZ,1
2022-11-27 17:47:00,CHL-CT-1LB,2
2022-11-28 11:17:00,CHL-PS-17LB,1
2022-11-29 15:30:00,CHL-CT-21LB,1
2022-11-30 10:10:00,CHL-PS-17LB,1
2022-12-01 17:09:00,AQU-PS-5LB,2
2022-12-01 08:26:00,CHL-CT-21LB,1
2022-12-01 09:56:00,INT-MA-1GAL,1
2022-12-01 14:22:00,CHL-PS-17LB,1
2022-12-02 10:51:00,INT-LS-1GAL,1
2022-12-02 17:08:00,INT-BA-32OZ,2
2022-12-03 13:36:00,INT-CA-32OZ,1
2022-12-04 10:09:00,CHL-PS-17LB,1
2022-12-04 17:18:00,CHL-CT-21LB,1
2022-12-04 09:04:00,INT-CA-32OZ,1
2022-12-04 13:59:00,INT-AI-25LB,2
2022-12-05 14:13:00,CHL-PS-1LB,1
2022-12-05 08:09:00,CHL-CT-21LB,1
2022-12-05 17:20:00,CHL-CT-21LB,1
2022-12-06 18:44:00,INT-MA-1GAL,1
2022-12-07 11:27:00,CHL-PS-1LB,1
2022-12-07 11:29:00,AQU-BA-32OZ,1
2022-12-08 10:41:00,BIO-MA-32OZ,1
2022-12-08 14:11:00,CHL-PS-17LB,1
2022-12-08 17:46:00,INT-CT-25LB,1
2022-12-08 12:42:00,CHL-CT-21LB,1
2022-12-09 10:02:00,INT-CT-25LB,1
2022-12-09 14:24:00,CHL-PS-1LB,2
2022-12-09 09:21:00,CHL-PS-17LB,1
2022-12-09 18:16:00,CHL-CT-21LB,4
2022-12-10 08:41:00,INT-CT-25LB,1
2022-12-10 18:35:00,CHL-CT-1LB,2
2022-12-10 13:06:00,INT-CT-25LB,1
2022-12-11 09:14:00,CHL-PS-17LB,2
2022-12-12 08:02:00,INT-CT-25LB,1
2022-12-12 12:36:00,CHL-PS-1LB,1
2022-12-12 16:54:00,AQU-BA-32OZ,2
2022-12-12 11:45:00,INT-CT-25LB,1
2022-12-13 09:52:00,INT-BA-32OZ,1
2022-12-13 18:05:00,INT-BA-32OZ,1
2022-12-13 10:54:00,BIO-MA-32OZ,2
2022-12-13 10:06:00,INT-LS-1GAL,2
2022-12-14 10:50:00,AQU-PS-5LB,1
2022-12-14 09:23:00,AQU-BA-32OZ,2
2022-12-14 12:32:00,INT-BA-32OZ,1
2022-12-15 09:45:00,AQU-PS-5LB,1
2022-12-15 13:34:00,AQU-BA-32OZ,4
2022-12-15 10:55:00,AQU-PS-25LB,2
2022-12-16 14:34:00,CHL-CT-21LB,2
2022-12-16 15:25:00,AQU-PS-25LB,3
2022-12-17 08:06:00,AQU-PS-25LB,1
2022-12-18 09:33:00,CHL-CT-1LB,2
2022-12-18 13:16:00,CHL-CT-21LB,1
2022-12-18 16:34:00,BIO-MA-32OZ,1
2022-12-18 08:24:00,BIO-MA-32OZ,1
2022-12-19 12:48:00,INT-BA-32OZ,2
2022-12-20 18:00:00,INT-CT-25LB,1
2022-12-21 14:11:00,CHL-CT-1LB,1
2022-12-22 16:58:00,INT-CA-32OZ,1
2022-12-22 15:28:00,BIO-MA-32OZ,1
2022-12-22 18:33:00,INT-CT-25LB,3
2022-12-23 13:33:00,BIO-MA-32OZ,1
2022-12-23 13:49:00,INT-CA-32OZ,1
2022-12-24 14:40:00,INT-CA-32OZ,1
2022-12-24 14:18:00,INT-CT-25LB,1
2022-12-24 14:47:00,INT-CT-25LB,1
2022-12-24 12:49:00,CHL-PU-2LB,2
2022-12-25 17:27:00,AQU-PS-25LB,2
2022-12-25 10:13:00,AQU-PS-5LB,1
2022-12-25 12:42:00,AQU-BA-32OZ,1
2022-12-25 10:07:00,AQU-BA-32OZ,2
2022-12-25 17:09:00,CHL-CT-21LB,1
2022-12-26 14:51:00,CHL-PS-17LB,1
2022-12-26 10:11:00,AQU-PS-5LB,1
2022-12-26 09:12:00,INT-CA-32OZ,1
2022-12-26 10:01:00,INT-CHI-7LB,1
2022-12-27 09:02:00,CHL-CT-21LB,1
2022-12-28 17:16:00,CHL-CT-1LB,1
2022-12-29 09:18:00,INT-BA-32OZ,1
2022-12-29 15:32:00,CHL-CT-21LB,2
2022-12-29 17:49:00,AQU-CT-11LB,1
2022-12-30 09:05:00,AQU-PS-5LB,1
2022-12-30 15:55:00,CHL-CT-21LB,1
2022-12-30 17:28:00,INT-CT-25LB,4
2022-12-31 14:37:00,HTH-S-5LB,2
2023-01-01 17:17:00,CHL-PS-17LB,2
2023-01-01 17:44:00,BIO-MA-32OZ,2
2023-01-01 16:06:00,BIO-MA-32OZ,1
2023-01-02 16:44:00,INT-CA-32OZ,1
2023-01-02 11:07:00,INT-BA-32OZ,1
2023-01-03 08:03:00,INT-LS-1GAL,2
2023-01-03 11:56:00,AQU-CT-11LB,1
2023-01-03 14:27:00,INT-CA-32OZ,1
2023-01-04 10:45:00,CHL-CT-1LB,2
2023-01-05 08:22:00,INT-LS-1GAL,1
2023-01-06 10:34:00,INT-BA-32OZ,2
2023-01-06 13:12:00,CHL-PS-17LB,1
2023-01-06 16:25:00,CHL-CT-1LB,1
2023-01-06 11:55:00,INT-CT-25LB,3
2023-01-07 13:40:00,CHL-PS-17LB,1
2023-01-08 10:17:00,CHL-CT-21LB,1
2023-01-09 16:57:00,AQU-PS-25LB,1
2023-01-10 08:59:00,AQU-CT-11LB,1
2023-01-11 10:59:00,AQU-BA-32OZ,2
2023-01-12 17:10:00,INT-LS-1GAL,1
2023-01-12 18:49:00,AQU-PS-25LB,1
2023-01-13 17:03:00,AQU-BA-32OZ,1
2023-01-13 08:28:00,AQU-PS-25LB,1
2023-01-14 14:10:00,AQU-PS-25LB,2
2023-01-14 15:48:00,INT-CT-25LB,1
2023-01-15 11:54:00,INT-CA-32OZ,2
2023-01-15 11:11:00,INT-CT-25LB,1
2023-01-16 11:56:00,CHL-CT-1LB,1
2023-01-16 16:39:00,CHL-CT-21LB,3
2023-01-16 14:43:00,INT-CT-25LB,3
2023-01-16 11:13:00,CHL-CT-1LB,1
2023-01-17 14:57:00,INT-BA-32OZ,1
2023-01-17 09:32:00,CHL-PS-17LB,4
2023-01-17 13:40:00,CHL-PS-1LB,1
2023-01-17 09:56:00,AQU-CT-11LB,1
2023-01-17 18:34:00,BIO-MA-32OZ,2
2023-01-18 14:11:00,AQU-BA-32OZ,1
2023-01-18 14:29:00,INT-CT-25LB,3
2023-01-18 09:15:00,CHL-CHI-20LB,4
2023-01-18 14:35:00,INT-CA-32OZ,1
2023-01-18 12:49:00,CHL-PS-1LB,2
2023-01-18 09:00:00,BIO-MA-32OZ,2
2023-01-19 11:09:00,INT-LS-1GAL,1
2023-01-19 18:32:00,CHL-CT-1LB,3
2023-01-19 10:12:00,AQU-PS-25LB,1
2023-01-19 11:45:00,CHL-CT-1LB,1
2023-01-19 17:09:00,INT-CT-25LB,3
2023-01-19 09:43:00,AQU-PS-5LB,1
2023-01-20 16:46:00,INT-CA-32OZ,1
2023-01-20 11:22:00,CHL-PS-17LB,1
2023-01-21 15:47:00,INT-LS-1GAL,2
2023-01-21 17:46:00,CHL-CT-21LB,1
2023-01-21 09:33:00,INT-LS-1GAL,1
2023-01-21 15:20:00,CHL-PS-17LB,2
2023-01-22 08:25:00,INT-BA-32OZ,1
2023-01-22 15:31:00,CHL-PU-2LB,1
2023-01-22 14:06:00,AQU-PS-25LB,1
2023-01-23 14:48:00,INT-LS-1GAL,1
2023-01-23 18:46:00,INT-LS-1GAL,2
2023-01-24 17:10:00,INT-BA-32OZ,1
2023-01-24 08:40:00,CHL-CT-1LB,1
2023-01-25 16:33:00,AQU-PS-25LB,1
2023-01-25 09:54:00,CHL-CT-21LB,2
2023-01-25 18:52:00,CHL-CT-1LB,3
2023-01-25 12:15:00,BIO-MA-32OZ,4
2023-01-26 17:08:00,AQU-BA-32OZ,1
2023-01-26 15:38:00,INT-CT-25LB,1
2023-01-26 15:26:00,INT-CA-32OZ,1
2023-01-26 09:29:00,CHL-CT-21LB,1
2023-01-27 09:22:00,CHL-CT-1LB,2
2023-01-27 17:26:00,AQU-BA-32OZ,2
2023-01-27 17:54:00,BIO-MA-32OZ,1
2023-01-27 16:41:00,AQU-BA-32OZ,1
2023-01-27 11:34:00,AQU-BA-32OZ,1
2023-01-27 12:22:00,AQU-CT-11LB,2
2023-01-28 10:47:00,INT-BA-32OZ,1
2023-01-29 10:44:00,AQU-PS-25LB,1
2023-01-29 14:24:00,CHL-PS-17LB,1
2023-01-29 13:44:00,CHL-PS-1LB,1
2023-01-29 14:34:00,CHL-CT-1LB,1
2023-01-30 10:39:00,CHL-CT-21LB,1
2023-01-30 13:36:00,HTH-S-5LB,2
2023-01-31 10:20:00,CHL-CT-1LB,1
2023-01-31 15:13:00,CHL-CT-1LB,2
2023-01-31 12:39:00,CHL-CT-1LB,1
2023-01-31 16:37:00,AQU-PS-25LB,1
2023-02-01 10:21:00,CHL-PS-1LB,1
2023-02-01 13:14:00,AQU-CT-11LB,1
2023-02-01 17:17:00,CHL-CT-21LB,2
2023-02-01 18:27:00,INT-CA-32OZ,2
2023-02-02 08:48:00,AQU-PD-5LB,1
2023-02-02 15:47:00,CHL-PS-17LB,1
2023-02-03 10:37:00,INT-CT-25LB,1
2023-02-04 08:28:00,AQU-CT-11LB,1
2023-02-04 12:40:00,CHL-CT-21LB,1
2023-02-04 15:09:00,AQU-PS-5LB,1
2023-02-04 17:26:00,INT-CA-32OZ,1
2023-02-04 14:37:00,AQU-CT-11LB,1
2023-02-05 12:04:00,CHL-CT-21LB,1
2023-02-05 15:36:00,AQU-PS-5LB,3
2023-02-05 17:25:00,INT-CT-25LB,1
2023-02-05 15:01:00,AQU-CT-11LB,2
2023-02-05 16:00:00,INT-CT-25LB,1
2023-02-05 16:50:00,AQU-BA-32OZ,1
2023-02-05 17:29:00,AQU-PS-5LB,1
2023-02-06 18:31:00,INT-BA-32OZ,3
2023-02-07 13:43:00,INT-LS-1GAL,1
2023-02-08 17:18:00,INT-LS-1GAL,4
2023-02-08 14:17:00,CHL-PS-17LB,2
2023-02-08 09:32:00,INT-CT-25LB,2
2023-02-09 17:51:00,CHL-PS-1LB,1
2023-02-10 12:07:00,INT-CT-25LB,3
2023-02-10 14:29:00,AQU-CT-11LB,1
2023-02-11 15:33:00,CHL-PS-17LB,1
2023-02-12 13:13:00,HTH-F-2LB,1
2023-02-12 14:46:00,CHL-PS-1LB,1
2023-02-12 17:34:00,INT-CT-25LB,4
2023-02-12 16:06:00,AQU-PS-5LB,1
2023-02-12 14:18:00,INT-BA-32OZ,1
2023-02-13 16:01:00,AQU-PS-25LB,2
2023-02-13 12:18:00,AQU-PS-5LB,3
2023-02-13 13:00:00,CHL-PS-17LB,1
2023-02-13 17:10:00,INT-LS-1GAL,1
2023-02-14 16:51:00,AQU-CT-11LB,1
2023-02-14 14:56:00,CHL-CT-1LB,1
2023-02-14 08:20:00,HTH-AI-11LB,2
2023-02-14 10:07:00,AQU-PS-5LB,1
2023-02-15 08:10:00,INT-BA-32OZ,1
2023-02-15 14:08:00,INT-CT-25LB,1
2023-02-15 15:02:00,CHL-PS-17LB,1
2023-02-15 14:25:00,INT-CA-32OZ,1
2023-02-16 17:57:00,INT-CA-32OZ,1
2023-02-17 16:11:00,AQU-BA-32OZ,1
2023-02-18 12:22:00,INT-CA-32OZ,1
2023-02-19 11:00:00,AQU-CT-11LB,1
2023-02-20 16:36:00,CHL-CT-21LB,1
2023-02-20 16:12:00,CHL-CT-1LB,1
2023-02-20 18:51:00,BIO-MA-32OZ,1
2023-02-20 08:21:00,AQU-CT-11LB,4
2023-02-21 18:52:00,AQU-PS-5LB,1
2023-02-21 16:35:00,INT-LS-1GAL,1
2023-02-21 11:39:00,INT-CT-25LB,1
2023-02-22 15:16:00,INT-BA-32OZ,3
2023-02-22 09:35:00,BIO-MA-32OZ,1
2023-02-23 11:00:00,INT-CT-25LB,1
2023-02-24 15:50:00,AQU-CT-11LB,1
2023-02-25 08:03:00,AQU-CT-11LB,1
2023-02-26 08:43:00,INT-LS-1GAL,3
2023-02-27 14:48:00,CHL-CT-21LB,2
2023-02-28 09:37:00,CHL-CT-21LB,1
2023-02-28 17:22:00,INT-CT-25LB,1
2023-02-28 18:13:00,AQU-PS-5LB,1
2023-02-28 08:58:00,INT-CA-32OZ,4
2023-03-01 13:24:00,CHL-CT-1LB,1
2023-03-01 12:06:00,AQU-BA-32OZ,1
2023-03-01 16:16:00,CHL-PS-17LB,1
2023-03-01 17:12:00,AQU-BA-32OZ,1
2023-03-01 15:34:00,INT-LS-1GAL,1
2023-03-01 18:54:00,AQU-BA-32OZ,3
2023-03-02 12:27:00,CHL-PS-17LB,1
2023-03-02 15:36:00,INT-MA-1GAL,1
2023-03-02 08:32:00,CHL-PS-17LB,1
2023-03-02 15:58:00,BIO-MA-32OZ,2
2023-03-02 08:41:00,AQU-BA-32OZ,1
2023-03-03 15:10:00,AQU-BA-32OZ,1
2023-03-04 18:51:00,AQU-CT-11LB,1
2023-03-04 08:01:00,INT-LS-1GAL,1
2023-03-05 11:27:00,CHL-PS-17LB,1
2023-03-06 09:03:00,AQU-PS-5LB,1
2023-03-07 12:19:00,BIO-MA-32OZ,1
2023-03-08 12:08:00,AQU-PS-25LB,1
2023-03-08 17:38:00,AQU-PS-25LB,1
2023-03-08 08:25:00,AQU-BA-32OZ,4
2023-03-08 15:17:00,INT-MA-1GAL,3
2023-03-08 18:21:00,AQU-BA-32OZ,1
2023-03-09 16:57:00,BIO-MA-32OZ,1
2023-03-09 14:52:00,CHL-CT-1LB,1
2023-03-09 13:10:00,AQU-BA-32OZ,1
2023-03-09 12:02:00,BIO-MA-32OZ,1
2023-03-09 14:09:00,INT-CA-32OZ,4
2023-03-10 10:07:00,AQU-BA-32OZ,1
2023-03-10 13:58:00,CHL-CT-1LB,1
2023-03-10 13:39:00,CHL-PS-1LB,1
2023-03-10 17:27:00,INT-LS-1GAL,3
2023-03-10 15:08:00,AQU-PS-5LB,1
2023-03-10 13:59:00,INT-MA-1GAL,3
2023-03-11 10:11:00,INT-BA-32OZ,1
2023-03-11 10:07:00,AQU-PS-25LB,1
2023-03-12 13:15:00,INT-LS-1GAL,1
2023-03-12 11:59:00,CHL-CT-1LB,1
2023-03-12 18:41:00,CHL-CT-21LB,2
2023-03-13 15:50:00,CHL-PS-17LB,1
2023-03-13 08:16:00,AQU-PS-5LB,1
2023-03-13 15:19:00,INT-CT-25LB,1
2023-03-14 14:19:00,CHL-PS-1LB,1
2023-03-14 16:18:00,AQU-CT-11LB,1
2023-03-15 13:23:00,INT-BA-32OZ,1
2023-03-15 17:14:00,INT-CT-25LB,1
2023-03-15 17:27:00,AQU-CT-11LB,2
2023-03-16 09:54:00,AQU-BA-32OZ,1
2023-03-17 11:34:00,INT-LS-1GAL,2
2023-03-17 11:20:00,INT-BA-32OZ,2
2023-03-17 08:31:00,CHL-PS-17LB,1
2023-03-17 09:08:00,AQU-PS-5LB,1
2023-03-18 13:13:00,CHL-PS-1LB,1
2023-03-19 17:03:00,AQU-CT-11LB,4
2023-03-20 11:25:00,INT-LS-1GAL,1
2023-03-21 10:05:00,AQU-PS-5LB,1
2023-03-22 09:59:00,CHL-PS-17LB,1
2023-03-22 15:15:00,CHL-CT-1LB,1
2023-03-22 18:09:00,CHL-CT-21LB,2
2023-03-22 18:29:00,AQU-PS-5LB,2
2023-03-22 15:10:00,CHL-PS-1LB,1
2023-03-23 12:34:00,INT-CT-25LB,4
2023-03-23 18:34:00,INT-CT-25LB,1
2023-03-24 17:22:00,AQU-CT-11LB,1
2023-03-24 16:20:00,CHL-CT-21LB,1
2023-03-25 13:35:00,INT-CA-32OZ,1
2023-03-25 13:10:00,AQU-PS-5LB,3
2023-03-25 10:37:00,INT-CT-25LB,1
2023-03-25 18:19:00,CHL-PS-1LB,1
2023-03-26 13:08:00,CHL-PS-1LB,1
2023-03-27 13:06:00,INT-MA-1GAL,4
2023-03-27 14:07:00,CHL-PS-1LB,2
2023-03-27 16:20:00,AQU-PS-25LB,2
2023-03-28 17:05:00,CHL-CT-21LB,2
2023-03-28 15:04:00,CHL-CT-21LB,1
2023-03-29 08:33:00,CHL-PS-1LB,1
2023-03-30 08:23:00,AQU-PS-25LB,1
2023-03-30 12:38:00,INT-BA-32OZ,1
2023-03-30 09:16:00,AQU-PS-25LB,1
2023-03-30 15:29:00,AQU-BA-32OZ,1
2023-03-31 15:14:00,CHL-PS-17LB,1
2023-04-01 18:13:00,INT-BA-32OZ,1
2023-04-01 13:49:00,CHL-PS-1LB,1
2023-04-01 10:19:00,BIO-MA-32OZ,4
2023-04-01 15:55:00,CHL-PS-1LB,1
2023-04-01 16:46:00,CHL-CT-1LB,1
2023-04-01 12:07:00,INT-CT-25LB,1
2023-04-01 15:07:00,CHL-CT-1LB,1
2023-04-01 13:37:00,CHL-CT-1LB,1
2023-04-02 17:29:00,CHL-CT-1LB,1
2023-04-02 11:16:00,AQU-PS-25LB,1
2023-04-02 12:54:00,AQU-BA-32OZ,1
2023-04-02 17:13:00,CHL-CT-21LB,1
2023-04-02 08:21:00,INT-CT-25LB,1
2023-04-02 11:31:00,INT-BA-32OZ,1
2023-04-02 16:34:00,CHL-CT-1LB,1
2023-04-02 08:14:00,CHL-PS-1LB,1
2023-04-03 16:13:00,AQU-PS-5LB,4
2023-04-03 14:05:00,INT-CT-25LB,1
2023-04-03 09:44:00,AQU-PS-25LB,1
2023-04-03 11:15:00,AQU-BA-32OZ,1
2023-04-03 18:33:00,INT-BA-32OZ,1
2023-04-03 17:11:00,CHL-CT-1LB,1
2023-04-03 14:59:00,INT-CA-32OZ,1
2023-04-03 08:32:00,CHL-PS-17LB,1
2023-04-04 16:56:00,AQU-BA-32OZ,2
2023-04-04 10:51:00,INT-LS-1GAL,3
2023-04-04 16:04:00,AQU-PS-5LB,1
2023-04-04 13:50:00,AQU-PS-5LB,1
2023-04-04 10:30:00,AQU-PS-5LB,1
2023-04-04 16:30:00,INT-CT-25LB,1
2023-04-04 11:00:00,INT-BA-32OZ,2
2023-04-04 12:52:00,CHL-PS-17LB,1
2023-04-04 16:27:00,INT-CT-25LB,3
2023-04-05 18:04:00,INT-LS-1GAL,1
2023-04-05 13:11:00,CHL-PS-1LB,4
2023-04-05 09:28:00,AQU-PS-5LB,1
2023-04-05 12:26:00,CHL-PS-1LB,1
2023-04-05 13:53:00,AQU-PS-5LB,2
2023-04-05 18:13:00,AQU-BA-32OZ,1
2023-04-05 13:46:00,INT-CT-25LB,1
2023-04-05 11:30:00,CHL-CT-1LB,1
2023-04-06 16:03:00,AQU-PS-25LB,1
2023-04-06 09:32:00,AQU-PS-5LB,3
2023-04-06 17:55:00,INT-BA-32OZ,2
2023-04-06 09:22:00,INT-MA-1GAL,3
2023-04-06 14:43:00,CHL-CT-21LB,1
2023-04-06 15:12:00,INT-LS-1GAL,2
2023-04-06 12:17:00,CHL-CT-21LB,3
2023-04-06 14:31:00,AQU-PS-25LB,1
2023-04-06 09:47:00,INT-LS-1GAL,2
2023-04-06 15:28:00,AQU-PS-5LB,1
2023-04-06 14:59:00,AQU-CT-11LB,1
2023-04-07 14:37:00,CHL-PS-1LB,1
2023-04-07 09:19:00,CHL-S-1LB,4
2023-04-07 11:13:00,CHL-CT-21LB,1
2023-04-07 14:08:00,INT-LS-1GAL,4
2023-04-07 17:38:00,AQU-PS-25LB,1
2023-04-07 17:16:00,CHL-PS-1LB,1
2023-04-08 18:50:00,AQU-PS-5LB,2
2023-04-08 14:16:00,CHL-CT-21LB,1
2023-04-08 13:03:00,INT-LS-1GAL,2
2023-04-08 17:37:00,CHL-PS-1LB,1
2023-04-08 17:37:00,INT-BA-32OZ,3
2023-04-09 08:07:00,CHL-CT-21LB,3
2023-04-09 08:34:00,CHL-PS-1LB,1
2023-04-09 17:35:00,CHL-PS-17LB,1
2023-04-09 13:30:00,CHL-PS-17LB,4
2023-04-09 11:36:00,AQU-PS-25LB,3
2023-04-09 08:34:00,CHL-PS-17LB,3
2023-04-09 11:53:00,INT-BA-32OZ,1
2023-04-09 18:45:00,INT-CT-25LB,1
2023-04-09 13:10:00,CHL-CT-1LB,1
2023-04-09 09:45:00,AQU-CT-11LB,1
2023-04-10 17:26:00,INT-CA-32OZ,1
2023-04-10 18:33:00,BIO-PU-5LB,3
2023-04-10 12:57:00,CHL-PS-1LB,1
2023-04-10 12:10:00,AQU-CT-11LB,1
2023-04-11 14:17:00,INT-BA-32OZ,1
2023-04-11 16:49:00,CHL-PS-17LB,3
2023-04-11 16:19:00,INT-BA-32OZ,1
2023-04-11 17:48:00,INT-BA-32OZ,1
2023-04-11 18:39:00,AQU-CT-11LB,1
2023-04-11 15:37:00,CHL-PS-1LB,1
2023-04-11 13:28:00,CHL-PS-17LB,1
2023-04-12 13:52:00,INT-BA-32OZ,1
2023-04-12 15:21:00,CHL-PS-1LB,2
2023-04-12 18:45:00,CHL-PS-1LB,1
2023-04-12 17:22:00,CHL-CT-21LB,2
2023-04-12 16:08:00,BIO-MA-32OZ,2
2023-04-13 09:53:00,AQU-PS-25LB,1
2023-04-13 17:03:00,CHL-CT-21LB,1
2023-04-13 10:09:00,CHL-PS-1LB,1
2023-04-13 09:28:00,BIO-MA-32OZ,3
2023-04-13 17:29:00,INT-CT-25LB,1
2023-04-13 16:38:00,AQU-BA-32OZ,2
2023-04-13 18:57:00,INT-CT-25LB,1
2023-04-13 18:54:00,CHL-PS-17LB,1
2023-04-13 18:53:00,INT-LS-1GAL,1
2023-04-13 09:52:00,CHL-CT-21LB,1
2023-04-13 10:19:00,BIO-MA-32OZ,1
2023-04-13 16:34:00,AQU-CT-11LB,2
2023-04-14 17:58:00,AQU-CT-11LB,1
2023-04-14 15:57:00,AQU-CT-11LB,2
2023-04-14 09:29:00,AQU-CHI-11LB,1
2023-04-14 08:59:00,BIO-MA-32OZ,1
2023-04-14 13:48:00,AQU-BA-32OZ,4
2023-04-15 12:58:00,CHL-CT-21LB,1
2023-04-15 12:59:00,AQU-BA-32OZ,1
2023-04-15 13:51:00,INT-CT-25LB,1
2023-04-15 09:50:00,AQU-BA-32OZ,2
2023-04-15 12:50:00,CHL-PS-17LB,1
2023-04-15 11:27:00,INT-AI-25LB,1
2023-04-15 15:48:00,INT-MA-1GAL,2
2023-04-15 10:33:00,INT-BA-32OZ,1
2023-04-15 14:33:00,INT-LS-1GAL,1
2023-04-15 09:05:00,AQU-CT-11LB,2
2023-04-15 10:46:00,INT-CA-32OZ,1
2023-04-16 08:13:00,INT-BA-32OZ,1
2023-04-16 16:32:00,INT-LS-1GAL,1
2023-04-16 13:48:00,AQU-BA-32OZ,1
2023-04-16 14:54:00,INT-LS-1GAL,1
2023-04-16 16:07:00,AQU-PS-25LB,1
2023-04-16 09:36:00,CHL-PS-17LB,2
2023-04-16 11:39:00,AQU-PS-25LB,1
2023-04-17 15:53:00,INT-CA-32OZ,2
2023-04-17 16:05:00,BIO-MA-32OZ,1
2023-04-17 12:58:00,INT-BA-32OZ,1
2023-04-17 13:36:00,BIO-MA-32OZ,4
2023-04-17 08:56:00,AQU-BA-32OZ,1
2023-04-17 08:47:00,CHL-CT-1LB,1
2023-04-17 17:42:00,AQU-PS-5LB,1
2023-04-17 17:40:00,CHL-CT-1LB,4
2023-04-17 10:53:00,INT-CT-25LB,1
2023-04-17 09:28:00,AQU-CT-11LB,1
2023-04-17 15:36:00,INT-MA-1GAL,1
2023-04-17 08:23:00,CHL-PS-1LB,1
2023-04-17 13:09:00,CHL-CHI-20LB,1
2023-04-18 14:59:00,INT-CT-25LB,1
2023-04-18 14:37:00,CHL-PS-17LB,3
2023-04-18 11:14:00,INT-LS-1GAL,1
2023-04-18 13:05:00,CHL-CT-1LB,4
2023-04-18 18:53:00,AQU-PS-5LB,2
2023-04-18 18:20:00,INT-LS-1GAL,2
2023-04-18 16:34:00,CHL-CHI-20LB,1
2023-04-18 08:48:00,AQU-PS-5LB,1
2023-04-19 08:49:00,AQU-PS-25LB,1
2023-04-19 18:20:00,CHL-CT-1LB,1
2023-04-19 11:08:00,AQU-BA-32OZ,3
2023-04-19 18:25:00,CHL-CT-1LB,1
2023-04-19 08:47:00,INT-BA-32OZ,2
2023-04-19 09:07:00,CHL-CT-21LB,1
2023-04-19 17:15:00,INT-CT-25LB,2
2023-04-19 17:05:00,INT-LS-1GAL,1
2023-04-20 16:08:00,AQU-PS-25LB,1
2023-04-20 17:30:00,CHL-CT-1LB,1
2023-04-20 12:08:00,CHL-CT-1LB,2
2023-04-20 18:55:00,AQU-PS-5LB,1
2023-04-20 13:22:00,INT-CT-25LB,1
2023-04-20 09:15:00,CHL-CT-1LB,2
2023-04-20 14:02:00,AQU-PS-25LB,3
2023-04-20 17:03:00,AQU-BA-32OZ,1
2023-04-20 16:20:00,INT-CA-32OZ,1
2023-04-20 16:51:00,CHL-CT-21LB,4
2023-04-20 09:54:00,INT-LS-1GAL,1
2023-04-20 16:45:00,INT-LS-1GAL,1
2023-04-20 09:02:00,CHL-PS-17LB,3
2023-04-20 12:20:00,CHL-CT-1LB,2
2023-04-20 08:56:00,AQU-PS-25LB,1
2023-04-20 10:19:00,CHL-PS-1LB,1
2023-04-20 11:45:00,AQU-CT-11LB,3
2023-04-21 14:04:00,AQU-CT-11LB,1
2023-04-21 13:59:00,CHL-CT-21LB,1
2023-04-21 16:31:00,AQU-BA-32OZ,2
2023-04-21 11:24:00,CHL-CT-1LB,1
2023-04-21 14:08:00,AQU-PS-5LB,2
2023-04-21 15:05:00,BIO-MA-32OZ,2
2023-04-21 11:44:00,INT-LS-1GAL,1
2023-04-21 13:32:00,CHL-CT-21LB,4
2023-04-21 17:25:00,BIO-PU-5LB,1
2023-04-21 17:15:00,BIO-MA-32OZ,3
2023-04-21 11:22:00,AQU-PS-25LB,2
2023-04-21 11:51:00,AQU-PS-25LB,1
2023-04-21 17:03:00,CHL-PS-17LB,1
2023-04-21 08:40:00,BIO-MA-32OZ,1
2023-04-21 13:34:00,AQU-PS-5LB,1
2023-04-21 13:55:00,CHL-CT-21LB,1
2023-04-21 14:05:00,INT-CT-25LB,1
2023-04-21 13:40:00,INT-CA-32OZ,3
2023-04-21 12:28:00,CHL-CT-21LB,2
2023-04-21 18:15:00,AQU-BA-32OZ,1
2023-04-21 09:41:00,INT-BA-32OZ,2
2023-04-21 13:55:00,AQU-PS-25LB,1
2023-04-21 14:52:00,BIO-MA-32OZ,1
2023-04-21 14:15:00,AQU-BA-32OZ,1
2023-04-22 17:11:00,AQU-CT-11LB,1
2023-04-22 13:22:00,CHL-CT-1LB,2
2023-04-22 09:06:00,AQU-CT-11LB,3
2023-04-22 14:18:00,CHL-CT-21LB,1
2023-04-22 11:25:00,HTH-F-2LB,1
2023-04-22 18:39:00,INT-CA-32OZ,1
2023-04-22 08:42:00,BIO-MA-32OZ,1
2023-04-22 10:53:00,INT-MA-1GAL,3
2023-04-22 16:58:00,AQU-PS-5LB,1
2023-04-22 11:30:00,INT-CT-25LB,1
2023-04-22 15:11:00,CHL-PS-17LB,1
2023-04-22 15:01:00,INT-CT-25LB,1
2023-04-22 10:34:00,AQU-BA-32OZ,2
2023-04-22 17:26:00,BIO-MA-32OZ,1
2023-04-22 18:24:00,CHL-PS-1LB,1
2023-04-23 13:58:00,INT-BA-32OZ,1
2023-04-23 11:18:00,AQU-PS-5LB,1
2023-04-23 10:33:00,INT-BA-32OZ,1
2023-04-23 09:24:00,INT-BA-32OZ,2
2023-04-23 12:16:00,INT-BA-32OZ,1
2023-04-23 09:52:00,AQU-BA-32OZ,3
2023-04-23 18:26:00,CHL-CT-1LB,1
2023-04-23 09:02:00,BIO-MA-32OZ,1
2023-04-23 09:39:00,BIO-PD-2LB,1
2023-04-23 15:20:00,BIO-PU-5LB,1
2023-04-23 18:57:00,BIO-MA-32OZ,1
2023-04-23 11:21:00,CHL-CHI-20LB,1
2023-04-23 16:55:00,AQU-PS-25LB,1
2023-04-23 18:58:00,INT-MA-1GAL,1
2023-04-23 12:26:00,INT-BA-32OZ,1
2023-04-24 08:23:00,AQU-BA-32OZ,1
2023-04-24 09:02:00,CHL-CT-21LB,2
2023-04-24 11:42:00,INT-CA-32OZ,1
2023-04-24 16:34:00,AQU-PS-5LB,1
2023-04-24 08:08:00,CHL-CT-1LB,1
2023-04-24 15:13:00,INT-CT-25LB,4
2023-04-24 08:16:00,INT-LS-1GAL,2
2023-04-24 10:31:00,CHL-CT-21LB,1
2023-04-24 14:13:00,INT-CT-25LB,4
2023-04-24 14:08:00,AQU-PS-5LB,1
2023-04-24 16:55:00,CHL-PS-1LB,1
2023-04-24 09:16:00,INT-CT-25LB,2
2023-04-24 18:16:00,INT-CA-32OZ,1
2023-04-24 18:17:00,AQU-BA-32OZ,1
2023-04-24 15:07:00,INT-CA-32OZ,1
2023-04-24 16:48:00,AQU-BA-32OZ,2
2023-04-24 17:14:00,AQU-BA-32OZ,1
2023-04-24 17:20:00,INT-BA-32OZ,2
2023-04-24 11:59:00,INT-CA-32OZ,1
2023-04-25 14:36:00,BIO-MA-32OZ,1
2023-04-25 08:26:00,INT-MA-1GAL,1
2023-04-25 15:25:00,CHL-CT-1LB,1
2023-04-25 12:44:00,AQU-BA-32OZ,2
2023-04-25 18:55:00,CHL-CT-1LB,1
2023-04-25 17:40:00,CHL-PS-17LB,1
2023-04-25 08:36:00,CHL-CT-1LB,1
2023-04-25 10:11:00,AQU-BA-32OZ,1
2023-04-25 16:34:00,AQU-PS-25LB,1
2023-04-25 12:39:00,CHL-PS-1LB,1
2023-04-25 16:29:00,CHL-CT-21LB,1
2023-04-25 12:55:00,INT-BA-32OZ,1
2023-04-25 13:48:00,INT-LS-1GAL,3
2023-04-25 13:07:00,AQU-PS-25LB,1
2023-04-25 11:53:00,CHL-CT-1LB,1
2023-04-25 13:34:00,AQU-PS-25LB,1
2023-04-25 15:08:00,AQU-BA-32OZ,2
2023-04-25 15:07:00,INT-BA-32OZ,1
2023-04-25 15:17:00,CHL-CT-21LB,1
2023-04-26 08:41:00,AQU-PS-5LB,1
2023-04-26 14:51:00,CHL-CT-21LB,1
2023-04-26 16:35:00,AQU-PS-5LB,1
2023-04-26 09:50:00,CHL-CT-1LB,1
2023-04-26 09:48:00,AQU-PS-5LB,1
2023-04-26 14:53:00,AQU-PS-25LB,1
2023-04-26 12:49:00,INT-LS-1GAL,1
2023-04-26 08:12:00,INT-BA-32OZ,1
2023-04-26 12:13:00,INT-LS-1GAL,1
2023-04-26 17:32:00,AQU-PS-25LB,1
2023-04-26 16:57:00,INT-CHI-7LB,2
2023-04-26 09:32:00,CHL-PS-1LB,1
2023-04-26 15:13:00,AQU-PS-25LB,1
2023-04-26 16:30:00,INT-CA-32OZ,1
2023-04-26 15:41:00,AQU-CT-11LB,1
2023-04-26 13:32:00,CHL-CT-21LB,4
2023-04-26 11:46:00,BIO-MA-32OZ,2
2023-04-26 11:13:00,CHL-CT-1LB,1
2023-04-26 14:18:00,INT-CA-32OZ,4
2023-04-27 15:00:00,CHL-PS-17LB,1
2023-04-27 12:06:00,CHL-PS-17LB,1
2023-04-27 11:45:00,BIO-MA-32OZ,1
2023-04-27 08:38:00,AQU-BA-32OZ,1
2023-04-27 08:39:00,AQU-CT-11LB,2
2023-04-27 09:22:00,AQU-PS-5LB,2
2023-04-27 11:32:00,AQU-PS-25LB,1
2023-04-27 18:55:00,INT-CT-25LB,3
2023-04-27 14:01:00,INT-CT-25LB,1
2023-04-27 10:34:00,BIO-MA-32OZ,1
2023-04-27 10:25:00,BIO-MA-32OZ,1
2023-04-27 10:22:00,CHL-PS-17LB,1
2023-04-27 12:50:00,AQU-PS-25LB,1
2023-04-27 10:02:00,INT-LS-1GAL,1
2023-04-27 12:04:00,INT-BA-32OZ,1
2023-04-27 18:54:00,INT-BA-32OZ,1
2023-04-27 10:55:00,INT-CA-32OZ,1
2023-04-27 11:57:00,INT-CT-25LB,1
2023-04-27 09:39:00,CHL-CT-21LB,1
2023-04-27 08:46:00,BIO-MA-32OZ,3
2023-04-27 18:22:00,INT-CA-32OZ,1
2023-04-28 10:00:00,AQU-PS-25LB,3
2023-04-28 12:48:00,AQU-CT-11LB,3
2023-04-28 12:04:00,CHL-CT-1LB,4
2023-04-28 08:03:00,BIO-PD-2LB,1
2023-04-28 15:44:00,CHL-PS-1LB,1
2023-04-28 17:53:00,AQU-BA-32OZ,3
2023-04-28 12:06:00,CHL-PS-17LB,1
2023-04-28 17:13:00,BIO-MA-32OZ,1
2023-04-28 10:17:00,AQU-BA-32OZ,2
2023-04-28 13:49:00,AQU-BA-32OZ,1
2023-04-28 11:53:00,CHL-PS-17LB,1
2023-04-28 16:41:00,INT-MA-1GAL,1
2023-04-28 09:03:00,CHL-PS-1LB,1
2023-04-28 17:30:00,INT-LS-1GAL,2
2023-04-28 17:19:00,INT-CA-32OZ,1
2023-04-28 09:40:00,CHL-PS-1LB,3
2023-04-28 10:09:00,AQU-PS-25LB,1
2023-04-28 12:34:00,CHL-PS-1LB,1
2023-04-29 08:37:00,INT-CT-25LB,1
2023-04-29 16:30:00,INT-LS-1GAL,3
2023-04-29 10:47:00,AQU-PS-5LB,1
2023-04-29 14:16:00,AQU-CT-11LB,2
2023-04-29 17:26:00,AQU-PS-25LB,4
2023-04-29 11:11:00,CHL-CT-1LB,1
2023-04-29 10:23:00,AQU-PS-5LB,1
2023-04-29 09:31:00,AQU-PS-25LB,1
2023-04-29 12:50:00,AQU-PS-25LB,1
2023-04-29 10:11:00,AQU-BA-32OZ,2
2023-04-29 12:00:00,CHL-PS-17LB,1
2023-04-29 12:53:00,INT-CT-25LB,1
2023-04-29 18:43:00,AQU-CT-11LB,1
2023-04-29 11:11:00,AQU-CT-11LB,2
2023-04-29 14:06:00,CHL-PS-17LB,1
2023-04-29 09:34:00,AQU-PS-25LB,4
2023-04-29 17:03:00,INT-CA-32OZ,1
2023-04-29 08:12:00,CHL-CT-1LB,1
2023-04-29 12:24:00,INT-BA-32OZ,1
2023-04-29 16:27:00,HTH-S-5LB,1
2023-04-29 09:44:00,INT-CT-25LB,2
2023-04-30 08:30:00,BIO-MA-32OZ,1
2023-04-30 08:09:00,INT-BA-32OZ,1
2023-04-30 16:25:00,AQU-CT-11LB,3
2023-04-30 15:44:00,INT-MA-1GAL,2
2023-04-30 18:10:00,CHL-CT-1LB,2
2023-04-30 08:59:00,CHL-PS-1LB,1
2023-04-30 10:49:00,INT-BA-32OZ,1
2023-04-30 08:02:00,INT-MA-1GAL,1
2023-04-30 17:21:00,AQU-CT-11LB,1
2023-04-30 11:25:00,INT-CA-32OZ,1
2023-04-30 14:46:00,AQU-PS-25LB,2
2023-04-30 10:04:00,INT-LS-1GAL,1
2023-04-30 17:23:00,INT-CT-25LB,1
2023-04-30 11:26:00,INT-AI-5LB,1
2023-04-30 16:37:00,INT-CHI-7LB,1
2023-04-30 08:00:00,INT-AI-5LB,1
2023-04-30 13:29:00,CHL-PS-1LB,1
2023-05-01 13:01:00,CHL-CT-21LB,1
2023-05-01 08:06:00,INT-LS-1GAL,1
2023-05-01 15:15:00,CHL-PS-17LB,2
2023-05-01 10:21:00,INT-CT-25LB,3
2023-05-01 17:00:00,CHL-CT-1LB,4
2023-05-01 08:51:00,INT-CT-25LB,4
2023-05-01 15:13:00,CHL-PS-1LB,2
2023-05-01 17:29:00,BIO-MA-32OZ,1
2023-05-01 09:12:00,INT-CT-25LB,2
2023-05-01 08:41:00,CHL-CT-21LB,1
2023-05-01 15:10:00,INT-BA-32OZ,1
2023-05-01 10:05:00,BIO-MA-32OZ,1
2023-05-01 09:13:00,AQU-PS-5LB,1
2023-05-01 16:52:00,INT-CT-25LB,4
2023-05-01 14:36:00,AQU-PS-5LB,1
2023-05-01 08:47:00,CHL-CT-1LB,2
2023-05-01 16:30:00,AQU-CT-11LB,1
2023-05-01 09:41:00,CHL-CT-21LB,1
2023-05-01 14:31:00,CHL-CT-1LB,1
2023-05-01 10:11:00,BIO-MA-32OZ,3
2023-05-01 09:01:00,INT-CA-32OZ,1
2023-05-01 12:20:00,CHL-CT-21LB,1
2023-05-01 12:47:00,INT-CA-32OZ,1
2023-05-01 14:50:00,AQU-BA-32OZ,1
2023-05-01 09:31:00,INT-CA-32OZ,1
2023-05-01 09:36:00,AQU-PS-25LB,1
2023-05-01 10:35:00,BIO-PU-5LB,3
2023-05-02 09:30:00,INT-CA-32OZ,1
2023-05-02 08:29:00,AQU-BA-32OZ,1
2023-05-02 12:19:00,INT-LS-1GAL,1
2023-05-02 11:26:00,AQU-PS-5LB,1
2023-05-02 08:09:00,INT-CA-32OZ,1
2023-05-02 11:48:00,CHL-PS-1LB,1
2023-05-02 12:18:00,AQU-CT-11LB,1
2023-05-02 10:11:00,CHL-PS-1LB,1
2023-05-02 13:09:00,INT-BA-32OZ,1
2023-05-02 09:41:00,CHL-CT-21LB,1
2023-05-02 14:00:00,CHL-PS-17LB,1
2023-05-02 10:21:00,AQU-PS-5LB,1
2023-05-02 10:13:00,INT-LS-1GAL,1
2023-05-02 17:17:00,INT-CA-32OZ,1
2023-05-02 09:09:00,AQU-BA-32OZ,2
2023-05-02 18:46:00,INT-CA-32OZ,1
2023-05-02 08:37:00,BIO-MA-32OZ,1
2023-05-02 12:19:00,AQU-PS-5LB,1
2023-05-02 15:51:00,INT-MA-1GAL,1
2023-05-02 15:56:00,CHL-PU-2LB,1
2023-05-02 10:24:00,AQU-BA-32OZ,3
2023-05-02 17:01:00,BIO-PU-5LB,1
2023-05-02 11:43:00,AQU-BA-32OZ,4
2023-05-02 10:26:00,INT-LS-1GAL,1
2023-05-02 18:40:00,INT-CA-32OZ,1
2023-05-02 13:20:00,INT-CA-32OZ,1
2023-05-02 09:14:00,CHL-CT-21LB,1
2023-05-02 10:30:00,INT-LS-1GAL,1
2023-05-02 14:05:00,BIO-MA-32OZ,1
2023-05-02 18:29:00,BIO-MA-32OZ,2
2023-05-02 17:52:00,CHL-CT-21LB,1
2023-05-02 12:46:00,AQU-PS-25LB,1
2023-05-02 16:01:00,CHL-PS-1LB,1
2023-05-02 18:08:00,INT-MA-1GAL,1
2023-05-03 13:52:00,AQU-BA-32OZ,3
2023-05-03 13:37:00,BIO-MA-32OZ,1
2023-05-03 16:22:00,AQU-BA-32OZ,3
2023-05-03 09:24:00,CHL-CT-21LB,1
2023-05-03 08:08:00,CHL-CT-1LB,1
2023-05-03 09:06:00,AQU-PS-25LB,1
2023-05-03 17:42:00,CHL-CT-21LB,1
2023-05-03 09:20:00,AQU-PS-5LB,2
2023-05-03 16:37:00,CHL-PS-17LB,1
2023-05-03 09:10:00,INT-CT-25LB,1
2023-05-03 14:34:00,CHL-PS-1LB,1
2023-05-03 14:48:00,INT-CA-32OZ,1
2023-05-03 12:46:00,CHL-CT-1LB,1
2023-05-03 17:51:00,INT-CT-25LB,3
2023-05-03 16:56:00,INT-BA-32OZ,2
2023-05-03 14:16:00,CHL-CT-21LB,2
2023-05-03 15:35:00,AQU-BA-32OZ,2
2023-05-03 14:50:00,AQU-BA-32OZ,1
2023-05-03 16:43:00,AQU-BA-32OZ,1
2023-05-03 14:08:00,AQU-BA-32OZ,1
2023-05-03 11:29:00,INT-BA-32OZ,2
2023-05-03 14:03:00,CHL-PS-17LB,1
2023-05-03 08:32:00,BIO-MA-32OZ,1
2023-05-03 16:17:00,CHL-CT-1LB,1
2023-05-03 12:29:00,CHL-CT-21LB,1
2023-05-03 12:01:00,AQU-PS-5LB,1
2023-05-03 16:47:00,AQU-PS-25LB,1
2023-05-03 11:28:00,INT-CA-32OZ,1
2023-05-03 18:35:00,INT-CA-32OZ,1
2023-05-03 09:36:00,AQU-CT-11LB,1
2023-05-03 09:36:00,AQU-BA-32OZ,2
2023-05-03 08:31:00,AQU-BA-32OZ,1
2023-05-03 12:39:00,INT-CA-32OZ,1
2023-05-03 17:08:00,BIO-MA-32OZ,1
2023-05-04 12:02:00,CHL-CT-21LB,1
2023-05-04 08:25:00,INT-BA-32OZ,1
2023-05-04 17:47:00,CHL-PS-1LB,1
2023-05-04 16:59:00,INT-MA-1GAL,1
2023-05-04 11:25:00,AQU-BA-32OZ,4
2023-05-04 17:46:00,INT-MA-1GAL,3
2023-05-04 18:08:00,AQU-BA-32OZ,1
2023-05-04 11:50:00,CHL-PS-17LB,1
2023-05-04 13:14:00,AQU-CT-11LB,1
2023-05-04 12:34:00,INT-BA-32OZ,1
2023-05-04 12:32:00,AQU-BA-32OZ,1
2023-05-04 14:17:00,INT-CT-25LB,1
2023-05-04 15:02:00,AQU-CT-11LB,4
2023-05-04 16:10:00,AQU-PS-5LB,1
2023-05-04 09:14:00,INT-BA-32OZ,1
2023-05-04 17:33:00,INT-LS-1GAL,1
2023-05-04 14:20:00,AQU-PS-25LB,1
2023-05-04 12:27:00,AQU-BA-32OZ,1
2023-05-04 10:09:00,AQU-PS-25LB,1
2023-05-04 08:10:00,AQU-PS-5LB,3
2023-05-04 09:10:00,CHL-CT-1LB,4
2023-05-04 11:47:00,INT-LS-1GAL,2
2023-05-04 15:43:00,AQU-PS-25LB,1
2023-05-04 10:55:00,CHL-PS-1LB,1
2023-05-04 08:22:00,INT-LS-1GAL,1
2023-05-04 13:00:00,BIO-MA-32OZ,1
2023-05-04 11:48:00,INT-LS-1GAL,2
2023-05-04 11:00:00,AQU-CT-11LB,2
2023-05-04 08:01:00,CHL-CT-1LB,1
2023-05-04 08:35:00,CHL-PS-17LB,3
2023-05-04 16:24:00,AQU-BA-32OZ,4
2023-05-05 12:47:00,CHL-CT-1LB,1
2023-05-05 14:29:00,BIO-MA-32OZ,1
2023-05-05 11:37:00,AQU-PS-25LB,1
2023-05-05 09:39:00,BIO-MA-32OZ,1
2023-05-05 08:00:00,CHL-CT-1LB,4
2023-05-05 16:33:00,CHL-CT-1LB,1
2023-05-05 17:49:00,INT-CT-25LB,2
2023-05-05 17:05:00,CHL-PS-1LB,1
2023-05-05 09:16:00,CHL-PS-1LB,1
2023-05-05 09:25:00,AQU-PS-25LB,1
2023-05-05 08:01:00,AQU-CT-11LB,3
2023-05-05 17:54:00,INT-CA-32OZ,3
2023-05-05 09:24:00,INT-BA-32OZ,1
2023-05-05 17:48:00,AQU-PS-25LB,3
2023-05-05 18:09:00,INT-BA-32OZ,4
2023-05-05 11:08:00,CHL-PS-17LB,1
2023-05-05 18:31:00,CHL-CT-1LB,1
2023-05-05 11:59:00,AQU-PS-25LB,1
2023-05-05 15:47:00,INT-BA-32OZ,1
2023-05-05 17:43:00,AQU-PS-5LB,2
2023-05-05 16:49:00,AQU-CT-11LB,1
2023-05-05 17:46:00,AQU-CT-11LB,3
2023-05-05 15:47:00,CHL-CT-21LB,3
2023-05-05 17:02:00,CHL-CT-21LB,1
2023-05-05 14:00:00,CHL-CT-1LB,1
2023-05-05 16:50:00,CHL-CT-21LB,1
2023-05-05 13:19:00,AQU-PS-25LB,1
2023-05-05 16:53:00,BIO-MA-32OZ,1
2023-05-05 09:54:00,AQU-CT-11LB,4
2023-05-05 16:27:00,CHL-CT-1LB,1
2023-05-05 15:16:00,BIO-MA-32OZ,1
2023-05-05 14:15:00,INT-CA-32OZ,1
2023-05-05 08:03:00,CHL-PS-1LB,1
2023-05-05 08:58:00,CHL-CT-1LB,1
2023-05-05 17:52:00,CHL-PS-17LB,2
2023-05-05 17:32:00,INT-CA-32OZ,2
2023-05-05 12:43:00,BIO-MA-32OZ,1
2023-05-05 11:15:00,AQU-BA-32OZ,1
2023-05-06 09:46:00,AQU-CT-11LB,2
2023-05-06 11:28:00,AQU-PS-25LB,2
2023-05-06 09:59:00,AQU-CT-11LB,1
2023-05-06 09:33:00,AQU-PS-5LB,1
2023-05-06 09:20:00,AQU-BA-32OZ,4
2023-05-06 09:42:00,CHL-CT-1LB,1
2023-05-06 17:35:00,AQU-PS-25LB,2
2023-05-06 18:23:00,CHL-PS-17LB,3
2023-05-06 12:21:00,INT-BA-32OZ,3
2023-05-06 16:09:00,CHL-CT-21LB,1
2023-05-06 17:51:00,INT-CT-25LB,2
2023-05-06 12:09:00,BIO-MA-32OZ,1
2023-05-06 08:12:00,INT-CT-25LB,3
2023-05-06 18:16:00,AQU-PD-5LB,1
2023-05-06 18:00:00,CHL-PS-1LB,1
2023-05-06 09:23:00,AQU-BA-32OZ,1
2023-05-06 11:20:00,AQU-PS-25LB,1
2023-05-06 11:17:00,INT-CT-25LB,1
2023-05-06 14:26:00,INT-LS-1GAL,1
2023-05-06 08:28:00,INT-CA-32OZ,3
2023-05-06 13:24:00,CHL-PS-1LB,1
2023-05-06 17:38:00,INT-BA-32OZ,2
2023-05-06 17:16:00,BIO-MA-32OZ,2
2023-05-06 12:37:00,AQU-BA-32OZ,1
2023-05-06 12:55:00,AQU-PS-5LB,1
2023-05-06 14:27:00,BIO-MA-32OZ,1
2023-05-06 15:09:00,HTH-S-5LB,2
2023-05-06 08:06:00,INT-BA-32OZ,1
2023-05-06 08:35:00,AQU-PS-5LB,2
2023-05-06 10:17:00,CHL-PS-17LB,1
2023-05-07 08:51:00,CHL-PS-1LB,1
2023-05-07 10:45:00,INT-CT-25LB,2
2023-05-07 16:58:00,CHL-PS-1LB,1
2023-05-07 09:44:00,AQU-PS-25LB,4
2023-05-07 16:09:00,INT-BA-32OZ,1
2023-05-07 10:41:00,AQU-PS-5LB,1
2023-05-07 11:32:00,INT-BA-32OZ,2
2023-05-07 15:38:00,INT-LS-1GAL,4
2023-05-07 12:00:00,AQU-CT-11LB,1
2023-05-07 10:57:00,INT-LS-1GAL,1
2023-05-07 14:09:00,INT-MA-1GAL,2
2023-05-07 08:33:00,INT-CT-25LB,1
2023-05-07 13:32:00,CHL-PS-17LB,1
2023-05-07 09:31:00,INT-CA-32OZ,2
2023-05-07 12:44:00,AQU-PS-25LB,1
2023-05-07 13:57:00,CHL-CT-1LB,3
2023-05-07 10:29:00,CHL-CT-21LB,1
2023-05-07 11:50:00,INT-LS-1GAL,1
2023-05-07 13:40:00,AQU-CT-11LB,2
2023-05-07 11:26:00,INT-AI-5LB,1
2023-05-07 12:10:00,CHL-PS-17LB,1
2023-05-07 11:22:00,INT-CA-32OZ,1
2023-05-07 15:01:00,AQU-BA-32OZ,2
2023-05-07 08:18:00,AQU-CT-11LB,1
2023-05-07 09:10:00,INT-CA-32OZ,1
2023-05-07 17:06:00,CHL-PS-1LB,1
2023-05-07 16:08:00,CHL-PS-17LB,2
2023-05-07 16:44:00,AQU-CT-11LB,1
2023-05-07 13:06:00,INT-CA-32OZ,1
2023-05-07 16:07:00,INT-CA-32OZ,1
2023-05-07 18:26:00,CHL-CT-1LB,1
2023-05-07 09:40:00,HTH-S-5LB,2
2023-05-07 10:50:00,CHL-PS-1LB,4
2023-05-07 18:20:00,BIO-MA-32OZ,1
2023-05-07 13:36:00,AQU-PS-5LB,1
2023-05-07 08:18:00,INT-CT-25LB,1
2023-05-07 18:55:00,AQU-PS-25LB,1
2023-05-07 14:07:00,AQU-PS-25LB,1
2023-05-07 08:03:00,CHL-CT-21LB,1
2023-05-08 10:14:00,CHL-CT-21LB,3
2023-05-08 08:16:00,CHL-PS-17LB,1
2023-05-08 14:26:00,AQU-PS-5LB,1
2023-05-08 08:03:00,INT-CA-32OZ,1
2023-05-08 09:08:00,CHL-CT-21LB,1
2023-05-08 16:15:00,INT-LS-1GAL,1
2023-05-08 16:09:00,INT-CT-25LB,1
2023-05-08 15:05:00,INT-CA-32OZ,1
2023-05-08 08:05:00,AQU-PS-25LB,1
2023-05-08 10:12:00,HTH-S-5LB,1
2023-05-08 10:36:00,CHL-PS-17LB,1
2023-05-08 18:27:00,INT-BA-32OZ,1
2023-05-08 09:22:00,AQU-PD-5LB,1
2023-05-08 09:08:00,AQU-BA-32OZ,1
2023-05-08 08:41:00,BIO-MA-32OZ,1
2023-05-08 12:34:00,AQU-PS-25LB,3
2023-05-08 13:00:00,AQU-PS-5LB,3
2023-05-08 15:47:00,AQU-CT-11LB,4
2023-05-08 14:27:00,CHL-CT-21LB,2
2023-05-08 13:14:00,CHL-PS-1LB,1
2023-05-08 12:19:00,INT-CA-32OZ,2
2023-05-08 14:46:00,CHL-PS-17LB,1
2023-05-08 08:56:00,CHL-CT-1LB,1
2023-05-08 12:41:00,AQU-CT-11LB,2
2023-05-08 10:57:00,INT-LS-1GAL,1
2023-05-08 10:28:00,CHL-S-1LB,1
2023-05-08 14:14:00,INT-CT-25LB,2
2023-05-08 18:19:00,INT-CA-32OZ,2
2023-05-09 08:06:00,CHL-CT-21LB,2
2023-05-09 17:05:00,AQU-PS-5LB,1
2023-05-09 13:15:00,BIO-MA-32OZ,2
2023-05-09 08:23:00,CHL-CT-1LB,3
2023-05-09 15:46:00,INT-CA-32OZ,4
2023-05-09 18:13:00,BIO-PD-2LB,1
2023-05-09 12:31:00,INT-CA-32OZ,1
2023-05-09 10:16:00,BIO-MA-32OZ,2
2023-05-09 11:22:00,CHL-PS-17LB,1
2023-05-09 16:26:00,AQU-PS-25LB,2
2023-05-09 09:31:00,BIO-MA-32OZ,1
2023-05-09 14:34:00,INT-CT-25LB,2
2023-05-09 10:10:00,INT-LS-1GAL,1
2023-05-09 13:48:00,AQU-CT-11LB,3
2023-05-09 09:47:00,BIO-MA-32OZ,1
2023-05-09 18:08:00,CHL-PS-1LB,1
2023-05-09 15:42:00,BIO-MA-32OZ,1
2023-05-09 10:25:00,AQU-CT-11LB,1
2023-05-09 15:00:00,AQU-BA-32OZ,1
2023-05-09 16:25:00,AQU-PS-25LB,2
2023-05-09 14:45:00,INT-AI-25LB,1
2023-05-09 14:59:00,INT-CT-25LB,1
2023-05-09 13:59:00,CHL-PS-1LB,1
2023-05-09 14:09:00,INT-CT-25LB,1
2023-05-09 10:17:00,AQU-BA-32OZ,1
2023-05-09 09:59:00,CHL-CT-21LB,1
2023-05-09 17:56:00,INT-CT-25LB,1
2023-05-09 15:56:00,AQU-BA-32OZ,1
2023-05-09 14:54:00,INT-BA-32OZ,1
2023-05-09 16:28:00,AQU-PS-5LB,1
2023-05-09 16:54:00,CHL-CT-21LB,3
2023-05-10 17:18:00,AQU-BA-32OZ,1
2023-05-10 15:29:00,AQU-PS-5LB,1
2023-05-10 09:42:00,AQU-CHI-11LB,1
2023-05-10 10:37:00,INT-BA-32OZ,1
2023-05-10 08:40:00,INT-BA-32OZ,1
2023-05-10 11:23:00,AQU-PS-25LB,1
2023-05-10 08:02:00,AQU-PS-5LB,1
2023-05-10 14:59:00,AQU-PS-5LB,1
2023-05-10 09:51:00,CHL-CT-1LB,1
2023-05-10 16:19:00,INT-LS-1GAL,1
2023-05-10 16:36:00,CHL-CT-1LB,1
2023-05-10 15:19:00,INT-BA-32OZ,1
2023-05-10 10:08:00,INT-MA-1GAL,1
2023-05-10 11:20:00,INT-MA-1GAL,2
2023-05-10 12:51:00,INT-BA-32OZ,3
2023-05-10 11:19:00,AQU-PS-5LB,1
2023-05-10 08:19:00,AQU-PS-25LB,1
2023-05-10 14:56:00,INT-LS-1GAL,1
2023-05-10 14:35:00,CHL-PS-1LB,1
2023-05-10 10:07:00,AQU-PS-25LB,1
2023-05-10 10:05:00,INT-CHI-7LB,1
2023-05-10 13:50:00,AQU-CT-11LB,1
2023-05-10 18:27:00,BIO-MA-32OZ,1
2023-05-10 12:38:00,CHL-S-1LB,1
2023-05-10 13:10:00,INT-LS-1GAL,4
2023-05-10 13:16:00,INT-MA-1GAL,1
2023-05-10 17:50:00,CHL-PS-1LB,2
2023-05-10 10:01:00,INT-LS-1GAL,1
2023-05-10 14:42:00,CHL-PS-17LB,1
2023-05-10 12:51:00,INT-CA-32OZ,1
2023-05-10 12:41:00,INT-MA-1GAL,1
2023-05-10 09:49:00,CHL-PS-1LB,1
2023-05-10 09:06:00,AQU-BA-32OZ,4
2023-05-10 18:45:00,INT-CA-32OZ,1
2023-05-10 17:31:00,INT-AI-25LB,3
2023-05-11 16:35:00,CHL-CT-21LB,1
2023-05-11 09:33:00,INT-CHI-7LB,1
2023-05-11 10:29:00,INT-CT-25LB,1
2023-05-11 11:00:00,CHL-CT-21LB,2
2023-05-11 18:27:00,AQU-PS-25LB,1
2023-05-11 11:19:00,INT-MA-1GAL,2
2023-05-11 11:21:00,INT-CT-25LB,1
2023-05-11 18:37:00,AQU-CT-11LB,2
2023-05-11 12:32:00,BIO-MA-32OZ,1
2023-05-11 16:51:00,INT-BA-32OZ,1
2023-05-11 10:46:00,CHL-PS-1LB,1
2023-05-11 09:33:00,AQU-PS-25LB,1
2023-05-11 16:17:00,INT-CA-32OZ,1
2023-05-11 17:51:00,BIO-MA-32OZ,1
2023-05-11 14:34:00,INT-CA-32OZ,1
2023-05-11 08:25:00,AQU-PS-25LB,1
2023-05-11 14:16:00,CHL-PS-17LB,2
2023-05-11 08:22:00,CHL-CT-21LB,1
2023-05-11 09:52:00,INT-CT-25LB,3
2023-05-11 09:02:00,AQU-PS-5LB,1
2023-05-11 10:05:00,BIO-MA-32OZ,1
2023-05-11 10:52:00,CHL-PS-1LB,1
2023-05-11 13:19:00,AQU-CT-11LB,1
2023-05-11 11:42:00,CHL-CT-21LB,3
2023-05-11 12:05:00,INT-CA-32OZ,4
2023-05-11 10:15:00,AQU-CT-11LB,1
2023-05-11 08:07:00,INT-MA-1GAL,1
2023-05-11 14:03:00,BIO-MA-32OZ,1
2023-05-11 12:39:00,INT-CA-32OZ,3
2023-05-11 16:27:00,CHL-CT-1LB,1
2023-05-11 08:52:00,AQU-PS-25LB,1
2023-05-11 11:31:00,CHL-PS-17LB,1
2023-05-11 10:06:00,CHL-CT-1LB,1
2023-05-11 18:55:00,AQU-CT-11LB,1
2023-05-11 16:24:00,CHL-PS-17LB,2
2023-05-12 08:12:00,AQU-BA-32OZ,1
2023-05-12 10:03:00,CHL-PS-17LB,2
2023-05-12 11:06:00,CHL-PS-17LB,1
2023-05-12 17:28:00,INT-CT-25LB,1
2023-05-12 16:52:00,CHL-PS-17LB,4
2023-05-12 17:39:00,INT-LS-1GAL,3
2023-05-12 17:58:00,CHL-PS-17LB,2
2023-05-12 08:05:00,CHL-CT-21LB,1
2023-05-12 09:51:00,INT-CA-32OZ,3
2023-05-12 12:02:00,CHL-PS-17LB,2
2023-05-12 08:13:00,AQU-CT-11LB,2
2023-05-12 12:58:00,INT-CA-32OZ,1
2023-05-12 15:52:00,CHL-PS-17LB,1
2023-05-12 09:15:00,AQU-PD-5LB,1
2023-05-12 09:48:00,INT-CT-25LB,1
2023-05-12 15:47:00,INT-CA-32OZ,1
2023-05-12 09:37:00,INT-CA-32OZ,3
2023-05-12 15:48:00,CHL-PS-17LB,1
2023-05-12 18:35:00,HTH-F-2LB,1
2023-05-12 14:02:00,INT-CA-32OZ,2
2023-05-12 09:56:00,INT-BA-32OZ,1
2023-05-12 18:48:00,AQU-PS-25LB,1
2023-05-12 14:56:00,CHL-PS-17LB,1
2023-05-13 13:43:00,INT-LS-1GAL,3
2023-05-13 17:48:00,CHL-CT-21LB,1
2023-05-13 08:46:00,INT-MA-1GAL,1
2023-05-13 16:16:00,CHL-S-1LB,1
2023-05-13 09:37:00,AQU-BA-32OZ,1
2023-05-13 18:18:00,BIO-MA-32OZ,3
2023-05-13 18:29:00,AQU-PS-25LB,1
2023-05-13 16:21:00,INT-CA-32OZ,1
2023-05-13 13:58:00,INT-CA-32OZ,1
2023-05-13 08:40:00,AQU-BA-32OZ,1
2023-05-13 09:04:00,INT-CT-25LB,1
2023-05-13 11:28:00,AQU-PS-25LB,1
2023-05-13 13:14:00,AQU-CT-11LB,1
2023-05-13 13:33:00,AQU-BA-32OZ,1
2023-05-13 10:45:00,INT-CA-32OZ,1
2023-05-13 09:01:00,CHL-CT-21LB,1
2023-05-13 15:59:00,INT-CT-25LB,1
2023-05-13 10:35:00,CHL-PS-17LB,1
2023-05-13 16:43:00,CHL-PS-1LB,1
2023-05-14 15:33:00,CHL-PS-1LB,1
2023-05-14 08:30:00,INT-BA-32OZ,1
2023-05-14 10:49:00,INT-LS-1GAL,1
2023-05-14 15:38:00,INT-CT-25LB,1
2023-05-14 08:45:00,INT-BA-32OZ,2
2023-05-14 11:29:00,INT-CT-25LB,1
2023-05-14 09:26:00,CHL-CT-21LB,1
2023-05-14 09:27:00,AQU-BA-32OZ,2
2023-05-14 08:35:00,CHL-CT-21LB,4
2023-05-14 16:07:00,CHL-CT-21LB,1
2023-05-14 17:30:00,AQU-PS-5LB,1
2023-05-14 10:08:00,AQU-BA-32OZ,3
2023-05-14 11:43:00,INT-CT-25LB,1
2023-05-14 17:56:00,INT-BA-32OZ,2
2023-05-14 17:40:00,CHL-CT-1LB,1
2023-05-14 14:16:00,INT-BA-32OZ,3
2023-05-14 15:31:00,BIO-MA-32OZ,1
2023-05-14 09:34:00,AQU-PS-5LB,3
2023-05-14 11:31:00,BIO-MA-32OZ,1
2023-05-14 13:53:00,INT-CT-25LB,3
2023-05-14 11:02:00,AQU-BA-32OZ,2
2023-05-14 15:56:00,CHL-PS-17LB,2
2023-05-14 14:35:00,AQU-PS-5LB,3
2023-05-14 09:57:00,CHL-PS-17LB,1
2023-05-14 08:11:00,INT-CT-25LB,2
2023-05-14 12:35:00,CHL-CT-21LB,1
2023-05-14 08:43:00,INT-CA-32OZ,1
2023-05-14 16:23:00,INT-LS-1GAL,4
2023-05-14 13:29:00,INT-CT-25LB,2
2023-05-14 16:02:00,CHL-CT-21LB,2
2023-05-14 08:10:00,INT-CA-32OZ,1
2023-05-14 18:16:00,HTH-F-2LB,1
2023-05-14 18:55:00,INT-CA-32OZ,2
2023-05-14 12:12:00,CHL-CT-1LB,1
2023-05-15 10:13:00,CHL-PS-1LB,3
2023-05-15 14:11:00,INT-LS-1GAL,1
2023-05-15 10:52:00,BIO-MA-32OZ,1
2023-05-15 09:25:00,INT-BA-32OZ,2
2023-05-15 17:02:00,BIO-MA-32OZ,2
2023-05-15 14:38:00,AQU-PS-5LB,1
2023-05-15 18:48:00,INT-LS-1GAL,1
2023-05-15 14:35:00,CHL-CT-21LB,1
2023-05-15 13:54:00,CHL-CT-21LB,1
2023-05-15 15:16:00,AQU-CT-11LB,1
2023-05-15 14:42:00,CHL-PS-17LB,1
2023-05-15 15:01:00,INT-BA-32OZ,2
2023-05-15 14:51:00,AQU-BA-32OZ,2
2023-05-15 15:43:00,INT-BA-32OZ,1
2023-05-15 18:22:00,AQU-PS-5LB,2
2023-05-15 09:27:00,AQU-PS-25LB,1
2023-05-15 17:44:00,CHL-PS-17LB,1
2023-05-15 09:15:00,BIO-MA-32OZ,1
2023-05-15 17:54:00,AQU-CT-11LB,1
2023-05-15 13:44:00,INT-BA-32OZ,2
2023-05-15 10:05:00,CHL-CT-1LB,2
2023-05-15 13:03:00,AQU-PS-25LB,1
2023-05-15 09:53:00,INT-CA-32OZ,4
2023-05-15 14:57:00,AQU-PS-25LB,1
2023-05-15 12:52:00,AQU-PS-25LB,1
2023-05-15 10:24:00,CHL-PS-17LB,1
2023-05-15 09:00:00,CHL-CT-1LB,3
2023-05-15 15:59:00,CHL-PS-17LB,4
2023-05-15 08:13:00,BIO-MA-32OZ,3
2023-05-15 11:23:00,BIO-PD-2LB,2
2023-05-15 08:52:00,BIO-MA-32OZ,1
2023-05-15 18:33:00,CHL-CT-21LB,3
2023-05-15 12:57:00,CHL-CT-1LB,1
2023-05-16 12:54:00,INT-CA-32OZ,1
2023-05-16 11:44:00,BIO-MA-32OZ,1
2023-05-16 09:39:00,INT-CT-25LB,1
2023-05-16 16:55:00,AQU-BA-32OZ,1
2023-05-16 11:36:00,BIO-MA-32OZ,1
2023-05-16 10:18:00,CHL-PS-1LB,1
2023-05-16 16:54:00,INT-LS-1GAL,1
2023-05-16 12:32:00,AQU-PS-5LB,1
2023-05-16 09:14:00,CHL-PS-17LB,3
2023-05-16 08:00:00,CHL-PS-1LB,1
2023-05-16 12:58:00,INT-CT-25LB,3
2023-05-16 09:47:00,AQU-BA-32OZ,3
2023-05-16 14:38:00,CHL-PS-1LB,2
2023-05-16 09:52:00,BIO-MA-32OZ,3
2023-05-16 08:20:00,INT-LS-1GAL,3
2023-05-16 11:02:00,CHL-CT-1LB,1
2023-05-16 10:06:00,AQU-CT-11LB,1
2023-05-16 13:58:00,CHL-CT-21LB,1
2023-05-16 09:24:00,BIO-MA-32OZ,1
2023-05-16 15:46:00,INT-BA-32OZ,1
2023-05-16 13:48:00,INT-AI-5LB,1
2023-05-17 16:24:00,CHL-PS-17LB,1
2023-05-17 12:25:00,CHL-CT-21LB,1
2023-05-17 11:14:00,CHL-PS-17LB,1
2023-05-17 18:55:00,INT-MA-1GAL,1
2023-05-17 17:55:00,CHL-PS-17LB,4
2023-05-17 13:14:00,INT-LS-1GAL,1
2023-05-17 12:35:00,AQU-PS-25LB,1
2023-05-17 09:05:00,CHL-CT-1LB,4
2023-05-17 08:20:00,AQU-CT-11LB,1
2023-05-17 08:52:00,INT-MA-1GAL,4
2023-05-17 09:56:00,AQU-PS-5LB,2
2023-05-17 12:58:00,CHL-CT-1LB,1
2023-05-17 15:26:00,CHL-CT-1LB,1
2023-05-17 12:49:00,CHL-PS-17LB,1
2023-05-17 10:31:00,CHL-CT-21LB,1
2023-05-17 16:52:00,CHL-CT-21LB,4
2023-05-17 17:50:00,INT-CA-32OZ,1
2023-05-17 14:54:00,CHL-PU-2LB,1
2023-05-17 09:20:00,AQU-PS-5LB,1
2023-05-17 15:15:00,CHL-PS-17LB,2
2023-05-17 16:21:00,INT-AI-5LB,1
2023-05-17 13:47:00,AQU-CT-11LB,1
2023-05-17 09:08:00,INT-LS-1GAL,2
2023-05-17 16:49:00,INT-CT-25LB,1
2023-05-17 09:57:00,BIO-MA-32OZ,1
2023-05-17 15:58:00,INT-AI-25LB,1
2023-05-17 15:21:00,INT-CT-25LB,1
2023-05-17 09:08:00,INT-LS-1GAL,2
2023-05-17 11:37:00,AQU-CT-11LB,3
2023-05-17 13:48:00,INT-CT-25LB,3
2023-05-17 17:31:00,INT-CHI-7LB,1
2023-05-17 16:06:00,INT-CT-25LB,2
2023-05-17 13:23:00,AQU-PS-25LB,3
2023-05-17 12:09:00,INT-CT-25LB,2
2023-05-17 14:54:00,AQU-PS-5LB,2
2023-05-17 18:02:00,INT-LS-1GAL,2
2023-05-17 18:51:00,CHL-CT-21LB,1
2023-05-17 17:29:00,INT-MA-1GAL,2
2023-05-18 14:01:00,INT-CHI-7LB,1
2023-05-18 10:18:00,INT-BA-32OZ,1
2023-05-18 12:27:00,INT-BA-32OZ,1
2023-05-18 13:49:00,INT-LS-1GAL,3
2023-05-18 12:27:00,AQU-CT-11LB,4
2023-05-18 15:29:00,AQU-PS-25LB,4
2023-05-18 10:02:00,INT-BA-32OZ,2
2023-05-18 13:04:00,CHL-CT-1LB,3
2023-05-18 15:06:00,CHL-CT-21LB,1
2023-05-18 08:29:00,AQU-PS-5LB,1
2023-05-18 11:03:00,AQU-BA-32OZ,1
2023-05-18 16:29:00,INT-CA-32OZ,1
2023-05-18 09:23:00,BIO-PD-2LB,4
2023-05-18 14:51:00,CHL-CT-1LB,1
2023-05-18 12:48:00,INT-BA-32OZ,1
2023-05-18 18:30:00,AQU-CT-11LB,1
2023-05-18 16:41:00,AQU-CT-11LB,1
2023-05-18 11:30:00,CHL-PS-1LB,1
2023-05-18 18:46:00,INT-CT-25LB,1
2023-05-18 08:13:00,AQU-PS-25LB,1
2023-05-18 09:31:00,AQU-BA-32OZ,1
2023-05-18 13:19:00,BIO-MA-32OZ,1
2023-05-18 11:33:00,CHL-PS-1LB,1
2023-05-18 08:49:00,CHL-CT-21LB,2
2023-05-18 10:56:00,INT-LS-1GAL,4
2023-05-18 15:18:00,INT-BA-32OZ,1
2023-05-19 12:32:00,INT-CA-32OZ,2
2023-05-19 13:45:00,CHL-PS-17LB,1
2023-05-19 15:42:00,CHL-PS-1LB,1
2023-05-19 10:24:00,INT-CA-32OZ,1
2023-05-19 08:10:00,BIO-MA-32OZ,4
2023-05-19 17:11:00,INT-CT-25LB,1
2023-05-19 13:16:00,CHL-CT-1LB,1
2023-05-19 14:43:00,INT-CT-25LB,2
2023-05-19 16:25:00,INT-CT-25LB,2
2023-05-19 10:57:00,BIO-MA-32OZ,3
2023-05-19 15:11:00,AQU-PS-25LB,3
2023-05-19 16:33:00,INT-BA-32OZ,1
2023-05-19 12:02:00,AQU-CHI-11LB,4
2023-05-19 15:26:00,INT-CT-25LB,2
2023-05-19 14:16:00,AQU-PS-25LB,1
2023-05-19 10:00:00,CHL-PS-17LB,1
2023-05-19 15:41:00,CHL-CT-21LB,1
2023-05-19 14:43:00,INT-BA-32OZ,1
2023-05-19 11:09:00,CHL-PS-1LB,1
2023-05-19 15:04:00,CHL-CT-1LB,1
2023-05-19 11:21:00,AQU-PS-25LB,1
2023-05-19 11:46:00,CHL-PS-17LB,1
2023-05-19 16:58:00,AQU-BA-32OZ,1
2023-05-19 14:30:00,INT-BA-32OZ,1
2023-05-19 14:44:00,CHL-CT-1LB,1
2023-05-20 17:08:00,INT-MA-1GAL,1
2023-05-20 11:57:00,INT-BA-32OZ,1
2023-05-20 16:27:00,CHL-PS-17LB,3
2023-05-20 16:53:00,INT-LS-1GAL,1
2023-05-20 15:38:00,INT-LS-1GAL,1
2023-05-20 08:26:00,AQU-PS-5LB,1
2023-05-20 18:44:00,INT-LS-1GAL,1
2023-05-20 08:51:00,CHL-PS-1LB,4
2023-05-20 12:33:00,CHL-PS-17LB,1
2023-05-20 16:25:00,INT-CA-32OZ,1
2023-05-20 17:43:00,AQU-PS-5LB,1
2023-05-20 11:11:00,AQU-PS-25LB,1
2023-05-20 08:44:00,INT-BA-32OZ,1
2023-05-20 13:49:00,CHL-CT-21LB,1
2023-05-20 13:49:00,AQU-BA-32OZ,1
2023-05-20 11:16:00,CHL-CT-1LB,1
2023-05-21 08:43:00,INT-BA-32OZ,1
2023-05-21 16:53:00,CHL-CT-21LB,4
2023-05-21 17:49:00,CHL-CT-21LB,1
2023-05-21 10:30:00,AQU-PS-25LB,1
2023-05-21 11:36:00,CHL-CT-21LB,1
2023-05-21 14:47:00,CHL-CT-21LB,1
2023-05-21 09:57:00,BIO-MA-32OZ,4
2023-05-21 13:38:00,INT-LS-1GAL,2
2023-05-21 15:27:00,AQU-BA-32OZ,4
2023-05-21 12:49:00,INT-LS-1GAL,2
2023-05-21 08:20:00,AQU-PS-25LB,1
2023-05-21 11:43:00,INT-CA-32OZ,2
2023-05-21 18:47:00,CHL-PS-17LB,2
2023-05-21 13:26:00,CHL-CT-1LB,1
2023-05-21 15:03:00,CHL-CT-21LB,3
2023-05-21 15:32:00,HTH-S-5LB,2
2023-05-21 17:56:00,CHL-PS-1LB,1
2023-05-21 15:31:00,AQU-PS-5LB,1
2023-05-21 13:22:00,CHL-CT-1LB,1
2023-05-21 12:10:00,AQU-PS-5LB,3
2023-05-21 14:54:00,INT-CT-25LB,2
2023-05-21 09:37:00,CHL-CT-1LB,1
2023-05-21 08:15:00,INT-LS-1GAL,1
2023-05-21 16:16:00,INT-CT-25LB,1
2023-05-21 10:54:00,BIO-MA-32OZ,3
2023-05-21 10:30:00,AQU-CT-11LB,1
2023-05-21 11:55:00,INT-MA-1GAL,2
2023-05-21 14:47:00,INT-BA-32OZ,2
2023-05-21 10:29:00,AQU-PS-5LB,1
2023-05-21 11:11:00,CHL-PS-17LB,1
2023-05-21 08:45:00,CHL-CT-1LB,1
2023-05-21 10:11:00,AQU-BA-32OZ,1
2023-05-21 18:09:00,CHL-CT-1LB,1
2023-05-21 15:06:00,INT-CT-25LB,1
2023-05-21 09:48:00,INT-CA-32OZ,2
2023-05-21 09:53:00,CHL-CT-21LB,1
2023-05-21 15:53:00,BIO-MA-32OZ,1
2023-05-21 13:41:00,AQU-PS-25LB,1
2023-05-21 15:27:00,BIO-PU-5LB,1
2023-05-21 17:07:00,AQU-BA-32OZ,1
2023-05-21 15:06:00,AQU-PS-5LB,1
2023-05-21 14:10:00,CHL-PS-17LB,1
2023-05-21 08:49:00,AQU-PS-5LB,1
2023-05-21 12:10:00,AQU-PS-25LB,2
2023-05-21 17:56:00,INT-BA-32OZ,4
2023-05-21 16:23:00,INT-CA-32OZ,1
2023-05-21 09:18:00,INT-BA-32OZ,3
2023-05-22 16:25:00,INT-LS-1GAL,1
2023-05-22 17:35:00,INT-CA-32OZ,1
2023-05-22 11:02:00,AQU-BA-32OZ,1
2023-05-22 13:11:00,INT-LS-1GAL,2
2023-05-22 09:53:00,INT-LS-1GAL,4
2023-05-22 14:37:00,INT-CHI-7LB,1
2023-05-22 08:13:00,AQU-PS-5LB,1
2023-05-22 17:54:00,CHL-CT-21LB,3
2023-05-22 10:11:00,CHL-PS-17LB,1
2023-05-22 08:57:00,AQU-PS-5LB,1
2023-05-22 10:47:00,AQU-BA-32OZ,1
2023-05-22 14:36:00,AQU-PS-25LB,1
2023-05-22 16:00:00,BIO-MA-32OZ,2
2023-05-22 09:56:00,BIO-MA-32OZ,1
2023-05-22 12:11:00,CHL-CT-1LB,4
2023-05-22 18:25:00,AQU-CHI-11LB,1
2023-05-22 12:31:00,INT-CA-32OZ,4
2023-05-22 09:03:00,AQU-CT-11LB,1
2023-05-22 14:34:00,INT-BA-32OZ,4
2023-05-22 08:55:00,INT-BA-32OZ,2
2023-05-22 09:28:00,AQU-CT-11LB,1
2023-05-22 15:56:00,CHL-PS-17LB,4
2023-05-22 08:58:00,CHL-CT-21LB,1
2023-05-22 11:51:00,INT-MA-1GAL,1
2023-05-22 09:25:00,BIO-MA-32OZ,1
2023-05-22 11:28:00,AQU-PS-5LB,1
2023-05-22 08:56:00,HTH-F-2LB,1
2023-05-22 13:43:00,BIO-MA-32OZ,1
2023-05-22 08:02:00,CHL-CT-1LB,1
2023-05-22 12:37:00,AQU-BA-32OZ,1
2023-05-22 11:13:00,AQU-CT-11LB,2
2023-05-22 10:26:00,CHL-PS-1LB,1
2023-05-22 15:11:00,CHL-PS-1LB,1
2023-05-22 12:58:00,CHL-CT-21LB,3
2023-05-22 12:24:00,CHL-CT-21LB,1
2023-05-22 17:14:00,BIO-MA-32OZ,1
2023-05-22 09:55:00,INT-MA-1GAL,1
2023-05-22 15:10:00,CHL-PS-17LB,1
2023-05-23 15:27:00,CHL-PS-1LB,1
2023-05-23 11:58:00,AQU-CT-11LB,1
2023-05-23 16:00:00,AQU-PS-5LB,1
2023-05-23 16:14:00,INT-CA-32OZ,1
2023-05-23 17:02:00,CHL-CT-1LB,1
2023-05-23 14:48:00,CHL-CT-21LB,3
2023-05-23 13:16:00,AQU-CT-11LB,1
2023-05-23 08:10:00,AQU-PS-5LB,3
2023-05-23 13:39:00,INT-CA-32OZ,1
2023-05-23 17:52:00,INT-LS-1GAL,3
2023-05-23 16:20:00,CHL-PS-17LB,1
2023-05-23 09:44:00,INT-CA-32OZ,1
2023-05-23 17:14:00,CHL-PS-1LB,1
2023-05-23 17:14:00,AQU-BA-32OZ,1
2023-05-23 10:29:00,BIO-MA-32OZ,1
2023-05-23 10:48:00,INT-MA-1GAL,3
2023-05-23 15:11:00,AQU-CT-11LB,1
2023-05-23 16:55:00,INT-CT-25LB,1
2023-05-23 09:10:00,CHL-CT-21LB,2
2023-05-23 17:07:00,CHL-PS-17LB,1
2023-05-23 14:14:00,INT-BA-32OZ,1
2023-05-23 13:41:00,AQU-CT-11LB,4
2023-05-23 08:19:00,INT-CT-25LB,3
2023-05-23 17:52:00,INT-CA-32OZ,2
2023-05-23 14:03:00,INT-CT-25LB,1
2023-05-23 10:53:00,CHL-CT-21LB,1
2023-05-23 14:45:00,HTH-F-2LB,1
2023-05-23 14:28:00,AQU-PS-25LB,1
2023-05-23 14:41:00,CHL-CT-21LB,1
2023-05-23 13:52:00,AQU-PS-5LB,2
2023-05-23 10:29:00,AQU-CT-11LB,1
2023-05-23 10:35:00,AQU-CT-11LB,1
2023-05-23 18:19:00,AQU-PS-25LB,4
2023-05-23 13:13:00,CHL-CT-1LB,1
2023-05-24 12:39:00,INT-AI-5LB,2
2023-05-24 18:37:00,AQU-PS-25LB,1
2023-05-24 13:01:00,AQU-BA-32OZ,1
2023-05-24 15:46:00,INT-CT-25LB,1
2023-05-24 08:32:00,CHL-CT-1LB,1
2023-05-24 16:27:00,AQU-CT-11LB,1
2023-05-24 12:52:00,BIO-MA-32OZ,1
2023-05-24 08:26:00,AQU-CT-11LB,1
2023-05-24 15:23:00,INT-CA-32OZ,1
2023-05-24 14:54:00,INT-CA-32OZ,1
2023-05-24 08:10:00,INT-BA-32OZ,2
2023-05-24 08:34:00,AQU-BA-32OZ,1
2023-05-24 08:42:00,INT-LS-1GAL,1
2023-05-24 09:36:00,INT-LS-1GAL,1
2023-05-24 10:38:00,CHL-PS-17LB,4
2023-05-24 08:10:00,AQU-BA-32OZ,1
2023-05-24 10:49:00,CHL-CT-21LB,2
2023-05-24 09:57:00,AQU-PS-25LB,1
2023-05-24 13:49:00,CHL-CT-1LB,1
2023-05-24 12:56:00,INT-CT-25LB,4
2023-05-24 11:39:00,CHL-CT-1LB,1
2023-05-24 08:17:00,INT-LS-1GAL,3
2023-05-24 12:34:00,AQU-BA-32OZ,1
2023-05-24 17:58:00,AQU-BA-32OZ,1
2023-05-24 08:37:00,AQU-PS-5LB,1
2023-05-24 11:11:00,CHL-CT-1LB,1
2023-05-24 10:22:00,INT-BA-32OZ,1
2023-05-24 11:15:00,INT-LS-1GAL,1
2023-05-24 11:11:00,AQU-PS-25LB,1
2023-05-24 08:10:00,AQU-PS-5LB,2
2023-05-24 11:22:00,AQU-BA-32OZ,1
2023-05-24 09:02:00,AQU-PS-25LB,1
2023-05-24 10:51:00,INT-MA-1GAL,1
2023-05-24 13:57:00,AQU-BA-32OZ,1
2023-05-24 18:51:00,INT-MA-1GAL,1
2023-05-24 13:22:00,HTH-AI-11LB,1
2023-05-24 08:07:00,INT-MA-1GAL,1
2023-05-24 17:56:00,CHL-CT-21LB,2
2023-05-24 11:21:00,INT-CA-32OZ,1
2023-05-24 12:21:00,CHL-CT-1LB,2
2023-05-24 18:57:00,INT-MA-1GAL,1
2023-05-24 08:14:00,INT-CT-25LB,3
2023-05-24 14:37:00,INT-BA-32OZ,2
2023-05-24 16:52:00,AQU-BA-32OZ,2
2023-05-24 16:51:00,INT-CA-32OZ,4
2023-05-24 16:18:00,AQU-BA-32OZ,2
2023-05-24 11:39:00,AQU-PS-5LB,1
2023-05-25 11:12:00,INT-LS-1GAL,1
2023-05-25 10:18:00,INT-LS-1GAL,2
2023-05-25 11:25:00,AQU-BA-32OZ,3
2023-05-25 10:37:00,CHL-CT-1LB,1
2023-05-25 14:08:00,CHL-CT-1LB,1
2023-05-25 08:51:00,INT-BA-32OZ,1
2023-05-25 16:01:00,CHL-PS-1LB,1
2023-05-25 13:36:00,AQU-PS-25LB,1
2023-05-25 16:41:00,AQU-CT-11LB,1
2023-05-25 11:07:00,AQU-CT-11LB,1
2023-05-25 10:53:00,INT-CT-25LB,4
2023-05-25 12:48:00,CHL-CT-21LB,1
2023-05-25 12:05:00,CHL-PU-2LB,1
2023-05-25 10:56:00,CHL-PS-17LB,1
2023-05-25 17:03:00,CHL-CT-1LB,1
2023-05-25 15:49:00,CHL-PS-1LB,3
2023-05-25 13:48:00,AQU-PS-5LB,3
2023-05-25 17:25:00,INT-MA-1GAL,4
2023-05-25 13:58:00,BIO-MA-32OZ,1
2023-05-25 17:38:00,INT-CA-32OZ,1
2023-05-25 17:08:00,AQU-BA-32OZ,1
2023-05-25 08:07:00,INT-LS-1GAL,3
2023-05-25 10:15:00,CHL-PS-1LB,1
2023-05-25 15:25:00,CHL-CT-1LB,2
2023-05-25 11:04:00,INT-BA-32OZ,1
2023-05-25 15:29:00,AQU-BA-32OZ,1
2023-05-25 12:37:00,CHL-CT-21LB,2
2023-05-25 13:17:00,INT-BA-32OZ,1
2023-05-25 10:04:00,CHL-PS-1LB,1
2023-05-25 08:24:00,AQU-PS-5LB,1
2023-05-25 10:38:00,AQU-PS-5LB,1
2023-05-25 12:41:00,CHL-PS-17LB,2
2023-05-25 09:36:00,AQU-BA-32OZ,1
2023-05-25 11:57:00,CHL-CT-21LB,4
2023-05-25 15:21:00,CHL-CT-21LB,4
2023-05-25 17:50:00,CHL-PS-17LB,3
2023-05-25 09:37:00,CHL-CT-21LB,1
2023-05-25 10:11:00,HTH-AI-11LB,4
2023-05-25 14:28:00,CHL-CT-1LB,4
2023-05-25 09:44:00,CHL-PS-17LB,1
2023-05-25 11:06:00,CHL-PS-17LB,1
2023-05-25 15:23:00,BIO-MA-32OZ,1
2023-05-25 11:46:00,CHL-PS-1LB,1
2023-05-25 14:08:00,AQU-PS-25LB,1
2023-05-25 14:54:00,CHL-PS-17LB,2
2023-05-25 12:30:00,AQU-PS-25LB,1
2023-05-25 13:09:00,INT-LS-1GAL,1
2023-05-25 18:54:00,AQU-PS-5LB,1
2023-05-25 16:40:00,INT-LS-1GAL,3
2023-05-25 14:16:00,AQU-PS-5LB,2
2023-05-25 14:06:00,CHL-PS-17LB,1
2023-05-25 10:44:00,CHL-PS-17LB,1
2023-05-25 08:56:00,CHL-CT-21LB,4
2023-05-25 17:27:00,CHL-PS-1LB,1
2023-05-25 09:28:00,CHL-CT-1LB,1
2023-05-25 11:01:00,INT-LS-1GAL,3
2023-05-25 08:36:00,CHL-PS-1LB,2
2023-05-25 17:10:00,AQU-PS-25LB,1
2023-05-25 18:47:00,CHL-CT-1LB,1
2023-05-26 12:20:00,AQU-PS-5LB,1
2023-05-26 10:17:00,INT-LS-1GAL,2
2023-05-26 08:12:00,AQU-PS-5LB,2
2023-05-26 10:45:00,INT-LS-1GAL,3
2023-05-26 09:04:00,AQU-CT-11LB,1
2023-05-26 13:44:00,INT-CHI-7LB,1
2023-05-26 11:55:00,INT-CT-25LB,1
2023-05-26 13:22:00,CHL-CT-1LB,4
2023-05-26 08:20:00,BIO-MA-32OZ,2
2023-05-26 09:17:00,HTH-AI-11LB,1
2023-05-26 11:46:00,AQU-PS-5LB,2
2023-05-26 10:06:00,CHL-CT-1LB,1
2023-05-26 17:40:00,AQU-CT-11LB,3
2023-05-26 09:19:00,CHL-PS-17LB,2
2023-05-26 11:42:00,CHL-CT-1LB,1
2023-05-26 08:33:00,AQU-BA-32OZ,4
2023-05-26 15:31:00,INT-LS-1GAL,1
2023-05-26 17:29:00,CHL-CT-1LB,2
2023-05-26 18:08:00,CHL-PS-1LB,1
2023-05-26 12:29:00,INT-CA-32OZ,1
2023-05-26 17:08:00,INT-LS-1GAL,3
2023-05-26 13:44:00,CHL-PU-2LB,3
2023-05-26 12:55:00,AQU-PS-25LB,3
2023-05-26 10:09:00,INT-CA-32OZ,1
2023-05-26 09:32:00,INT-CT-25LB,1
2023-05-26 16:15:00,INT-CA-32OZ,2
2023-05-26 12:40:00,BIO-MA-32OZ,1
2023-05-26 18:20:00,INT-CT-25LB,1
2023-05-26 16:50:00,INT-MA-1GAL,1
2023-05-26 09:37:00,AQU-PS-5LB,1
2023-05-26 10:47:00,INT-BA-32OZ,1
2023-05-26 08:19:00,INT-CA-32OZ,1
2023-05-26 16:30:00,INT-BA-32OZ,1
2023-05-26 15:02:00,CHL-CT-21LB,4
2023-05-26 14:31:00,INT-CT-25LB,1
2023-05-26 18:24:00,AQU-CHI-11LB,1
2023-05-26 17:12:00,INT-CA-32OZ,1
2023-05-26 11:56:00,INT-LS-1GAL,1
2023-05-26 11:48:00,CHL-PS-17LB,3
2023-05-26 10:37:00,AQU-BA-32OZ,1
2023-05-26 17:35:00,AQU-PS-5LB,3
2023-05-26 14:22:00,AQU-CT-11LB,1
2023-05-26 09:22:00,CHL-CT-1LB,1
2023-05-26 17:03:00,CHL-CT-21LB,1
2023-05-26 10:21:00,AQU-CT-11LB,3
2023-05-26 15:45:00,INT-LS-1GAL,1
2023-05-26 16:42:00,INT-LS-1GAL,2
2023-05-26 12:27:00,AQU-PS-5LB,1
2023-05-26 12:03:00,BIO-MA-32OZ,1
2023-05-26 16:21:00,INT-CT-25LB,4
2023-05-26 18:32:00,CHL-CT-21LB,1
2023-05-26 13:47:00,INT-LS-1GAL,2
2023-05-26 16:33:00,INT-LS-1GAL,2
2023-05-27 16:10:00,BIO-MA-32OZ,1
2023-05-27 13:44:00,CHL-CT-21LB,1
2023-05-27 14:45:00,CHL-PS-17LB,1
2023-05-27 15:08:00,INT-BA-32OZ,1
2023-05-27 14:50:00,CHL-CT-21LB,2
2023-05-27 10:01:00,AQU-CT-11LB,3
2023-05-27 16:17:00,INT-CA-32OZ,1
2023-05-27 14:30:00,CHL-CT-1LB,1
2023-05-27 10:42:00,AQU-BA-32OZ,1
2023-05-27 17:49:00,CHL-CT-21LB,1
2023-05-27 10:23:00,AQU-PS-25LB,1
2023-05-27 12:59:00,AQU-PS-5LB,1
2023-05-27 11:55:00,AQU-BA-32OZ,4
2023-05-27 18:55:00,AQU-PS-25LB,2
2023-05-27 13:47:00,BIO-PD-2LB,1
2023-05-27 13:05:00,CHL-CT-1LB,3
2023-05-27 17:25:00,CHL-PS-17LB,3
2023-05-27 10:35:00,CHL-CT-21LB,1
2023-05-27 10:11:00,AQU-CT-11LB,1
2023-05-27 10:55:00,INT-LS-1GAL,1
2023-05-27 13:00:00,AQU-CT-11LB,1
2023-05-27 09:34:00,AQU-PS-5LB,2
2023-05-27 10:22:00,AQU-CT-11LB,2
2023-05-27 18:59:00,BIO-MA-32OZ,1
2023-05-27 18:25:00,CHL-PS-1LB,3
2023-05-27 10:48:00,INT-CA-32OZ,1
2023-05-27 12:28:00,INT-BA-32OZ,1
2023-05-27 10:35:00,CHL-PS-1LB,1
2023-05-27 14:12:00,AQU-PS-5LB,4
2023-05-27 17:48:00,AQU-BA-32OZ,1
2023-05-27 12:56:00,CHL-PS-1LB,1
2023-05-27 10:41:00,CHL-CT-1LB,1
2023-05-27 08:05:00,CHL-PS-17LB,1
2023-05-27 10:50:00,AQU-CT-11LB,3
2023-05-27 10:15:00,INT-MA-1GAL,1
2023-05-27 12:05:00,INT-BA-32OZ,1
2023-05-27 12:36:00,AQU-PS-25LB,3
2023-05-27 17:11:00,INT-BA-32OZ,1
2023-05-27 17:00:00,INT-CT-25LB,3
2023-05-27 08:38:00,INT-LS-1GAL,1
2023-05-27 18:26:00,INT-MA-1GAL,1
2023-05-27 14:10:00,CHL-CT-1LB,1
2023-05-27 15:02:00,AQU-BA-32OZ,2
2023-05-27 10:26:00,CHL-CT-1LB,1
2023-05-27 14:00:00,AQU-CT-11LB,1
2023-05-28 13:52:00,CHL-PS-17LB,1
2023-05-28 08:37:00,AQU-PS-5LB,4
2023-05-28 13:27:00,CHL-PS-1LB,1
2023-05-28 11:11:00,CHL-PS-17LB,1
2023-05-28 09:30:00,AQU-PS-5LB,1
2023-05-28 12:41:00,INT-CA-32OZ,4
2023-05-28 08:01:00,INT-BA-32OZ,1
2023-05-28 11:39:00,AQU-PS-5LB,2
2023-05-28 09:03:00,AQU-PS-25LB,1
2023-05-28 09:36:00,INT-AI-25LB,2
2023-05-28 11:15:00,AQU-BA-32OZ,3
2023-05-28 13:48:00,INT-CT-25LB,2
2023-05-28 11:34:00,CHL-CT-1LB,4
2023-05-28 17:11:00,AQU-PS-25LB,1
2023-05-28 10:10:00,INT-LS-1GAL,1
2023-05-28 12:53:00,INT-CT-25LB,1
2023-05-28 15:05:00,INT-CT-25LB,1
2023-05-28 09:37:00,CHL-CT-21LB,1
2023-05-28 11:24:00,AQU-CT-11LB,2
2023-05-28 08:44:00,INT-LS-1GAL,1
2023-05-28 08:26:00,CHL-CT-21LB,3
2023-05-28 08:59:00,INT-BA-32OZ,1
2023-05-28 16:09:00,AQU-BA-32OZ,2
2023-05-28 15:31:00,INT-CA-32OZ,1
2023-05-28 18:02:00,INT-CA-32OZ,1
2023-05-28 13:25:00,INT-CA-32OZ,3
2023-05-28 12:25:00,AQU-BA-32OZ,1
2023-05-28 09:59:00,AQU-BA-32OZ,1
2023-05-28 18:47:00,AQU-PS-5LB,1
2023-05-28 14:53:00,INT-BA-32OZ,1
2023-05-28 08:30:00,AQU-CT-11LB,1
2023-05-28 14:55:00,INT-CT-25LB,3
2023-05-28 10:25:00,INT-CA-32OZ,1
2023-05-28 12:13:00,CHL-CHI-20LB,1
2023-05-28 16:45:00,BIO-MA-32OZ,1
2023-05-28 13:00:00,AQU-CHI-11LB,2
2023-05-28 08:36:00,CHL-CT-21LB,1
2023-05-28 13:14:00,INT-BA-32OZ,1
2023-05-28 15:11:00,INT-CT-25LB,1
2023-05-28 11:17:00,AQU-CT-11LB,1
2023-05-28 14:05:00,BIO-MA-32OZ,2
2023-05-28 15:52:00,AQU-PS-5LB,1
2023-05-28 14:42:00,CHL-PS-1LB,1
2023-05-28 10:54:00,AQU-PS-25LB,2
2023-05-28 11:43:00,AQU-BA-32OZ,1
2023-05-28 09:13:00,CHL-CT-21LB,2
2023-05-28 11:50:00,INT-MA-1GAL,3
2023-05-28 14:07:00,CHL-PS-1LB,1
2023-05-28 08:41:00,CHL-PS-1LB,1
2023-05-28 17:16:00,INT-CA-32OZ,1
2023-05-28 12:45:00,AQU-BA-32OZ,1
2023-05-28 09:27:00,HTH-F-2LB,1
2023-05-28 12:08:00,AQU-PS-5LB,1
2023-05-28 11:45:00,CHL-PS-1LB,2
2023-05-28 09:24:00,CHL-PS-1LB,2
2023-05-28 13:17:00,CHL-PS-1LB,1
2023-05-28 12:07:00,BIO-MA-32OZ,4
2023-05-28 11:29:00,CHL-CT-1LB,4
2023-05-29 15:42:00,BIO-MA-32OZ,1
2023-05-29 14:33:00,AQU-PS-25LB,1
2023-05-29 13:30:00,CHL-CT-1LB,1
2023-05-29 14:57:00,CHL-PS-1LB,2
2023-05-29 08:27:00,INT-BA-32OZ,1
2023-05-29 11:50:00,AQU-BA-32OZ,1
2023-05-29 12:38:00,INT-CA-32OZ,3
2023-05-29 12:11:00,BIO-MA-32OZ,1
2023-05-29 17:02:00,INT-BA-32OZ,1
2023-05-29 12:56:00,INT-BA-32OZ,1
2023-05-29 14:51:00,AQU-CT-11LB,1
2023-05-29 09:30:00,CHL-PS-1LB,1
2023-05-29 13:54:00,AQU-BA-32OZ,1
2023-05-29 13:06:00,CHL-PS-17LB,1
2023-05-29 16:35:00,INT-BA-32OZ,1
2023-05-29 15:01:00,CHL-PS-1LB,1
2023-05-29 09:53:00,BIO-MA-32OZ,1
2023-05-29 15:39:00,INT-LS-1GAL,1
2023-05-29 17:36:00,AQU-PS-5LB,1
2023-05-29 11:11:00,CHL-CT-21LB,4
2023-05-29 12:44:00,INT-LS-1GAL,1
2023-05-29 10:02:00,CHL-CT-1LB,3
2023-05-29 10:18:00,AQU-PS-5LB,1
2023-05-29 16:14:00,AQU-BA-32OZ,4
2023-05-29 15:19:00,INT-BA-32OZ,1
2023-05-29 12:49:00,CHL-CT-1LB,1
2023-05-29 12:04:00,INT-CT-25LB,2
2023-05-29 15:10:00,BIO-MA-32OZ,1
2023-05-29 11:17:00,INT-CA-32OZ,3
2023-05-29 13:27:00,BIO-PU-5LB,2
2023-05-29 13:50:00,INT-BA-32OZ,1
2023-05-29 11:32:00,CHL-PS-17LB,1
2023-05-29 14:36:00,AQU-CT-11LB,1
2023-05-29 12:28:00,INT-CT-25LB,1
2023-05-29 17:48:00,CHL-CT-21LB,1
2023-05-30 10:22:00,CHL-PS-1LB,1
2023-05-30 12:49:00,CHL-PS-17LB,4
2023-05-30 16:23:00,INT-LS-1GAL,1
2023-05-30 11:24:00,CHL-PS-1LB,1
2023-05-30 10:26:00,INT-BA-32OZ,1
2023-05-30 16:36:00,CHL-PU-2LB,2
2023-05-30 08:17:00,AQU-PS-25LB,1
2023-05-30 15:11:00,AQU-CT-11LB,1
2023-05-30 11:33:00,BIO-MA-32OZ,1
2023-05-30 14:46:00,CHL-CT-1LB,1
2023-05-30 12:04:00,AQU-CT-11LB,3
2023-05-30 18:00:00,AQU-PS-25LB,1
2023-05-30 08:38:00,INT-CT-25LB,1
2023-05-30 13:14:00,AQU-PS-5LB,1
2023-05-30 16:55:00,AQU-PS-25LB,1
2023-05-30 13:40:00,AQU-PS-25LB,1
2023-05-30 13:30:00,CHL-CT-21LB,1
2023-05-30 12:11:00,HTH-S-5LB,1
2023-05-30 09:25:00,INT-BA-32OZ,2
2023-05-30 12:15:00,AQU-PS-25LB,2
2023-05-30 13:49:00,BIO-MA-32OZ,1
2023-05-30 17:38:00,CHL-CHI-20LB,1
2023-05-30 08:53:00,AQU-PS-25LB,2
2023-05-30 08:37:00,CHL-PS-17LB,1
2023-05-30 11:30:00,AQU-BA-32OZ,4
2023-05-30 16:04:00,AQU-CT-11LB,4
2023-05-30 12:43:00,CHL-CT-1LB,1
2023-05-30 14:03:00,CHL-CT-21LB,1
2023-05-30 12:31:00,AQU-CT-11LB,1
2023-05-30 18:40:00,CHL-CT-1LB,1
2023-05-30 14:47:00,INT-MA-1GAL,1
2023-05-30 09:18:00,AQU-PS-25LB,2
2023-05-30 11:29:00,INT-LS-1GAL,2
2023-05-30 16:58:00,CHL-PS-1LB,1
2023-05-30 16:16:00,AQU-PS-5LB,1
2023-05-30 12:13:00,INT-BA-32OZ,1
2023-05-30 15:03:00,AQU-BA-32OZ,1
2023-05-30 14:46:00,INT-LS-1GAL,2
2023-05-30 14:05:00,INT-CT-25LB,2
2023-05-30 16:48:00,INT-BA-32OZ,1
2023-05-30 15:53:00,INT-BA-32OZ,1
2023-05-30 18:54:00,AQU-CT-11LB,3
2023-05-30 13:56:00,CHL-CT-1LB,1
2023-05-30 14:16:00,CHL-CT-1LB,1
2023-05-30 14:54:00,AQU-CT-11LB,1
2023-05-30 15:08:00,CHL-CT-1LB,1
2023-05-30 18:56:00,BIO-MA-32OZ,1
2023-05-30 14:48:00,INT-LS-1GAL,2
2023-05-30 11:25:00,BIO-PU-5LB,1
2023-05-30 16:59:00,AQU-BA-32OZ,1
2023-05-30 09:23:00,AQU-PS-25LB,2
2023-05-30 18:19:00,AQU-BA-32OZ,1
2023-05-30 09:33:00,CHL-PS-1LB,1
2023-05-30 13:52:00,AQU-PS-25LB,2
2023-05-30 16:47:00,CHL-CT-21LB,1
2023-05-30 17:36:00,INT-CT-25LB,3
2023-05-30 08:03:00,AQU-PS-5LB,1
2023-05-30 10:28:00,BIO-PD-2LB,1
2023-05-30 15:59:00,BIO-MA-32OZ,1
2023-05-30 10:36:00,CHL-PS-1LB,1
2023-05-30 09:00:00,INT-CT-25LB,1
2023-05-30 16:19:00,CHL-CT-21LB,1
2023-05-30 13:02:00,INT-BA-32OZ,1
2023-05-30 15:41:00,CHL-CT-1LB,1
2023-05-30 16:24:00,INT-BA-32OZ,1
2023-05-31 11:23:00,AQU-PS-5LB,1
2023-05-31 14:48:00,INT-CT-25LB,2
2023-05-31 14:02:00,INT-BA-32OZ,1
2023-05-31 13:57:00,CHL-PS-1LB,4
2023-05-31 08:14:00,CHL-PS-17LB,1
2023-05-31 11:28:00,AQU-BA-32OZ,1
2023-05-31 12:58:00,AQU-PS-25LB,1
2023-05-31 14:37:00,CHL-PS-1LB,1
2023-05-31 16:15:00,INT-CT-25LB,2
2023-05-31 11:01:00,CHL-PS-1LB,2
2023-05-31 14:30:00,INT-CA-32OZ,1
2023-05-31 18:28:00,INT-LS-1GAL,1
2023-05-31 18:13:00,CHL-CT-21LB,1
2023-05-31 08:52:00,AQU-PS-5LB,2
2023-05-31 14:30:00,CHL-PS-17LB,1
2023-05-31 09:35:00,BIO-MA-32OZ,1
2023-05-31 10:11:00,INT-CT-25LB,1
2023-05-31 10:26:00,INT-CT-25LB,1
2023-05-31 14:56:00,INT-AI-5LB,1
2023-05-31 15:58:00,AQU-PS-25LB,1
2023-05-31 17:41:00,INT-BA-32OZ,1
2023-05-31 12:49:00,AQU-PS-5LB,1
2023-05-31 09:39:00,CHL-PS-17LB,1
2023-05-31 08:49:00,INT-MA-1GAL,1
2023-05-31 16:28:00,CHL-PS-1LB,1
2023-05-31 16:41:00,CHL-PS-1LB,2
2023-05-31 16:27:00,AQU-CT-11LB,4
2023-05-31 13:13:00,INT-CA-32OZ,1
2023-05-31 16:48:00,BIO-MA-32OZ,2
2023-05-31 13:43:00,AQU-PS-25LB,1
2023-05-31 17:51:00,CHL-CT-21LB,1
2023-05-31 08:24:00,CHL-PS-17LB,1
2023-05-31 15:48:00,AQU-PS-25LB,1
2023-05-31 11:36:00,CHL-PU-2LB,1
2023-05-31 14:13:00,INT-BA-32OZ,1
2023-05-31 12:43:00,INT-BA-32OZ,4
2023-05-31 10:44:00,CHL-CT-1LB,2
2023-05-31 16:44:00,CHL-CT-1LB,3
2023-05-31 17:55:00,AQU-BA-32OZ,3
2023-06-01 15:25:00,CHL-PS-1LB,1
2023-06-01 08:47:00,AQU-PS-5LB,1
2023-06-01 13:51:00,CHL-CT-21LB,1
2023-06-01 18:20:00,INT-CA-32OZ,1
2023-06-01 08:54:00,AQU-BA-32OZ,1
2023-06-01 18:40:00,CHL-CT-1LB,1
2023-06-01 12:36:00,INT-CT-25LB,1
2023-06-01 10:08:00,AQU-BA-32OZ,1
2023-06-01 09:44:00,AQU-BA-32OZ,3
2023-06-01 15:03:00,CHL-CT-21LB,3
2023-06-01 12:41:00,AQU-BA-32OZ,4
2023-06-01 16:27:00,AQU-BA-32OZ,2
2023-06-01 09:34:00,AQU-CT-11LB,1
2023-06-01 14:43:00,AQU-BA-32OZ,2
2023-06-01 15:01:00,INT-LS-1GAL,1
2023-06-01 14:25:00,INT-BA-32OZ,1
2023-06-01 11:11:00,AQU-PS-5LB,1
2023-06-01 08:48:00,INT-CA-32OZ,1
2023-06-01 09:25:00,CHL-CT-21LB,2
2023-06-01 10:36:00,INT-CA-32OZ,1
2023-06-01 18:57:00,AQU-PS-5LB,1
2023-06-01 08:30:00,INT-CA-32OZ,1
2023-06-01 11:51:00,CHL-CT-1LB,3
2023-06-01 17:37:00,INT-MA-1GAL,1
2023-06-01 10:49:00,AQU-PS-5LB,1
2023-06-01 16:53:00,AQU-PS-25LB,1
2023-06-01 17:05:00,CHL-CT-21LB,1
2023-06-01 18:36:00,AQU-PS-5LB,3
2023-06-01 16:59:00,INT-CT-25LB,1
2023-06-01 10:31:00,AQU-CHI-11LB,1
2023-06-01 09:35:00,BIO-PD-2LB,1
2023-06-01 10:26:00,AQU-PS-25LB,1
2023-06-01 13:56:00,CHL-CT-21LB,1
2023-06-01 11:49:00,INT-BA-32OZ,1
2023-06-01 11:29:00,INT-BA-32OZ,1
2023-06-01 09:29:00,INT-BA-32OZ,1
2023-06-01 08:34:00,INT-AI-25LB,1
2023-06-01 14:52:00,INT-CHI-7LB,1
2023-06-01 12:39:00,INT-BA-32OZ,1
2023-06-01 12:10:00,BIO-MA-32OZ,2
2023-06-01 14:37:00,BIO-MA-32OZ,1
2023-06-01 12:10:00,BIO-MA-32OZ,1
2023-06-01 08:13:00,CHL-PS-1LB,1
2023-06-01 17:34:00,AQU-CT-11LB,2
2023-06-01 18:42:00,AQU-PS-25LB,1
2023-06-01 11:56:00,INT-BA-32OZ,4
2023-06-01 09:43:00,INT-CT-25LB,1
2023-06-01 11:20:00,CHL-CT-21LB,2
2023-06-01 12:43:00,HTH-AI-11LB,1
2023-06-01 18:38:00,CHL-CT-1LB,3
2023-06-02 09:18:00,CHL-CT-21LB,1
2023-06-02 13:49:00,INT-BA-32OZ,1
2023-06-02 17:39:00,INT-LS-1GAL,4
2023-06-02 14:28:00,INT-BA-32OZ,3
2023-06-02 08:24:00,BIO-MA-32OZ,1
2023-06-02 17:11:00,BIO-MA-32OZ,1
2023-06-02 09:39:00,INT-BA-32OZ,1
2023-06-02 13:52:00,INT-CT-25LB,1
2023-06-02 16:28:00,AQU-PS-25LB,1
2023-06-02 11:00:00,INT-CT-25LB,4
2023-06-02 13:16:00,INT-MA-1GAL,1
2023-06-02 17:33:00,INT-LS-1GAL,1
2023-06-02 10:17:00,CHL-CT-1LB,2
2023-06-02 11:35:00,CHL-PU-2LB,1
2023-06-02 16:47:00,AQU-PS-25LB,1
2023-06-02 12:42:00,INT-LS-1GAL,2
2023-06-02 11:51:00,INT-BA-32OZ,2
2023-06-02 08:44:00,INT-CT-25LB,1
2023-06-02 10:50:00,AQU-PS-25LB,1
2023-06-02 18:52:00,BIO-MA-32OZ,2
2023-06-02 09:29:00,INT-CA-32OZ,1
2023-06-02 16:07:00,INT-CA-32OZ,1
2023-06-02 14:30:00,AQU-PS-5LB,1
2023-06-02 16:55:00,AQU-CT-11LB,2
2023-06-02 08:24:00,INT-BA-32OZ,1
2023-06-02 18:24:00,AQU-PS-25LB,1
2023-06-02 18:17:00,AQU-PS-5LB,1
2023-06-02 18:14:00,INT-CA-32OZ,1
2023-06-02 18:07:00,BIO-MA-32OZ,1
2023-06-02 13:56:00,INT-LS-1GAL,1
2023-06-02 18:33:00,INT-CA-32OZ,1
2023-06-02 17:55:00,CHL-PS-1LB,3
2023-06-02 08:06:00,CHL-PS-1LB,3
2023-06-02 14:41:00,CHL-PS-1LB,2
2023-06-02 12:56:00,CHL-CT-21LB,1
2023-06-02 17:58:00,AQU-PS-5LB,1
2023-06-02 18:09:00,BIO-MA-32OZ,3
2023-06-02 18:32:00,CHL-CT-21LB,1
2023-06-02 09:21:00,CHL-PS-1LB,1
2023-06-02 08:12:00,AQU-PS-25LB,1
2023-06-02 15:49:00,INT-BA-32OZ,1
2023-06-02 08:07:00,CHL-PS-1LB,1
2023-06-02 15:03:00,INT-BA-32OZ,1
2023-06-02 17:09:00,AQU-BA-32OZ,1
2023-06-02 14:40:00,AQU-PS-5LB,2
2023-06-02 12:02:00,CHL-CT-21LB,1
2023-06-02 15:56:00,CHL-CT-1LB,1
2023-06-02 08:13:00,INT-BA-32OZ,1
2023-06-02 08:32:00,INT-CA-32OZ,1
2023-06-02 18:34:00,INT-BA-32OZ,2
2023-06-02 08:33:00,INT-CT-25LB,1
2023-06-02 18:57:00,CHL-CT-1LB,1
2023-06-02 09:29:00,BIO-MA-32OZ,2
2023-06-02 10:25:00,AQU-PS-25LB,3
2023-06-02 10:33:00,INT-CT-25LB,1
2023-06-02 10:38:00,CHL-PS-1LB,1
2023-06-02 14:35:00,INT-BA-32OZ,1
2023-06-02 10:41:00,AQU-CT-11LB,4
2023-06-02 12:53:00,INT-CA-32OZ,1
2023-06-02 12:53:00,CHL-CT-21LB,1
2023-06-02 16:20:00,INT-MA-1GAL,3
2023-06-02 08:42:00,INT-BA-32OZ,1
2023-06-02 08:29:00,CHL-PS-17LB,1
2023-06-02 10:33:00,CHL-CT-21LB,1
2023-06-02 16:42:00,INT-BA-32OZ,1
2023-06-02 17:21:00,CHL-PS-1LB,2
2023-06-02 17:11:00,CHL-PS-17LB,2
2023-06-02 18:41:00,CHL-CT-1LB,1
2023-06-02 15:40:00,CHL-PS-1LB,4
2023-06-02 12:05:00,INT-CT-25LB,1
2023-06-03 16:00:00,AQU-PS-5LB,1
2023-06-03 14:59:00,INT-LS-1GAL,4
2023-06-03 17:43:00,INT-MA-1GAL,2
2023-06-03 09:46:00,INT-AI-5LB,1
2023-06-03 17:56:00,AQU-PS-25LB,1
2023-06-03 14:54:00,AQU-PS-5LB,4
2023-06-03 09:10:00,CHL-PS-1LB,3
2023-06-03 15:25:00,INT-CA-32OZ,1
2023-06-03 14:08:00,CHL-PS-1LB,1
2023-06-03 08:35:00,CHL-PS-17LB,1
2023-06-03 08:33:00,AQU-CT-11LB,1
2023-06-03 10:53:00,INT-CA-32OZ,1
2023-06-03 08:15:00,CHL-PS-17LB,2
2023-06-03 17:07:00,INT-LS-1GAL,1
2023-06-03 15:03:00,INT-CA-32OZ,3
2023-06-03 18:48:00,AQU-BA-32OZ,1
2023-06-03 10:59:00,CHL-CT-21LB,1
2023-06-03 14:12:00,CHL-S-1LB,1
2023-06-03 18:57:00,CHL-PS-17LB,3
2023-06-03 12:17:00,INT-AI-5LB,1
2023-06-03 12:13:00,AQU-PS-5LB,1
2023-06-03 13:51:00,BIO-MA-32OZ,1
2023-06-03 17:24:00,AQU-PS-5LB,1
2023-06-03 18:41:00,AQU-BA-32OZ,1
2023-06-03 10:41:00,INT-CA-32OZ,1
2023-06-03 12:21:00,CHL-CT-21LB,4
2023-06-03 16:43:00,INT-LS-1GAL,1
2023-06-03 15:57:00,CHL-PS-17LB,1
2023-06-03 08:05:00,BIO-MA-32OZ,2
2023-06-03 10:00:00,INT-BA-32OZ,1
2023-06-03 12:51:00,AQU-PS-25LB,3
2023-06-03 18:59:00,INT-LS-1GAL,2
2023-06-03 18:09:00,INT-LS-1GAL,3
2023-06-03 12:10:00,AQU-BA-32OZ,1
2023-06-03 18:56:00,INT-CA-32OZ,1
2023-06-03 13:13:00,AQU-PS-25LB,1
2023-06-03 14:38:00,INT-CT-25LB,1
2023-06-03 08:37:00,INT-CT-25LB,1
2023-06-03 09:59:00,CHL-PS-1LB,1
2023-06-03 10:14:00,CHL-CT-21LB,1
2023-06-03 15:23:00,INT-BA-32OZ,3
2023-06-03 11:00:00,AQU-CT-11LB,1
2023-06-03 10:35:00,INT-CT-25LB,1
2023-06-03 12:36:00,CHL-CT-21LB,1
2023-06-03 15:25:00,INT-LS-1GAL,1
2023-06-03 08:15:00,INT-BA-32OZ,1
2023-06-03 17:24:00,AQU-CT-11LB,1
2023-06-03 18:48:00,AQU-CT-11LB,1
2023-06-03 15:00:00,CHL-PS-1LB,4
2023-06-03 10:58:00,INT-CA-32OZ,1
2023-06-03 12:15:00,CHL-PS-17LB,1
2023-06-03 14:20:00,INT-BA-32OZ,1
2023-06-03 10:54:00,AQU-PS-25LB,1
2023-06-03 12:02:00,INT-CT-25LB,1
2023-06-03 13:22:00,INT-BA-32OZ,3
2023-06-03 11:44:00,AQU-PS-25LB,1
2023-06-04 12:32:00,INT-CT-25LB,1
2023-06-04 09:44:00,CHL-CT-1LB,2
2023-06-04 16:52:00,CHL-PS-17LB,1
2023-06-04 15:50:00,AQU-PD-5LB,1
2023-06-04 13:49:00,INT-CA-32OZ,2
2023-06-04 12:43:00,CHL-PS-17LB,1
2023-06-04 08:15:00,INT-CA-32OZ,2
2023-06-04 14:52:00,CHL-PS-1LB,1
2023-06-04 12:53:00,CHL-CT-1LB,2
2023-06-04 16:34:00,CHL-CT-1LB,3
2023-06-04 10:07:00,HTH-F-2LB,2
2023-06-04 13:55:00,INT-BA-32OZ,1
2023-06-04 17:28:00,CHL-PS-1LB,1
2023-06-04 15:15:00,CHL-CT-1LB,1
2023-06-04 16:23:00,INT-BA-32OZ,1
2023-06-04 12:45:00,INT-CA-32OZ,1
2023-06-04 14:26:00,CHL-PS-17LB,1
2023-06-04 10:12:00,INT-MA-1GAL,2
2023-06-04 10:14:00,CHL-PS-17LB,1
2023-06-04 14:02:00,BIO-PD-2LB,1
2023-06-04 14:25:00,AQU-PS-25LB,1
2023-06-04 15:38:00,INT-CT-25LB,1
2023-06-04 17:33:00,AQU-PS-5LB,1
2023-06-04 14:18:00,AQU-PS-5LB,1
2023-06-04 17:04:00,CHL-CT-21LB,1
2023-06-04 10:23:00,CHL-PS-1LB,1
2023-06-04 17:19:00,AQU-CT-11LB,1
2023-06-04 17:52:00,INT-CT-25LB,1
2023-06-04 15:58:00,CHL-PS-1LB,1
2023-06-04 18:57:00,AQU-PS-25LB,1
2023-06-04 10:08:00,INT-CT-25LB,2
2023-06-04 08:16:00,INT-CA-32OZ,3
2023-06-04 10:38:00,CHL-CT-1LB,1
2023-06-04 16:24:00,BIO-MA-32OZ,1
2023-06-04 10:10:00,AQU-CT-11LB,1
2023-06-04 14:36:00,AQU-BA-32OZ,1
2023-06-04 17:08:00,AQU-PS-25LB,1
2023-06-04 08:24:00,AQU-PS-25LB,3
2023-06-04 14:25:00,CHL-CT-1LB,1
2023-06-04 09:29:00,INT-LS-1GAL,2
2023-06-04 17:37:00,AQU-BA-32OZ,2
2023-06-04 14:11:00,AQU-BA-32OZ,1
2023-06-04 11:57:00,BIO-PU-5LB,1
2023-06-04 13:24:00,AQU-BA-32OZ,1
2023-06-04 17:37:00,CHL-PS-17LB,1
2023-06-04 17:42:00,AQU-PS-5LB,1
2023-06-04 10:37:00,CHL-CT-1LB,1
2023-06-04 17:50:00,INT-AI-25LB,3
2023-06-04 16:15:00,AQU-BA-32OZ,2
2023-06-04 11:20:00,INT-BA-32OZ,1
2023-06-04 16:47:00,AQU-PS-5LB,3
2023-06-04 15:55:00,AQU-BA-32OZ,2
2023-06-04 14:35:00,BIO-PD-2LB,1
2023-06-04 16:29:00,AQU-CT-11LB,4
2023-06-04 15:28:00,AQU-CT-11LB,1
2023-06-04 17:11:00,CHL-CT-1LB,1
2023-06-04 13:58:00,INT-CA-32OZ,1
2023-06-05 08:19:00,CHL-CT-21LB,1
2023-06-05 09:15:00,INT-BA-32OZ,3
2023-06-05 12:33:00,CHL-PS-1LB,1
2023-06-05 10:03:00,AQU-PS-5LB,3
2023-06-05 16:55:00,INT-BA-32OZ,4
2023-06-05 12:57:00,INT-CT-25LB,1
2023-06-05 17:52:00,BIO-MA-32OZ,1
2023-06-05 11:06:00,CHL-CT-1LB,1
2023-06-05 13:12:00,INT-LS-1GAL,1
2023-06-05 17:33:00,AQU-PS-5LB,1
2023-06-05 11:48:00,INT-LS-1GAL,2
2023-06-05 17:05:00,CHL-PS-17LB,1
2023-06-05 10:08:00,CHL-PS-1LB,1
2023-06-05 14:00:00,INT-CT-25LB,3
2023-06-05 08:00:00,BIO-MA-32OZ,1
2023-06-05 09:18:00,AQU-PS-5LB,1
2023-06-05 12:03:00,INT-AI-5LB,1
2023-06-05 18:42:00,CHL-PS-1LB,1
2023-06-05 15:59:00,AQU-CT-11LB,1
2023-06-05 14:09:00,BIO-MA-32OZ,1
2023-06-05 17:46:00,INT-CT-25LB,1
2023-06-05 09:50:00,AQU-PS-25LB,1
2023-06-05 12:47:00,INT-CA-32OZ,1
2023-06-05 18:42:00,CHL-CT-21LB,2
2023-06-05 11:54:00,CHL-PS-17LB,1
2023-06-05 08:55:00,INT-LS-1GAL,2
2023-06-05 12:46:00,CHL-PS-1LB,1
2023-06-05 17:04:00,AQU-PS-5LB,1
2023-06-05 11:19:00,INT-CA-32OZ,1
2023-06-05 09:01:00,AQU-BA-32OZ,1
2023-06-05 11:33:00,CHL-CT-21LB,2
2023-06-05 17:31:00,INT-LS-1GAL,1
2023-06-05 13:09:00,AQU-PS-25LB,1
2023-06-05 18:53:00,INT-LS-1GAL,3
2023-06-05 16:30:00,BIO-MA-32OZ,3
2023-06-05 10:02:00,HTH-F-2LB,1
2023-06-05 17:39:00,AQU-PS-25LB,1
2023-06-05 16:27:00,AQU-BA-32OZ,1
2023-06-05 18:20:00,CHL-CT-21LB,1
2023-06-05 18:24:00,CHL-CT-1LB,1
2023-06-05 12:10:00,INT-LS-1GAL,3
2023-06-05 18:44:00,CHL-PS-1LB,4
2023-06-05 10:18:00,CHL-PS-1LB,3
2023-06-05 08:21:00,CHL-CT-21LB,2
2023-06-05 17:45:00,CHL-PS-17LB,1
2023-06-05 18:09:00,AQU-BA-32OZ,1
2023-06-06 10:14:00,CHL-PS-17LB,1
2023-06-06 13:53:00,INT-BA-32OZ,1
2023-06-06 11:01:00,INT-BA-32OZ,3
2023-06-06 17:59:00,INT-BA-32OZ,1
2023-06-06 15:27:00,INT-CT-25LB,1
2023-06-06 14:38:00,INT-LS-1GAL,1
2023-06-06 09:39:00,BIO-PD-2LB,2
2023-06-06 12:35:00,AQU-PS-5LB,1
2023-06-06 17:25:00,INT-LS-1GAL,4
2023-06-06 10:58:00,INT-AI-25LB,1
2023-06-06 17:52:00,CHL-CT-1LB,1
2023-06-06 16:58:00,AQU-CT-11LB,1
2023-06-06 08:41:00,INT-BA-32OZ,1
2023-06-06 13:25:00,INT-BA-32OZ,1
2023-06-06 16:08:00,INT-BA-32OZ,1
2023-06-06 08:05:00,CHL-CT-21LB,2
2023-06-06 15:42:00,AQU-CT-11LB,1
2023-06-06 13:15:00,CHL-PS-17LB,1
2023-06-06 18:59:00,CHL-PS-1LB,2
2023-06-06 08:28:00,CHL-CT-1LB,1
2023-06-06 17:26:00,BIO-MA-32OZ,1
2023-06-06 14:06:00,AQU-CT-11LB,1
2023-06-06 16:27:00,CHL-PS-17LB,1
2023-06-06 17:21:00,AQU-BA-32OZ,1
2023-06-06 15:09:00,INT-CT-25LB,4
2023-06-06 18:58:00,INT-BA-32OZ,1
2023-06-06 18:49:00,INT-CA-32OZ,2
2023-06-06 12:54:00,INT-CT-25LB,3
2023-06-06 08:19:00,CHL-CT-21LB,2
2023-06-06 11:50:00,INT-MA-1GAL,1
2023-06-06 12:31:00,INT-CT-25LB,1
2023-06-06 12:07:00,BIO-MA-32OZ,2
2023-06-06 10:20:00,CHL-PS-1LB,2
2023-06-06 11:04:00,BIO-MA-32OZ,2
2023-06-06 18:12:00,INT-CA-32OZ,1
2023-06-06 15:42:00,AQU-CT-11LB,2
2023-06-06 17:20:00,AQU-PD-5LB,1
2023-06-06 14:06:00,INT-CT-25LB,2
2023-06-06 08:03:00,INT-CA-32OZ,1
2023-06-06 15:31:00,CHL-PS-1LB,2
2023-06-06 15:12:00,INT-CA-32OZ,2
2023-06-06 18:10:00,INT-CA-32OZ,1
2023-06-06 09:31:00,CHL-CHI-20LB,2
2023-06-06 13:03:00,INT-CT-25LB,3
2023-06-06 11:26:00,AQU-BA-32OZ,2
2023-06-06 09:48:00,INT-CT-25LB,1
2023-06-06 17:48:00,INT-LS-1GAL,1
2023-06-06 18:11:00,CHL-CT-21LB,1
2023-06-07 10:44:00,AQU-PS-25LB,3
2023-06-07 13:53:00,CHL-CT-21LB,1
2023-06-07 17:47:00,AQU-CT-11LB,1
2023-06-07 17:38:00,AQU-BA-32OZ,1
2023-06-07 09:37:00,INT-BA-32OZ,1
2023-06-07 11:33:00,INT-CT-25LB,1
2023-06-07 15:12:00,CHL-PS-17LB,1
2023-06-07 11:29:00,CHL-CT-21LB,2
2023-06-07 08:12:00,AQU-CT-11LB,1
2023-06-07 12:46:00,AQU-PS-5LB,1
2023-06-07 10:51:00,AQU-CT-11LB,1
2023-06-07 12:54:00,INT-BA-32OZ,1
2023-06-07 12:17:00,CHL-CT-21LB,1
2023-06-07 15:18:00,AQU-PD-5LB,1
2023-06-07 16:38:00,CHL-CT-1LB,4
2023-06-07 08:49:00,INT-LS-1GAL,1
2023-06-07 12:31:00,INT-LS-1GAL,1
2023-06-07 14:01:00,INT-CT-25LB,3
2023-06-07 15:47:00,AQU-CT-11LB,1
2023-06-07 16:26:00,INT-CT-25LB,1
2023-06-07 10:49:00,INT-CT-25LB,1
2023-06-07 11:20:00,CHL-CT-1LB,1
2023-06-07 09:59:00,AQU-BA-32OZ,1
2023-06-07 08:44:00,INT-BA-32OZ,1
2023-06-07 15:26:00,AQU-PS-25LB,1
2023-06-07 13:04:00,INT-CA-32OZ,1
2023-06-07 17:04:00,INT-LS-1GAL,3
2023-06-07 15:40:00,AQU-PS-5LB,2
2023-06-07 08:58:00,INT-BA-32OZ,1
2023-06-07 16:54:00,INT-MA-1GAL,2
2023-06-07 13:05:00,INT-LS-1GAL,1
2023-06-07 15:44:00,CHL-CT-1LB,1
2023-06-07 11:42:00,AQU-BA-32OZ,1
2023-06-07 10:55:00,INT-BA-32OZ,2
2023-06-07 16:37:00,BIO-MA-32OZ,1
2023-06-07 13:05:00,INT-CA-32OZ,1
2023-06-07 12:22:00,INT-CA-32OZ,1
2023-06-07 14:12:00,AQU-BA-32OZ,1
2023-06-07 12:02:00,INT-LS-1GAL,1
2023-06-07 17:52:00,BIO-MA-32OZ,2
2023-06-07 09:35:00,CHL-PS-17LB,1
2023-06-07 13:32:00,INT-LS-1GAL,1
2023-06-07 08:22:00,CHL-CT-21LB,1
2023-06-07 13:34:00,INT-BA-32OZ,1
2023-06-07 09:46:00,INT-MA-1GAL,1
2023-06-07 09:20:00,INT-CT-25LB,1
2023-06-07 15:16:00,AQU-PS-25LB,1
2023-06-07 12:45:00,CHL-CT-1LB,1
2023-06-07 17:25:00,AQU-CT-11LB,1
2023-06-08 11:38:00,CHL-CT-1LB,1
2023-06-08 18:07:00,AQU-PS-5LB,1
2023-06-08 14:03:00,INT-CA-32OZ,3
2023-06-08 18:31:00,AQU-PS-5LB,1
2023-06-08 15:00:00,CHL-PS-1LB,1
2023-06-08 08:18:00,INT-CT-25LB,1
2023-06-08 08:37:00,BIO-MA-32OZ,1
2023-06-08 11:57:00,INT-CHI-7LB,1
2023-06-08 08:45:00,CHL-PS-1LB,1
2023-06-08 12:20:00,CHL-PS-1LB,3
2023-06-08 12:07:00,INT-LS-1GAL,1
2023-06-08 16:17:00,INT-LS-1GAL,1
2023-06-08 08:48:00,CHL-PS-17LB,1
2023-06-08 11:38:00,INT-CT-25LB,4
2023-06-08 16:09:00,CHL-CT-21LB,1
2023-06-08 10:05:00,CHL-PS-1LB,2
2023-06-08 16:01:00,CHL-PS-1LB,3
2023-06-08 18:13:00,CHL-CT-21LB,1
2023-06-08 17:24:00,AQU-CT-11LB,4
2023-06-08 14:49:00,INT-LS-1GAL,1
2023-06-08 10:49:00,AQU-PS-5LB,1
2023-06-08 08:15:00,AQU-PS-5LB,2
2023-06-08 16:23:00,CHL-PU-2LB,3
2023-06-08 16:35:00,AQU-PS-5LB,1
2023-06-08 14:43:00,AQU-PS-5LB,1
2023-06-08 12:40:00,BIO-MA-32OZ,1
2023-06-08 08:42:00,AQU-BA-32OZ,2
2023-06-08 15:34:00,AQU-PS-25LB,1
2023-06-08 16:00:00,CHL-PS-1LB,1
2023-06-08 10:25:00,AQU-PS-25LB,3
2023-06-08 13:10:00,CHL-CT-1LB,1
2023-06-08 17:44:00,INT-CA-32OZ,2
2023-06-08 13:05:00,INT-CA-32OZ,1
2023-06-08 14:18:00,INT-BA-32OZ,1
2023-06-08 14:45:00,INT-CT-25LB,1
2023-06-08 17:13:00,AQU-PS-25LB,3
2023-06-08 11:46:00,INT-LS-1GAL,1
2023-06-08 11:21:00,CHL-PS-17LB,1
2023-06-08 14:08:00,CHL-PS-17LB,1
2023-06-08 11:03:00,CHL-PU-2LB,1
2023-06-08 11:38:00,INT-LS-1GAL,1
2023-06-08 15:19:00,CHL-CT-1LB,3
2023-06-08 12:54:00,CHL-CT-1LB,1
2023-06-08 08:32:00,CHL-CT-21LB,2
2023-06-08 16:57:00,INT-CT-25LB,1
2023-06-08 08:48:00,AQU-PS-5LB,3
2023-06-08 14:31:00,BIO-MA-32OZ,1
2023-06-08 08:32:00,BIO-MA-32OZ,1
2023-06-08 17:35:00,CHL-CT-21LB,1
2023-06-08 15:02:00,BIO-MA-32OZ,1
2023-06-08 17:10:00,INT-CA-32OZ,1
2023-06-08 08:43:00,BIO-MA-32OZ,1
2023-06-08 09:38:00,AQU-PS-25LB,1
2023-06-09 09:34:00,CHL-PS-17LB,1
2023-06-09 18:56:00,INT-LS-1GAL,4
2023-06-09 12:55:00,INT-CT-25LB,1
2023-06-09 11:05:00,AQU-PS-25LB,1
2023-06-09 09:12:00,AQU-PS-5LB,2
2023-06-09 18:54:00,INT-LS-1GAL,2
2023-06-09 10:51:00,CHL-CT-1LB,4
2023-06-09 14:24:00,CHL-PS-17LB,1
2023-06-09 09:06:00,INT-CT-25LB,4
2023-06-09 13:34:00,INT-BA-32OZ,1
2023-06-09 12:35:00,CHL-CT-21LB,3
2023-06-09 13:35:00,CHL-PS-1LB,1
2023-06-09 08:21:00,BIO-MA-32OZ,3
2023-06-09 10:51:00,INT-CA-32OZ,4
2023-06-09 14:15:00,AQU-PS-5LB,1
2023-06-09 10:42:00,INT-BA-32OZ,2
2023-06-09 09:07:00,BIO-MA-32OZ,3
2023-06-09 17:41:00,CHL-CT-1LB,1
2023-06-09 14:02:00,CHL-CT-1LB,1
2023-06-09 12:29:00,AQU-PS-25LB,2
2023-06-09 18:43:00,AQU-PS-25LB,1
2023-06-09 10:09:00,CHL-CT-21LB,2
2023-06-09 08:20:00,INT-LS-1GAL,2
2023-06-09 11:38:00,AQU-CT-11LB,1
2023-06-09 15:43:00,AQU-PS-5LB,2
2023-06-09 08:30:00,CHL-CT-1LB,3
2023-06-09 15:17:00,CHL-CT-21LB,1
2023-06-09 13:45:00,INT-LS-1GAL,1
2023-06-09 12:18:00,INT-CT-25LB,1
2023-06-09 15:46:00,BIO-MA-32OZ,1
2023-06-09 08:55:00,INT-LS-1GAL,1
2023-06-09 16:43:00,INT-LS-1GAL,1
2023-06-09 18:49:00,HTH-S-5LB,1
2023-06-09 10:58:00,BIO-MA-32OZ,1
2023-06-09 18:57:00,CHL-PS-17LB,1
2023-06-09 11:05:00,AQU-PS-25LB,1
2023-06-09 15:48:00,INT-LS-1GAL,3
2023-06-09 09:18:00,AQU-CHI-11LB,1
2023-06-09 14:47:00,INT-CA-32OZ,1
2023-06-09 09:52:00,CHL-PS-17LB,3
2023-06-09 17:36:00,CHL-PS-17LB,2
2023-06-09 13:46:00,INT-LS-1GAL,1
2023-06-10 12:26:00,AQU-PS-5LB,1
2023-06-10 15:51:00,CHL-CT-1LB,1
2023-06-10 14:26:00,INT-BA-32OZ,2
2023-06-10 10:55:00,AQU-BA-32OZ,2
2023-06-10 14:11:00,CHL-PU-2LB,2
2023-06-10 11:20:00,INT-MA-1GAL,1
2023-06-10 17:24:00,CHL-CT-21LB,4
2023-06-10 08:23:00,INT-BA-32OZ,3
2023-06-10 11:00:00,CHL-PS-1LB,3
2023-06-10 10:47:00,INT-BA-32OZ,1
2023-06-10 14:04:00,CHL-PS-1LB,1
2023-06-10 16:19:00,CHL-PU-2LB,1
2023-06-10 08:08:00,CHL-PU-2LB,1
2023-06-10 13:31:00,INT-MA-1GAL,1
2023-06-10 16:58:00,CHL-PS-17LB,1
2023-06-10 15:00:00,CHL-CHI-20LB,1
2023-06-10 11:58:00,CHL-PS-17LB,1
2023-06-10 14:33:00,INT-LS-1GAL,3
2023-06-10 14:03:00,CHL-CT-21LB,1
2023-06-10 13:59:00,BIO-PU-5LB,1
2023-06-10 08:25:00,BIO-MA-32OZ,1
2023-06-10 11:02:00,INT-AI-25LB,1
2023-06-10 14:25:00,INT-CA-32OZ,1
2023-06-10 11:27:00,CHL-PS-17LB,1
2023-06-10 08:23:00,INT-LS-1GAL,1
2023-06-10 08:08:00,INT-CT-25LB,4
2023-06-10 16:56:00,CHL-CT-21LB,1
2023-06-10 18:05:00,CHL-PS-1LB,1
2023-06-10 18:40:00,CHL-CT-21LB,4
2023-06-10 14:17:00,AQU-BA-32OZ,1
2023-06-10 08:39:00,CHL-CT-21LB,1
2023-06-10 16:37:00,INT-BA-32OZ,1
2023-06-10 09:00:00,BIO-MA-32OZ,1
2023-06-10 11:37:00,INT-MA-1GAL,1
2023-06-10 08:37:00,AQU-CT-11LB,3
2023-06-10 09:10:00,AQU-CT-11LB,1
2023-06-10 08:51:00,AQU-PS-25LB,1
2023-06-10 11:40:00,AQU-PS-5LB,1
2023-06-10 08:09:00,INT-LS-1GAL,2
2023-06-10 13:08:00,AQU-PS-5LB,1
2023-06-10 08:38:00,CHL-CT-1LB,1
2023-06-10 12:21:00,CHL-PS-17LB,1
2023-06-10 10:44:00,INT-BA-32OZ,1
2023-06-10 11:49:00,BIO-MA-32OZ,3
2023-06-10 15:48:00,CHL-PS-1LB,1
2023-06-10 13:36:00,INT-CT-25LB,1
2023-06-10 15:44:00,INT-LS-1GAL,4
2023-06-10 17:23:00,CHL-CT-21LB,3
2023-06-10 11:54:00,INT-BA-32OZ,1
2023-06-10 09:36:00,AQU-PS-5LB,2
2023-06-10 18:52:00,CHL-CT-21LB,1
2023-06-10 10:25:00,INT-CT-25LB,2
2023-06-10 08:03:00,INT-CA-32OZ,1
2023-06-10 17:45:00,AQU-PS-25LB,4
2023-06-10 16:27:00,AQU-BA-32OZ,1
2023-06-10 08:08:00,BIO-MA-32OZ,1
2023-06-10 15:22:00,CHL-PS-17LB,1
2023-06-10 15:59:00,AQU-PS-5LB,3
2023-06-10 12:42:00,INT-CT-25LB,1
2023-06-10 13:16:00,AQU-BA-32OZ,2
2023-06-10 12:40:00,AQU-PS-5LB,1
2023-06-10 17:08:00,INT-CA-32OZ,2
2023-06-10 08:20:00,INT-CA-32OZ,1
2023-06-10 12:47:00,INT-LS-1GAL,2
2023-06-11 17:18:00,AQU-BA-32OZ,1
2023-06-11 12:59:00,CHL-PS-1LB,3
2023-06-11 13:14:00,CHL-CT-1LB,1
2023-06-11 16:05:00,INT-LS-1GAL,1
2023-06-11 09:35:00,CHL-CT-1LB,1
2023-06-11 08:40:00,AQU-PS-5LB,4
2023-06-11 16:07:00,INT-MA-1GAL,3
2023-06-11 16:38:00,AQU-BA-32OZ,1
2023-06-11 14:22:00,AQU-PS-25LB,1
2023-06-11 18:22:00,AQU-PS-5LB,1
2023-06-11 16:13:00,CHL-CT-21LB,4
2023-06-11 12:56:00,AQU-CT-11LB,1
2023-06-11 12:48:00,INT-BA-32OZ,1
2023-06-11 13:25:00,AQU-PD-5LB,1
2023-06-11 14:10:00,AQU-PS-25LB,3
2023-06-11 10:38:00,INT-CT-25LB,1
2023-06-11 18:23:00,INT-CT-25LB,2
2023-06-11 10:07:00,CHL-PS-17LB,3
2023-06-11 15:39:00,CHL-S-1LB,1
2023-06-11 15:03:00,INT-BA-32OZ,3
2023-06-11 13:44:00,CHL-CT-1LB,4
2023-06-11 14:24:00,INT-BA-32OZ,1
2023-06-11 08:15:00,INT-BA-32OZ,1
2023-06-11 14:06:00,AQU-PS-5LB,2
2023-06-11 14:53:00,INT-CT-25LB,2
2023-06-11 10:19:00,CHL-PS-17LB,1
2023-06-11 16:27:00,INT-CA-32OZ,4
2023-06-11 08:28:00,AQU-BA-32OZ,3
2023-06-11 08:18:00,AQU-PS-25LB,2
2023-06-11 15:55:00,CHL-PS-17LB,1
2023-06-11 18:09:00,AQU-PS-5LB,3
2023-06-11 14:57:00,AQU-PS-5LB,1
2023-06-11 14:01:00,AQU-PS-25LB,1
2023-06-11 10:12:00,AQU-BA-32OZ,1
2023-06-11 13:51:00,CHL-CT-21LB,1
2023-06-11 09:23:00,AQU-PS-25LB,1
2023-06-11 16:23:00,CHL-CT-1LB,1
2023-06-11 08:04:00,INT-LS-1GAL,2
2023-06-11 13:12:00,INT-CHI-7LB,1
2023-06-11 18:00:00,CHL-PS-1LB,2
2023-06-11 09:28:00,CHL-PS-17LB,1
2023-06-11 11:43:00,CHL-CT-1LB,3
2023-06-11 18:05:00,INT-BA-32OZ,1
2023-06-11 14:31:00,CHL-PS-1LB,1
2023-06-11 09:20:00,INT-LS-1GAL,1
2023-06-11 14:03:00,BIO-MA-32OZ,1
2023-06-11 13:33:00,CHL-CT-1LB,1
2023-06-11 15:36:00,CHL-PS-1LB,4
2023-06-11 08:23:00,AQU-PS-5LB,1
2023-06-11 10:11:00,AQU-PS-5LB,1
2023-06-11 12:19:00,AQU-PD-5LB,1
2023-06-11 09:13:00,AQU-CT-11LB,1
2023-06-11 11:37:00,INT-CA-32OZ,1
2023-06-12 15:36:00,AQU-BA-32OZ,1
2023-06-12 12:03:00,CHL-CT-21LB,1
2023-06-12 14:16:00,CHL-CT-21LB,1
2023-06-12 13:13:00,INT-LS-1GAL,1
2023-06-12 09:43:00,AQU-CT-11LB,1
2023-06-12 13:44:00,AQU-PS-5LB,1
2023-06-12 15:37:00,AQU-BA-32OZ,1
2023-06-12 08:20:00,AQU-PS-25LB,3
2023-06-12 15:07:00,INT-BA-32OZ,1
2023-06-12 17:59:00,CHL-CT-1LB,1
2023-06-12 09:48:00,INT-CT-25LB,1
2023-06-12 18:59:00,INT-CT-25LB,2
2023-06-12 16:40:00,INT-LS-1GAL,2
2023-06-12 17:34:00,CHL-CHI-20LB,1
2023-06-12 14:27:00,BIO-MA-32OZ,1
2023-06-12 12:54:00,INT-LS-1GAL,3
2023-06-12 14:37:00,CHL-PS-1LB,1
2023-06-12 11:27:00,AQU-CT-11LB,1
2023-06-12 13:24:00,INT-CT-25LB,1
2023-06-12 09:35:00,AQU-PS-5LB,1
2023-06-12 11:12:00,CHL-CT-21LB,1
2023-06-12 13:45:00,INT-CT-25LB,1
2023-06-12 17:31:00,AQU-PS-25LB,2
2023-06-12 12:40:00,AQU-PS-5LB,1
2023-06-12 18:35:00,INT-CA-32OZ,1
2023-06-12 15:25:00,CHL-CT-21LB,1
2023-06-12 16:00:00,CHL-CT-21LB,1
2023-06-12 13:43:00,CHL-CHI-20LB,1
2023-06-12 15:03:00,INT-CT-25LB,3
2023-06-12 10:15:00,INT-BA-32OZ,1
2023-06-12 15:54:00,INT-CT-25LB,1
2023-06-12 15:51:00,BIO-MA-32OZ,1
2023-06-12 09:34:00,AQU-BA-32OZ,1
2023-06-12 12:15:00,AQU-BA-32OZ,1
2023-06-12 08:51:00,AQU-BA-32OZ,1
2023-06-12 18:06:00,INT-CA-32OZ,1
2023-06-12 17:11:00,INT-BA-32OZ,1
2023-06-12 10:01:00,CHL-PS-17LB,1
2023-06-12 17:23:00,AQU-PS-25LB,1
2023-06-12 14:31:00,INT-CA-32OZ,1
2023-06-12 11:13:00,CHL-CT-21LB,1
2023-06-12 11:54:00,INT-LS-1GAL,4
2023-06-12 10:44:00,CHL-CT-21LB,1
2023-06-12 17:44:00,AQU-PS-5LB,1
2023-06-12 15:13:00,CHL-CT-1LB,1
2023-06-12 18:08:00,CHL-PS-1LB,1
2023-06-12 11:36:00,INT-CT-25LB,1
2023-06-12 14:18:00,INT-CT-25LB,4
2023-06-12 12:02:00,INT-AI-25LB,3
2023-06-12 10:55:00,BIO-MA-32OZ,1
2023-06-12 16:58:00,CHL-PS-17LB,1
2023-06-13 11:48:00,INT-CT-25LB,3
2023-06-13 10:52:00,AQU-PS-25LB,1
2023-06-13 14:59:00,INT-BA-32OZ,1
2023-06-13 15:24:00,AQU-CT-11LB,1
2023-06-13 17:55:00,AQU-CHI-11LB,1
2023-06-13 17:41:00,CHL-CT-21LB,1
2023-06-13 10:16:00,CHL-CT-21LB,1
2023-06-13 10:28:00,CHL-PS-17LB,1
2023-06-13 15:58:00,CHL-PS-1LB,1
2023-06-13 11:39:00,CHL-CT-1LB,3
2023-06-13 10:14:00,CHL-PS-1LB,1
2023-06-13 16:55:00,AQU-BA-32OZ,1
2023-06-13 13:41:00,CHL-PS-1LB,1
2023-06-13 10:02:00,BIO-MA-32OZ,2
2023-06-13 10:15:00,INT-LS-1GAL,1
2023-06-13 18:11:00,CHL-CT-21LB,3
2023-06-13 08:36:00,CHL-PS-1LB,2
2023-06-13 09:16:00,CHL-PS-17LB,1
2023-06-13 08:04:00,CHL-PS-17LB,2
2023-06-13 14:39:00,INT-BA-32OZ,1
2023-06-13 11:14:00,INT-BA-32OZ,1
2023-06-13 10:33:00,BIO-MA-32OZ,1
2023-06-13 12:18:00,AQU-CT-11LB,1
2023-06-13 10:13:00,AQU-CT-11LB,2
2023-06-13 12:31:00,INT-BA-32OZ,2
2023-06-13 18:04:00,INT-LS-1GAL,1
2023-06-13 17:37:00,CHL-CT-1LB,3
2023-06-13 16:09:00,INT-LS-1GAL,1
2023-06-13 17:00:00,INT-CA-32OZ,3
2023-06-13 18:30:00,AQU-CT-11LB,1
2023-06-13 13:52:00,AQU-CT-11LB,1
2023-06-13 13:55:00,INT-BA-32OZ,3
2023-06-13 09:21:00,AQU-PS-5LB,1
2023-06-13 12:44:00,AQU-BA-32OZ,1
2023-06-13 13:08:00,CHL-CT-21LB,3
2023-06-13 14:03:00,AQU-BA-32OZ,1
2023-06-13 15:20:00,CHL-PS-1LB,1
2023-06-13 14:36:00,INT-CT-25LB,1
2023-06-13 17:39:00,CHL-PS-17LB,2
2023-06-13 09:12:00,INT-CA-32OZ,2
2023-06-13 16:14:00,AQU-PS-5LB,1
2023-06-13 09:01:00,BIO-MA-32OZ,2
2023-06-13 08:45:00,BIO-MA-32OZ,4
2023-06-13 14:50:00,AQU-BA-32OZ,1
2023-06-13 12:15:00,INT-LS-1GAL,1
2023-06-13 11:43:00,INT-BA-32OZ,1
2023-06-13 10:11:00,INT-CA-32OZ,1
2023-06-13 14:40:00,BIO-MA-32OZ,1
2023-06-13 10:58:00,CHL-CT-21LB,3
2023-06-13 10:31:00,AQU-PS-5LB,1
2023-06-13 15:29:00,CHL-PS-17LB,3
2023-06-13 15:13:00,BIO-MA-32OZ,3
2023-06-13 11:04:00,AQU-BA-32OZ,2
2023-06-13 14:56:00,CHL-PS-17LB,1
2023-06-13 16:44:00,CHL-CT-21LB,1
2023-06-13 08:25:00,BIO-MA-32OZ,1
2023-06-13 14:59:00,AQU-PS-5LB,1
2023-06-13 12:46:00,CHL-PS-17LB,1
2023-06-13 15:01:00,INT-CT-25LB,2
2023-06-13 15:00:00,CHL-PS-1LB,4
2023-06-13 11:35:00,CHL-PS-1LB,1
2023-06-13 13:03:00,INT-BA-32OZ,1
2023-06-13 11:24:00,AQU-PS-5LB,1
2023-06-13 08:21:00,INT-CT-25LB,3
2023-06-13 17:20:00,CHL-CT-21LB,1
2023-06-13 10:39:00,INT-LS-1GAL,1
2023-06-13 16:50:00,CHL-PS-1LB,3
2023-06-13 12:08:00,AQU-PS-5LB,4
2023-06-13 18:18:00,CHL-PS-17LB,1
2023-06-13 09:46:00,INT-MA-1GAL,1
2023-06-13 08:40:00,INT-CA-32OZ,1
2023-06-14 12:46:00,BIO-MA-32OZ,1
2023-06-14 08:08:00,INT-LS-1GAL,4
2023-06-14 15:17:00,INT-LS-1GAL,1
2023-06-14 08:43:00,AQU-CHI-11LB,1
2023-06-14 18:55:00,CHL-CT-1LB,2
2023-06-14 14:30:00,INT-LS-1GAL,1
2023-06-14 13:32:00,AQU-CT-11LB,2
2023-06-14 10:27:00,CHL-PS-1LB,1
2023-06-14 15:26:00,INT-LS-1GAL,1
2023-06-14 10:23:00,INT-BA-32OZ,1
2023-06-14 17:59:00,INT-CT-25LB,1
2023-06-14 08:53:00,AQU-PS-25LB,1
2023-06-14 14:53:00,CHL-PS-17LB,1
2023-06-14 10:00:00,INT-CT-25LB,1
2023-06-14 08:15:00,CHL-PS-17LB,1
2023-06-14 14:12:00,INT-CHI-7LB,1
2023-06-14 16:42:00,AQU-CT-11LB,2
2023-06-14 13:40:00,CHL-PS-1LB,2
2023-06-14 14:56:00,INT-AI-25LB,1
2023-06-14 12:26:00,BIO-MA-32OZ,1
2023-06-14 09:18:00,CHL-PS-17LB,1
2023-06-14 17:28:00,AQU-PS-5LB,1
2023-06-14 12:20:00,CHL-PS-1LB,2
2023-06-14 17:31:00,AQU-CT-11LB,1
2023-06-14 18:37:00,CHL-PS-17LB,1
2023-06-14 11:06:00,CHL-PS-17LB,2
2023-06-14 16:59:00,CHL-PS-17LB,1
2023-06-14 11:37:00,AQU-PS-25LB,1
2023-06-14 17:43:00,CHL-CT-21LB,1
2023-06-14 15:47:00,INT-BA-32OZ,1
2023-06-14 17:53:00,BIO-MA-32OZ,2
2023-06-14 16:45:00,CHL-CT-21LB,3
2023-06-14 12:53:00,BIO-MA-32OZ,1
2023-06-14 17:50:00,CHL-PS-1LB,1
2023-06-14 09:16:00,CHL-CT-1LB,1
2023-06-14 17:58:00,INT-BA-32OZ,1
2023-06-14 16:27:00,INT-BA-32OZ,1
2023-06-14 08:37:00,AQU-PS-5LB,1
2023-06-14 17:56:00,INT-CT-25LB,1
2023-06-14 13:52:00,INT-CA-32OZ,1
2023-06-14 13:00:00,CHL-PS-17LB,1
2023-06-14 12:38:00,CHL-CT-21LB,1
2023-06-14 18:13:00,CHL-CT-1LB,1
2023-06-14 10:52:00,CHL-PS-1LB,1
2023-06-14 14:49:00,INT-CT-25LB,3
2023-06-15 12:13:00,AQU-PS-25LB,1
2023-06-15 10:08:00,INT-CA-32OZ,3
2023-06-15 11:37:00,AQU-PS-5LB,1
2023-06-15 12:57:00,CHL-PS-17LB,1
2023-06-15 14:06:00,INT-BA-32OZ,4
2023-06-15 10:06:00,INT-BA-32OZ,4
2023-06-15 10:45:00,AQU-CT-11LB,3
2023-06-15 16:37:00,CHL-PS-17LB,1
2023-06-15 16:51:00,INT-BA-32OZ,1
2023-06-15 18:04:00,INT-LS-1GAL,1
2023-06-15 18:55:00,INT-LS-1GAL,1
2023-06-15 09:21:00,INT-LS-1GAL,2
2023-06-15 17:18:00,INT-LS-1GAL,1
2023-06-15 16:59:00,CHL-PS-1LB,2
2023-06-15 13:14:00,INT-CT-25LB,1
2023-06-15 12:01:00,AQU-PS-25LB,1
2023-06-15 08:44:00,INT-CT-25LB,1
2023-06-15 09:11:00,AQU-PS-25LB,1
2023-06-15 18:28:00,AQU-BA-32OZ,1
2023-06-15 14:47:00,CHL-CT-1LB,1
2023-06-15 10:08:00,INT-CT-25LB,1
2023-06-15 11:52:00,CHL-PS-17LB,1
2023-06-15 17:33:00,INT-CT-25LB,1
2023-06-15 12:31:00,CHL-PS-17LB,1
2023-06-15 12:11:00,INT-LS-1GAL,2
2023-06-15 18:10:00,CHL-PS-17LB,1
2023-06-15 13:25:00,BIO-MA-32OZ,2
2023-06-15 15:47:00,INT-BA-32OZ,1
2023-06-15 16:44:00,BIO-MA-32OZ,2
2023-06-15 15:04:00,INT-CA-32OZ,1
2023-06-15 16:49:00,CHL-PS-1LB,1
2023-06-15 16:33:00,INT-MA-1GAL,2
2023-06-15 10:58:00,BIO-MA-32OZ,1
2023-06-15 10:13:00,INT-LS-1GAL,1
2023-06-15 15:33:00,INT-CA-32OZ,1
2023-06-15 18:34:00,INT-MA-1GAL,1
2023-06-15 18:30:00,CHL-PS-1LB,3
2023-06-15 08:21:00,CHL-PS-17LB,1
2023-06-15 18:34:00,AQU-BA-32OZ,1
2023-06-15 12:04:00,BIO-MA-32OZ,1
2023-06-16 08:24:00,AQU-CT-11LB,1
2023-06-16 09:46:00,BIO-PU-5LB,2
2023-06-16 11:44:00,CHL-S-1LB,1
2023-06-16 12:36:00,CHL-CT-21LB,1
2023-06-16 18:23:00,INT-CHI-7LB,1
2023-06-16 14:19:00,CHL-CT-1LB,1
2023-06-16 15:47:00,CHL-CT-1LB,3
2023-06-16 17:38:00,CHL-CT-1LB,3
2023-06-16 16:55:00,AQU-CT-11LB,3
2023-06-16 12:25:00,CHL-CT-21LB,1
2023-06-16 08:48:00,AQU-CT-11LB,1
2023-06-16 18:20:00,AQU-PS-25LB,1
2023-06-16 16:27:00,CHL-PS-17LB,1
2023-06-16 18:28:00,INT-CT-25LB,1
2023-06-16 17:17:00,INT-CA-32OZ,4
2023-06-16 17:49:00,CHL-CT-1LB,1
2023-06-16 14:12:00,CHL-PS-17LB,1
2023-06-16 18:34:00,INT-CA-32OZ,1
2023-06-16 11:00:00,CHL-PS-17LB,1
2023-06-16 17:54:00,BIO-MA-32OZ,1
2023-06-16 15:09:00,INT-MA-1GAL,3
2023-06-16 11:25:00,CHL-PS-17LB,1
2023-06-16 09:03:00,CHL-CT-1LB,1
2023-06-16 16:03:00,CHL-CT-21LB,1
2023-06-16 17:56:00,AQU-PS-5LB,1
2023-06-16 10:26:00,AQU-BA-32OZ,3
2023-06-16 09:24:00,AQU-PS-5LB,1
2023-06-16 14:08:00,AQU-PS-5LB,3
2023-06-16 08:06:00,CHL-S-1LB,1
2023-06-16 14:20:00,INT-LS-1GAL,1
2023-06-16 13:57:00,CHL-CT-21LB,1
2023-06-16 13:46:00,CHL-CT-21LB,4
2023-06-16 15:43:00,AQU-PS-5LB,2
2023-06-16 16:26:00,INT-LS-1GAL,1
2023-06-16 12:21:00,INT-CA-32OZ,3
2023-06-16 15:42:00,INT-CA-32OZ,2
2023-06-16 16:25:00,INT-CA-32OZ,1
2023-06-16 13:20:00,INT-CA-32OZ,2
2023-06-16 13:56:00,CHL-CT-21LB,1
2023-06-16 15:22:00,INT-CA-32OZ,2
2023-06-16 09:11:00,INT-LS-1GAL,2
2023-06-16 12:30:00,BIO-MA-32OZ,1
2023-06-16 14:17:00,INT-CA-32OZ,1
2023-06-16 08:00:00,AQU-PS-5LB,1
2023-06-16 08:24:00,AQU-BA-32OZ,1
2023-06-16 16:28:00,BIO-MA-32OZ,1
2023-06-16 13:33:00,AQU-BA-32OZ,2
2023-06-16 14:51:00,AQU-BA-32OZ,2
2023-06-16 16:54:00,BIO-MA-32OZ,1
2023-06-16 10:18:00,INT-LS-1GAL,1
2023-06-16 18:03:00,INT-CA-32OZ,1
2023-06-16 13:04:00,CHL-PS-17LB,3
2023-06-16 14:24:00,INT-CA-32OZ,3
2023-06-17 13:06:00,AQU-PS-5LB,1
2023-06-17 10:11:00,INT-LS-1GAL,1
2023-06-17 12:55:00,INT-LS-1GAL,1
2023-06-17 12:16:00,AQU-PS-5LB,1
2023-06-17 09:49:00,CHL-CT-1LB,1
2023-06-17 16:37:00,INT-BA-32OZ,2
2023-06-17 17:30:00,BIO-MA-32OZ,1
2023-06-17 12:00:00,INT-AI-5LB,3
2023-06-17 10:51:00,CHL-CT-21LB,1
2023-06-17 11:12:00,CHL-PS-1LB,2
2023-06-17 16:26:00,INT-CT-25LB,3
2023-06-17 16:27:00,INT-CT-25LB,4
2023-06-17 08:32:00,AQU-BA-32OZ,4
2023-06-17 11:53:00,INT-LS-1GAL,1
2023-06-17 13:52:00,BIO-MA-32OZ,2
2023-06-17 15:55:00,AQU-PS-25LB,2
2023-06-17 08:46:00,INT-CT-25LB,1
2023-06-17 09:28:00,CHL-CT-21LB,3
2023-06-17 08:15:00,CHL-CT-21LB,2
2023-06-17 14:12:00,CHL-PS-1LB,2
2023-06-17 08:56:00,INT-MA-1GAL,1
2023-06-17 17:19:00,INT-LS-1GAL,1
2023-06-17 12:09:00,CHL-PU-2LB,1
2023-06-17 11:32:00,CHL-CT-1LB,1
2023-06-17 18:26:00,CHL-CT-21LB,1
2023-06-17 08:11:00,INT-MA-1GAL,1
2023-06-17 08:51:00,INT-CT-25LB,3
2023-06-17 13:46:00,INT-LS-1GAL,1
2023-06-17 08:34:00,INT-CA-32OZ,1
2023-06-17 17:47:00,CHL-PS-17LB,1
2023-06-17 16:14:00,CHL-CT-1LB,1
2023-06-17 08:38:00,HTH-AI-11LB,1
2023-06-17 12:47:00,AQU-BA-32OZ,1
2023-06-17 09:13:00,INT-MA-1GAL,2
2023-06-17 12:42:00,BIO-MA-32OZ,1
2023-06-17 17:00:00,AQU-CT-11LB,1
2023-06-17 17:49:00,BIO-MA-32OZ,2
2023-06-17 14:40:00,AQU-PS-5LB,3
2023-06-17 09:52:00,INT-MA-1GAL,1
2023-06-17 17:30:00,CHL-PS-17LB,2
2023-06-17 17:31:00,CHL-CT-21LB,2
2023-06-17 17:56:00,BIO-MA-32OZ,1
2023-06-17 15:08:00,INT-CT-25LB,1
2023-06-17 12:21:00,INT-MA-1GAL,1
2023-06-17 10:35:00,CHL-PS-17LB,3
2023-06-17 12:07:00,CHL-PS-17LB,1
2023-06-17 11:23:00,INT-LS-1GAL,1
2023-06-17 14:39:00,INT-CT-25LB,1
2023-06-17 12:33:00,HTH-AI-11LB,1
2023-06-17 08:19:00,CHL-CT-1LB,1
2023-06-17 13:58:00,INT-CT-25LB,1
2023-06-17 08:29:00,AQU-PS-5LB,3
2023-06-18 14:48:00,AQU-CT-11LB,1
2023-06-18 15:19:00,AQU-PS-5LB,1
2023-06-18 16:00:00,CHL-PS-17LB,1
2023-06-18 17:20:00,CHL-CT-1LB,1
2023-06-18 15:40:00,INT-CT-25LB,1
2023-06-18 18:14:00,BIO-PU-5LB,2
2023-06-18 17:16:00,HTH-S-5LB,1
2023-06-18 18:01:00,INT-BA-32OZ,1
2023-06-18 13:37:00,BIO-MA-32OZ,1
2023-06-18 18:48:00,INT-LS-1GAL,1
2023-06-18 16:02:00,INT-CT-25LB,1
2023-06-18 10:42:00,AQU-PS-5LB,1
2023-06-18 14:00:00,BIO-PU-5LB,3
2023-06-18 10:45:00,INT-CT-25LB,1
2023-06-18 17:16:00,AQU-PS-5LB,1
2023-06-18 12:09:00,AQU-PS-25LB,1
2023-06-18 18:55:00,INT-CA-32OZ,1
2023-06-18 08:51:00,AQU-PS-5LB,1
2023-06-18 11:05:00,CHL-PS-17LB,2
2023-06-18 13:58:00,CHL-PS-17LB,1
2023-06-18 16:38:00,INT-BA-32OZ,1
2023-06-18 10:21:00,AQU-PS-5LB,1
2023-06-18 16:17:00,CHL-PS-1LB,1
2023-06-18 17:53:00,INT-CA-32OZ,1
2023-06-18 08:29:00,AQU-CT-11LB,3
2023-06-18 11:54:00,AQU-CT-11LB,4
2023-06-18 12:09:00,CHL-PS-17LB,2
2023-06-18 08:14:00,INT-BA-32OZ,3
2023-06-19 15:42:00,AQU-PS-5LB,1
2023-06-19 15:30:00,AQU-PS-5LB,3
2023-06-19 12:34:00,AQU-CT-11LB,3
2023-06-19 14:29:00,INT-LS-1GAL,1
2023-06-19 13:39:00,INT-LS-1GAL,1
2023-06-19 13:07:00,AQU-BA-32OZ,1
2023-06-19 18:19:00,AQU-BA-32OZ,1
2023-06-19 09:32:00,INT-BA-32OZ,2
2023-06-19 14:47:00,AQU-PS-25LB,1
2023-06-19 12:58:00,CHL-CT-1LB,1
2023-06-19 18:33:00,AQU-BA-32OZ,4
2023-06-19 10:12:00,INT-CA-32OZ,2
2023-06-19 08:32:00,AQU-PS-25LB,1
2023-06-19 16:48:00,BIO-MA-32OZ,1
2023-06-19 10:53:00,INT-BA-32OZ,2
2023-06-19 17:20:00,CHL-CT-1LB,1
2023-06-19 18:33:00,BIO-MA-32OZ,1
2023-06-19 14:44:00,BIO-MA-32OZ,1
2023-06-19 16:51:00,AQU-PS-25LB,1
2023-06-19 12:06:00,INT-CA-32OZ,1
2023-06-19 17:26:00,CHL-CT-1LB,1
2023-06-19 10:15:00,CHL-CT-21LB,1
2023-06-19 18:49:00,CHL-CT-1LB,1
2023-06-19 11:10:00,CHL-CT-1LB,1
2023-06-19 14:01:00,CHL-PS-17LB,1
2023-06-19 18:23:00,CHL-CT-1LB,1
2023-06-19 16:24:00,HTH-F-2LB,1
2023-06-19 17:48:00,INT-BA-32OZ,1
2023-06-19 12:10:00,BIO-MA-32OZ,3
2023-06-19 15:26:00,CHL-CT-1LB,2
2023-06-19 15:18:00,AQU-PS-25LB,1
2023-06-19 16:13:00,INT-LS-1GAL,1
2023-06-19 09:54:00,CHL-CT-1LB,1
2023-06-19 15:12:00,CHL-CT-1LB,2
2023-06-20 14:25:00,CHL-PS-1LB,1
2023-06-20 10:53:00,CHL-CT-21LB,1
2023-06-20 17:13:00,AQU-BA-32OZ,1
2023-06-20 18:41:00,CHL-PS-1LB,1
2023-06-20 18:05:00,AQU-CHI-11LB,1
2023-06-20 13:05:00,CHL-CT-1LB,1
2023-06-20 16:59:00,AQU-CT-11LB,1
2023-06-20 09:29:00,INT-BA-32OZ,1
2023-06-20 16:32:00,AQU-PS-25LB,1
2023-06-20 10:18:00,INT-CA-32OZ,1
2023-06-20 10:56:00,BIO-MA-32OZ,1
2023-06-20 14:52:00,INT-BA-32OZ,1
2023-06-20 13:52:00,INT-LS-1GAL,1
2023-06-20 13:36:00,BIO-MA-32OZ,1
2023-06-20 12:26:00,BIO-MA-32OZ,1
2023-06-20 17:35:00,INT-LS-1GAL,3
2023-06-20 17:53:00,CHL-CT-21LB,1
2023-06-20 08:59:00,CHL-CT-21LB,1
2023-06-20 14:59:00,AQU-BA-32OZ,1
2023-06-20 10:15:00,CHL-PS-1LB,3
2023-06-21 10:14:00,BIO-MA-32OZ,1
2023-06-21 18:30:00,CHL-PS-17LB,1
2023-06-21 09:28:00,AQU-PS-5LB,1
2023-06-21 17:32:00,AQU-PS-5LB,1
2023-06-21 17:01:00,CHL-PS-1LB,1
2023-06-21 10:56:00,INT-BA-32OZ,1
2023-06-21 10:14:00,CHL-PS-17LB,1
2023-06-21 15:43:00,INT-LS-1GAL,1
2023-06-21 17:03:00,INT-BA-32OZ,1
2023-06-21 08:45:00,INT-CA-32OZ,2
2023-06-21 14:20:00,AQU-CT-11LB,1
2023-06-21 12:55:00,BIO-MA-32OZ,2
2023-06-21 16:40:00,INT-CHI-7LB,1
2023-06-21 18:28:00,AQU-BA-32OZ,1
2023-06-21 08:42:00,CHL-CT-1LB,1
2023-06-21 16:17:00,AQU-CT-11LB,1
2023-06-21 15:28:00,CHL-PS-17LB,3
2023-06-21 17:20:00,CHL-CT-21LB,3
2023-06-21 12:04:00,CHL-PS-1LB,1
2023-06-21 18:50:00,CHL-CT-1LB,1
2023-06-21 15:26:00,INT-CA-32OZ,1
2023-06-21 15:20:00,CHL-PS-17LB,2
2023-06-21 13:12:00,CHL-CT-21LB,1
2023-06-21 17:33:00,AQU-CT-11LB,1
2023-06-21 09:52:00,INT-BA-32OZ,1
2023-06-21 16:34:00,INT-CT-25LB,1
2023-06-21 17:43:00,INT-CA-32OZ,3
2023-06-21 08:53:00,AQU-CT-11LB,1
2023-06-21 15:47:00,AQU-PS-5LB,1
2023-06-21 11:29:00,CHL-PS-1LB,2
2023-06-21 16:04:00,BIO-MA-32OZ,1
2023-06-21 13:37:00,AQU-PS-25LB,1
2023-06-21 09:20:00,AQU-BA-32OZ,3
2023-06-21 15:38:00,AQU-PS-25LB,1
2023-06-21 08:35:00,AQU-PS-25LB,1
2023-06-21 17:19:00,CHL-PS-1LB,1
2023-06-21 13:32:00,CHL-PS-17LB,1
2023-06-22 18:24:00,INT-BA-32OZ,1
2023-06-22 10:25:00,AQU-BA-32OZ,1
2023-06-22 16:13:00,INT-LS-1GAL,1
2023-06-22 16:16:00,AQU-PS-25LB,1
2023-06-22 16:32:00,INT-LS-1GAL,3
2023-06-22 15:26:00,INT-BA-32OZ,3
2023-06-22 11:33:00,AQU-PS-5LB,1
2023-06-22 08:55:00,AQU-PS-25LB,2
2023-06-22 10:01:00,INT-AI-5LB,2
2023-06-22 18:30:00,CHL-PS-1LB,1
2023-06-22 14:05:00,CHL-PS-1LB,1
2023-06-22 10:15:00,AQU-PS-5LB,1
2023-06-22 17:25:00,INT-LS-1GAL,1
2023-06-22 18:06:00,CHL-CT-1LB,2
2023-06-22 10:07:00,CHL-PS-17LB,1
2023-06-22 18:50:00,INT-CT-25LB,1
2023-06-22 18:38:00,CHL-PS-17LB,3
2023-06-22 08:40:00,INT-LS-1GAL,1
2023-06-22 13:47:00,CHL-CT-1LB,1
2023-06-22 09:35:00,CHL-CT-21LB,1
2023-06-22 16:06:00,AQU-PS-25LB,3
2023-06-22 10:59:00,INT-LS-1GAL,1
2023-06-22 17:41:00,INT-LS-1GAL,1
2023-06-22 16:33:00,AQU-PS-25LB,2
2023-06-22 18:24:00,INT-CA-32OZ,1
2023-06-22 18:50:00,CHL-PS-1LB,3
2023-06-22 09:32:00,AQU-BA-32OZ,1
2023-06-22 10:52:00,CHL-CT-21LB,2
2023-06-22 08:41:00,AQU-PS-5LB,1
2023-06-22 15:00:00,AQU-CT-11LB,2
2023-06-22 14:24:00,CHL-PS-1LB,1
2023-06-22 17:02:00,CHL-CT-21LB,2
2023-06-22 09:03:00,INT-BA-32OZ,3
2023-06-22 15:37:00,AQU-BA-32OZ,1
2023-06-22 10:14:00,AQU-PS-5LB,1
2023-06-22 15:49:00,AQU-BA-32OZ,1
2023-06-22 10:37:00,CHL-CT-21LB,1
2023-06-22 16:09:00,CHL-PS-1LB,1
2023-06-22 14:35:00,INT-BA-32OZ,1
2023-06-22 17:57:00,AQU-BA-32OZ,1
2023-06-22 11:14:00,AQU-PS-5LB,3
2023-06-22 12:57:00,CHL-CT-21LB,1
2023-06-22 16:42:00,INT-CA-32OZ,3
2023-06-22 14:42:00,INT-BA-32OZ,2
2023-06-23 15:58:00,INT-LS-1GAL,1
2023-06-23 08:15:00,AQU-BA-32OZ,1
2023-06-23 13:02:00,AQU-PS-25LB,1
2023-06-23 14:31:00,INT-BA-32OZ,1
2023-06-23 13:29:00,INT-BA-32OZ,1
2023-06-23 16:39:00,INT-LS-1GAL,1
2023-06-23 14:55:00,CHL-PS-17LB,1
2023-06-23 16:50:00,AQU-BA-32OZ,1
2023-06-23 11:12:00,CHL-CT-21LB,1
2023-06-23 13:22:00,INT-LS-1GAL,1
2023-06-23 15:00:00,CHL-PS-17LB,1
2023-06-23 15:28:00,CHL-CT-1LB,1
2023-06-23 11:47:00,AQU-PS-5LB,1
2023-06-23 09:49:00,HTH-S-5LB,4
2023-06-23 10:53:00,AQU-CT-11LB,2
2023-06-23 18:57:00,INT-BA-32OZ,1
2023-06-23 11:06:00,INT-LS-1GAL,1
2023-06-23 13:21:00,INT-CT-25LB,1
2023-06-23 13:40:00,BIO-PU-5LB,2
2023-06-23 08:43:00,AQU-BA-32OZ,3
2023-06-23 13:28:00,BIO-MA-32OZ,1
2023-06-23 18:57:00,AQU-PS-25LB,1
2023-06-23 08:22:00,INT-BA-32OZ,1
2023-06-23 10:41:00,AQU-BA-32OZ,4
2023-06-23 09:33:00,INT-CT-25LB,1
2023-06-23 15:39:00,BIO-MA-32OZ,1
2023-06-23 17:43:00,AQU-PS-5LB,2
2023-06-23 11:33:00,INT-CA-32OZ,1
2023-06-23 12:45:00,AQU-BA-32OZ,1
2023-06-23 12:16:00,INT-BA-32OZ,1
2023-06-23 08:19:00,CHL-PS-17LB,1
2023-06-23 13:32:00,CHL-PU-2LB,1
2023-06-23 16:13:00,CHL-PS-17LB,1
2023-06-23 09:04:00,AQU-PS-5LB,3
2023-06-23 12:04:00,AQU-PS-5LB,1
2023-06-23 12:56:00,INT-LS-1GAL,2
2023-06-23 15:03:00,INT-CT-25LB,1
2023-06-24 09:48:00,INT-BA-32OZ,2
2023-06-24 10:59:00,CHL-PS-1LB,1
2023-06-24 11:41:00,CHL-PS-1LB,4
2023-06-24 13:54:00,INT-AI-25LB,1
2023-06-24 08:12:00,INT-LS-1GAL,1
2023-06-24 14:34:00,INT-LS-1GAL,1
2023-06-24 15:07:00,INT-CA-32OZ,3
2023-06-24 13:40:00,INT-CA-32OZ,1
2023-06-24 14:52:00,INT-CA-32OZ,2
2023-06-24 16:38:00,AQU-CT-11LB,1
2023-06-24 09:47:00,INT-LS-1GAL,1
2023-06-24 08:37:00,CHL-S-1LB,1
2023-06-24 18:28:00,AQU-BA-32OZ,1
2023-06-24 15:39:00,BIO-MA-32OZ,3
2023-06-24 15:34:00,INT-CT-25LB,3
2023-06-24 08:55:00,INT-CT-25LB,1
2023-06-24 10:14:00,AQU-PS-25LB,1
2023-06-24 18:19:00,AQU-BA-32OZ,1
2023-06-24 18:17:00,INT-CT-25LB,2
2023-06-24 13:27:00,AQU-PS-5LB,1
2023-06-24 16:18:00,CHL-CT-1LB,1
2023-06-24 12:26:00,CHL-PS-17LB,1
2023-06-24 15:36:00,AQU-PS-5LB,1
2023-06-24 12:01:00,INT-BA-32OZ,2
2023-06-24 11:52:00,CHL-CT-21LB,4
2023-06-24 14:46:00,AQU-BA-32OZ,4
2023-06-24 14:19:00,CHL-CT-1LB,3
2023-06-24 08:04:00,INT-CA-32OZ,1
2023-06-24 14:13:00,AQU-PS-5LB,1
2023-06-24 10:39:00,AQU-PS-5LB,1
2023-06-24 13:30:00,CHL-CT-21LB,1
2023-06-24 11:48:00,BIO-PD-2LB,1
2023-06-24 15:32:00,INT-BA-32OZ,1
2023-06-24 18:13:00,INT-BA-32OZ,1
2023-06-24 09:22:00,AQU-BA-32OZ,1
2023-06-24 17:31:00,AQU-CT-11LB,1
2023-06-24 13:28:00,BIO-MA-32OZ,4
2023-06-24 10:38:00,INT-LS-1GAL,1
2023-06-24 18:09:00,INT-CA-32OZ,3
2023-06-24 18:28:00,CHL-CT-21LB,1
2023-06-24 11:06:00,CHL-CT-1LB,1
2023-06-24 16:25:00,CHL-CT-1LB,1
2023-06-24 16:49:00,CHL-PS-1LB,1
2023-06-24 11:45:00,CHL-CHI-20LB,3
2023-06-24 08:08:00,INT-BA-32OZ,2
2023-06-24 17:53:00,AQU-PS-25LB,1
2023-06-25 16:23:00,CHL-PS-1LB,2
2023-06-25 18:19:00,INT-AI-5LB,3
2023-06-25 18:10:00,CHL-CT-21LB,2
2023-06-25 11:14:00,INT-MA-1GAL,1
2023-06-25 10:19:00,BIO-MA-32OZ,1
2023-06-25 09:24:00,AQU-BA-32OZ,1
2023-06-25 13:04:00,CHL-PS-17LB,2
2023-06-25 16:22:00,CHL-PS-17LB,1
2023-06-25 18:47:00,CHL-CT-21LB,2
2023-06-25 12:34:00,AQU-PS-25LB,2
2023-06-25 11:37:00,BIO-MA-32OZ,1
2023-06-25 14:51:00,INT-BA-32OZ,1
2023-06-25 14:01:00,CHL-CT-1LB,1
2023-06-25 15:58:00,CHL-PS-17LB,1
2023-06-25 11:19:00,CHL-CT-1LB,2
2023-06-25 12:50:00,INT-CT-25LB,3
2023-06-25 14:54:00,CHL-PS-17LB,1
2023-06-25 15:45:00,CHL-CT-21LB,1
2023-06-25 12:24:00,BIO-MA-32OZ,1
2023-06-25 10:46:00,AQU-CT-11LB,1
2023-06-25 09:22:00,CHL-CT-1LB,1
2023-06-25 18:36:00,CHL-PS-1LB,1
2023-06-25 13:34:00,CHL-CT-21LB,1
2023-06-25 12:41:00,BIO-MA-32OZ,1
2023-06-25 09:58:00,AQU-PS-5LB,1
2023-06-25 18:31:00,CHL-CT-1LB,1
2023-06-25 12:47:00,CHL-PS-17LB,1
2023-06-25 17:07:00,INT-LS-1GAL,2
2023-06-25 14:04:00,BIO-MA-32OZ,1
2023-06-25 15:00:00,AQU-PS-5LB,1
2023-06-25 13:00:00,BIO-MA-32OZ,4
2023-06-25 10:57:00,CHL-PS-1LB,1
2023-06-25 10:04:00,INT-CA-32OZ,2
2023-06-25 16:42:00,CHL-PS-1LB,1
2023-06-25 09:25:00,INT-LS-1GAL,1
2023-06-25 17:35:00,AQU-CT-11LB,1
2023-06-25 09:41:00,INT-CA-32OZ,2
2023-06-25 12:57:00,BIO-MA-32OZ,1
2023-06-25 09:14:00,CHL-PS-1LB,1
2023-06-25 12:53:00,AQU-CT-11LB,1
2023-06-25 12:42:00,CHL-CT-1LB,1
2023-06-25 15:24:00,CHL-CT-21LB,1
2023-06-25 08:45:00,INT-CT-25LB,1
2023-06-25 17:16:00,BIO-MA-32OZ,1
2023-06-25 16:13:00,AQU-PS-5LB,1
2023-06-25 15:51:00,INT-BA-32OZ,1
2023-06-25 15:18:00,BIO-MA-32OZ,1
2023-06-25 08:47:00,CHL-CT-21LB,3
2023-06-25 10:37:00,INT-CT-25LB,1
2023-06-25 10:34:00,CHL-PS-1LB,1
2023-06-25 14:18:00,INT-CT-25LB,1
2023-06-25 18:40:00,CHL-CT-1LB,3
2023-06-25 11:12:00,INT-LS-1GAL,1
2023-06-25 08:51:00,INT-CT-25LB,1
2023-06-25 10:27:00,AQU-CT-11LB,1
2023-06-25 18:22:00,AQU-BA-32OZ,1
2023-06-25 08:36:00,CHL-CT-21LB,1
2023-06-25 18:37:00,CHL-PS-1LB,2
2023-06-26 10:07:00,INT-CA-32OZ,3
2023-06-26 16:57:00,CHL-CT-1LB,2
2023-06-26 11:26:00,AQU-PS-25LB,1
2023-06-26 14:28:00,AQU-PS-5LB,1
2023-06-26 15:07:00,AQU-PS-5LB,1
2023-06-26 17:47:00,CHL-PS-1LB,1
2023-06-26 14:26:00,INT-LS-1GAL,2
2023-06-26 14:27:00,CHL-PS-1LB,1
2023-06-26 09:00:00,CHL-CT-1LB,1
2023-06-26 10:20:00,AQU-PS-5LB,4
2023-06-26 14:58:00,INT-LS-1GAL,2
2023-06-26 11:17:00,AQU-PS-25LB,3
2023-06-26 10:51:00,CHL-CT-1LB,3
2023-06-26 08:08:00,INT-LS-1GAL,1
2023-06-26 10:08:00,CHL-CT-21LB,1
2023-06-26 18:44:00,AQU-PS-5LB,1
2023-06-26 11:17:00,BIO-MA-32OZ,1
2023-06-26 17:37:00,AQU-CT-11LB,1
2023-06-26 16:02:00,INT-BA-32OZ,1
2023-06-26 09:57:00,INT-CT-25LB,1
2023-06-26 11:46:00,AQU-PS-25LB,1
2023-06-26 15:27:00,AQU-BA-32OZ,1
2023-06-26 16:14:00,CHL-PS-17LB,1
2023-06-26 14:31:00,CHL-CT-1LB,1
2023-06-26 13:39:00,HTH-F-2LB,4
2023-06-26 08:06:00,CHL-CT-1LB,1
2023-06-26 15:55:00,AQU-BA-32OZ,1
2023-06-26 15:39:00,AQU-CT-11LB,1
2023-06-26 09:20:00,INT-LS-1GAL,4
2023-06-26 10:40:00,INT-CA-32OZ,1
2023-06-26 12:17:00,BIO-MA-32OZ,1
2023-06-26 14:07:00,AQU-BA-32OZ,1
2023-06-26 12:18:00,AQU-PS-25LB,1
2023-06-26 08:39:00,CHL-CT-21LB,1
2023-06-26 10:13:00,CHL-PS-17LB,4
2023-06-26 11:49:00,AQU-BA-32OZ,1
2023-06-26 13:04:00,AQU-BA-32OZ,3
2023-06-26 15:19:00,INT-BA-32OZ,1
2023-06-26 14:58:00,AQU-BA-32OZ,1
2023-06-26 13:27:00,AQU-PS-5LB,1
2023-06-26 12:08:00,AQU-CT-11LB,3
2023-06-26 14:52:00,INT-BA-32OZ,3
2023-06-26 08:07:00,INT-CA-32OZ,1
2023-06-26 16:24:00,INT-CA-32OZ,1
2023-06-26 11:31:00,CHL-CT-1LB,2
2023-06-26 10:24:00,INT-CT-25LB,2
2023-06-26 11:04:00,AQU-PS-25LB,2
2023-06-26 17:37:00,CHL-PS-17LB,1
2023-06-26 13:47:00,AQU-CT-11LB,1
2023-06-26 18:24:00,AQU-PS-5LB,1
2023-06-26 17:40:00,INT-BA-32OZ,1
2023-06-26 13:22:00,CHL-CT-21LB,1
2023-06-26 17:48:00,INT-MA-1GAL,3
2023-06-26 10:40:00,CHL-CT-1LB,1
2023-06-26 10:31:00,CHL-CT-21LB,1
2023-06-26 18:28:00,INT-LS-1GAL,1
2023-06-26 14:54:00,AQU-PS-25LB,1
2023-06-26 12:51:00,CHL-CT-1LB,1
2023-06-26 09:19:00,AQU-BA-32OZ,3
2023-06-26 17:02:00,AQU-BA-32OZ,1
2023-06-26 08:13:00,CHL-PS-1LB,1
2023-06-26 16:20:00,AQU-PS-25LB,1
2023-06-26 08:11:00,AQU-BA-32OZ,4
2023-06-26 13:21:00,BIO-MA-32OZ,2
2023-06-26 09:46:00,INT-CT-25LB,2
2023-06-26 11:53:00,INT-MA-1GAL,1
2023-06-26 12:49:00,CHL-PS-17LB,1
2023-06-26 12:59:00,INT-CT-25LB,1
2023-06-26 18:16:00,AQU-BA-32OZ,1
2023-06-26 16:25:00,INT-BA-32OZ,1
2023-06-26 15:09:00,CHL-CT-21LB,1
2023-06-26 10:34:00,INT-CA-32OZ,1
2023-06-26 16:14:00,INT-AI-25LB,1
2023-06-26 17:00:00,INT-BA-32OZ,3
2023-06-26 12:30:00,CHL-CHI-20LB,1
2023-06-26 11:14:00,BIO-MA-32OZ,1
2023-06-26 09:16:00,AQU-CT-11LB,1
2023-06-26 13:17:00,INT-CT-25LB,1
2023-06-26 14:46:00,INT-CT-25LB,1
2023-06-26 09:23:00,INT-CT-25LB,1
2023-06-26 18:30:00,BIO-MA-32OZ,1
2023-06-26 12:37:00,AQU-CT-11LB,4
2023-06-26 11:09:00,INT-LS-1GAL,1
2023-06-27 09:16:00,INT-BA-32OZ,1
2023-06-27 17:29:00,CHL-CT-1LB,2
2023-06-27 16:33:00,AQU-PS-25LB,1
2023-06-27 15:37:00,INT-CT-25LB,1
2023-06-27 13:13:00,INT-CA-32OZ,3
2023-06-27 09:08:00,CHL-CT-1LB,2
2023-06-27 08:18:00,INT-CA-32OZ,1
2023-06-27 08:37:00,INT-AI-5LB,3
2023-06-27 13:18:00,INT-LS-1GAL,1
2023-06-27 11:28:00,INT-CA-32OZ,1
2023-06-27 15:41:00,AQU-BA-32OZ,1
2023-06-27 14:27:00,INT-BA-32OZ,1
2023-06-27 09:32:00,CHL-CT-1LB,1
2023-06-27 11:03:00,INT-CA-32OZ,1
2023-06-27 16:51:00,AQU-PS-5LB,1
2023-06-27 13:32:00,AQU-CT-11LB,2
2023-06-27 08:03:00,INT-CA-32OZ,1
2023-06-27 09:46:00,AQU-PS-5LB,1
2023-06-27 16:30:00,AQU-PS-25LB,2
2023-06-27 11:05:00,CHL-PS-17LB,1
2023-06-27 12:13:00,INT-BA-32OZ,4
2023-06-27 17:05:00,HTH-F-2LB,4
2023-06-27 13:05:00,INT-CA-32OZ,2
2023-06-27 09:16:00,INT-CA-32OZ,3
2023-06-27 11:27:00,INT-MA-1GAL,1
2023-06-27 15:34:00,CHL-CT-1LB,1
2023-06-27 14:10:00,INT-BA-32OZ,2
2023-06-27 18:06:00,AQU-BA-32OZ,1
2023-06-27 08:31:00,CHL-CT-1LB,4
2023-06-27 16:04:00,AQU-PS-25LB,1
2023-06-27 16:29:00,INT-CA-32OZ,1
2023-06-27 09:02:00,CHL-CT-1LB,1
2023-06-27 17:42:00,CHL-PS-17LB,1
2023-06-27 14:40:00,CHL-CT-1LB,1
2023-06-27 16:20:00,CHL-PS-17LB,2
2023-06-27 14:19:00,INT-LS-1GAL,1
2023-06-27 10:21:00,AQU-PS-25LB,1
2023-06-27 15:53:00,AQU-CT-11LB,1
2023-06-27 08:26:00,INT-AI-5LB,3
2023-06-27 18:35:00,INT-CT-25LB,1
2023-06-27 18:53:00,INT-CT-25LB,1
2023-06-27 08:09:00,INT-CA-32OZ,1
2023-06-27 14:52:00,BIO-MA-32OZ,3
2023-06-27 17:42:00,CHL-CT-1LB,1
2023-06-27 11:15:00,INT-CT-25LB,1
2023-06-27 09:23:00,BIO-PD-2LB,1
2023-06-27 12:11:00,CHL-PS-17LB,2
2023-06-27 11:00:00,AQU-PS-25LB,1
2023-06-27 14:02:00,CHL-CT-21LB,1
2023-06-27 08:11:00,INT-CT-25LB,1
2023-06-27 11:03:00,AQU-PS-5LB,1
2023-06-27 10:32:00,CHL-CT-1LB,4
2023-06-27 14:55:00,CHL-PS-1LB,1
2023-06-27 13:41:00,INT-MA-1GAL,4
2023-06-27 13:58:00,BIO-MA-32OZ,1
2023-06-27 08:43:00,CHL-CT-21LB,1
2023-06-27 13:58:00,BIO-MA-32OZ,1
2023-06-27 10:10:00,CHL-PS-17LB,1
2023-06-27 12:47:00,CHL-PS-17LB,1
2023-06-27 09:06:00,BIO-MA-32OZ,2
2023-06-27 12:50:00,AQU-CT-11LB,3
2023-06-28 14:26:00,AQU-CT-11LB,1
2023-06-28 15:02:00,AQU-PS-5LB,1
2023-06-28 09:20:00,INT-MA-1GAL,3
2023-06-28 09:16:00,AQU-CT-11LB,1
2023-06-28 13:47:00,CHL-PS-17LB,1
2023-06-28 17:36:00,CHL-PS-17LB,1
2023-06-28 10:01:00,INT-BA-32OZ,1
2023-06-28 09:55:00,INT-LS-1GAL,2
2023-06-28 14:27:00,BIO-MA-32OZ,1
2023-06-28 11:13:00,AQU-PS-5LB,3
2023-06-28 16:09:00,INT-BA-32OZ,1
2023-06-28 10:08:00,INT-CT-25LB,1
2023-06-28 10:17:00,INT-BA-32OZ,1
2023-06-28 08:02:00,AQU-CT-11LB,2
2023-06-28 13:14:00,INT-CT-25LB,1
2023-06-28 17:08:00,CHL-PS-1LB,1
2023-06-28 10:42:00,AQU-CT-11LB,1
2023-06-28 10:03:00,INT-BA-32OZ,1
2023-06-28 13:24:00,INT-BA-32OZ,2
2023-06-28 10:41:00,AQU-PS-5LB,1
2023-06-28 08:06:00,CHL-S-1LB,1
2023-06-28 18:47:00,AQU-BA-32OZ,1
2023-06-28 17:48:00,INT-CT-25LB,1
2023-06-28 08:54:00,INT-CA-32OZ,1
2023-06-28 09:07:00,INT-CA-32OZ,2
2023-06-28 11:16:00,CHL-CT-21LB,1
2023-06-28 16:19:00,CHL-PS-17LB,1
2023-06-28 11:14:00,AQU-BA-32OZ,1
2023-06-28 17:06:00,CHL-CT-1LB,1
2023-06-28 11:14:00,AQU-BA-32OZ,1
2023-06-28 18:11:00,HTH-F-2LB,2
2023-06-28 13:11:00,AQU-BA-32OZ,1
2023-06-28 16:24:00,AQU-PS-25LB,1
2023-06-28 09:50:00,AQU-CT-11LB,2
2023-06-28 11:10:00,CHL-PS-17LB,1
2023-06-28 11:46:00,INT-CT-25LB,1
2023-06-28 17:16:00,AQU-CT-11LB,1
2023-06-28 13:53:00,INT-BA-32OZ,1
2023-06-28 14:43:00,INT-BA-32OZ,1
2023-06-28 12:21:00,AQU-PS-25LB,2
2023-06-28 10:13:00,INT-CA-32OZ,1
2023-06-28 12:11:00,INT-CT-25LB,1
2023-06-28 16:25:00,AQU-BA-32OZ,2
2023-06-28 12:49:00,INT-CT-25LB,3
2023-06-28 12:39:00,CHL-PS-17LB,1
2023-06-28 15:27:00,HTH-S-5LB,1
2023-06-28 08:11:00,CHL-PS-1LB,2
2023-06-28 12:37:00,CHL-PS-1LB,3
2023-06-28 16:27:00,CHL-PS-1LB,1
2023-06-28 14:12:00,CHL-CT-1LB,1
2023-06-28 12:11:00,AQU-BA-32OZ,2
2023-06-28 08:46:00,INT-LS-1GAL,1
2023-06-28 17:22:00,INT-CA-32OZ,2
2023-06-28 11:27:00,INT-CA-32OZ,1
2023-06-29 18:42:00,AQU-PS-25LB,3
2023-06-29 15:40:00,INT-CA-32OZ,1
2023-06-29 11:17:00,CHL-CT-21LB,1
2023-06-29 18:36:00,BIO-MA-32OZ,2
2023-06-29 16:40:00,AQU-BA-32OZ,1
2023-06-29 18:23:00,INT-CT-25LB,3
2023-06-29 10:39:00,AQU-PS-25LB,1
2023-06-29 15:53:00,INT-CT-25LB,3
2023-06-29 11:22:00,CHL-PS-1LB,1
2023-06-29 14:53:00,AQU-PS-25LB,1
2023-06-29 09:21:00,INT-LS-1GAL,1
2023-06-29 10:24:00,AQU-BA-32OZ,1
2023-06-29 14:23:00,AQU-PS-25LB,3
2023-06-29 13:36:00,INT-CT-25LB,1
2023-06-29 09:17:00,CHL-CT-1LB,2
2023-06-29 15:48:00,INT-CA-32OZ,1
2023-06-29 14:10:00,CHL-PS-17LB,2
2023-06-29 13:50:00,INT-LS-1GAL,2
2023-06-29 11:55:00,INT-BA-32OZ,1
2023-06-29 18:32:00,AQU-PS-25LB,1
2023-06-29 08:39:00,AQU-PS-25LB,1
2023-06-29 14:26:00,INT-CT-25LB,1
2023-06-29 12:06:00,INT-CT-25LB,1
2023-06-29 12:30:00,BIO-MA-32OZ,3
2023-06-29 13:14:00,AQU-PS-25LB,1
2023-06-29 11:25:00,AQU-PS-5LB,1
2023-06-29 17:44:00,INT-BA-32OZ,1
2023-06-29 13:10:00,INT-CA-32OZ,1
2023-06-29 12:56:00,AQU-PS-5LB,3
2023-06-29 15:49:00,AQU-PS-5LB,1
2023-06-29 12:59:00,AQU-PS-25LB,4
2023-06-29 14:27:00,CHL-CT-1LB,1
2023-06-29 13:42:00,INT-CA-32OZ,1
2023-06-29 11:21:00,BIO-MA-32OZ,1
2023-06-29 11:35:00,HTH-AI-11LB,2
2023-06-29 17:44:00,CHL-CT-1LB,1
2023-06-29 14:08:00,BIO-PD-2LB,1
2023-06-29 18:56:00,INT-CT-25LB,2
2023-06-29 17:35:00,CHL-CT-21LB,1
2023-06-29 13:47:00,INT-LS-1GAL,1
2023-06-29 11:09:00,CHL-PS-1LB,1
2023-06-29 12:12:00,INT-CA-32OZ,1
2023-06-29 14:31:00,CHL-PS-1LB,2
2023-06-29 17:09:00,INT-CT-25LB,1
2023-06-29 12:06:00,BIO-MA-32OZ,1
2023-06-29 13:30:00,INT-LS-1GAL,1
2023-06-29 09:10:00,CHL-PS-17LB,2
2023-06-29 18:29:00,CHL-CT-21LB,1
2023-06-29 18:44:00,AQU-BA-32OZ,1
2023-06-29 14:12:00,CHL-PS-1LB,1
2023-06-29 18:35:00,CHL-PS-1LB,1
2023-06-29 11:20:00,INT-BA-32OZ,1
2023-06-29 12:13:00,CHL-PS-17LB,1
2023-06-29 18:18:00,INT-MA-1GAL,1
2023-06-30 13:32:00,AQU-CT-11LB,1
2023-06-30 14:15:00,HTH-F-2LB,2
2023-06-30 18:36:00,INT-CT-25LB,1
2023-06-30 08:26:00,CHL-CT-21LB,1
2023-06-30 09:25:00,AQU-PS-25LB,1
2023-06-30 16:09:00,CHL-PS-1LB,1
2023-06-30 12:36:00,CHL-CT-21LB,3
2023-06-30 15:37:00,AQU-BA-32OZ,1
2023-06-30 18:15:00,AQU-PS-5LB,1
2023-06-30 17:38:00,AQU-BA-32OZ,4
2023-06-30 16:50:00,AQU-BA-32OZ,1
2023-06-30 18:04:00,CHL-PS-17LB,1
2023-06-30 14:06:00,CHL-PS-1LB,1
2023-06-30 13:55:00,CHL-PS-1LB,2
2023-06-30 11:43:00,INT-CA-32OZ,1
2023-06-30 16:05:00,AQU-BA-32OZ,1
2023-06-30 09:25:00,AQU-BA-32OZ,3
2023-06-30 16:41:00,CHL-PS-17LB,1
2023-06-30 11:44:00,AQU-PS-5LB,2
2023-06-30 15:05:00,CHL-CT-21LB,3
2023-06-30 08:15:00,CHL-PS-17LB,1
2023-06-30 08:31:00,AQU-CHI-11LB,1
2023-06-30 11:30:00,CHL-PS-1LB,1
2023-06-30 10:24:00,CHL-PS-17LB,1
2023-06-30 08:30:00,INT-LS-1GAL,1
2023-06-30 10:49:00,BIO-MA-32OZ,1
2023-06-30 08:06:00,INT-CA-32OZ,1
2023-06-30 12:34:00,CHL-PS-1LB,1
2023-06-30 17:27:00,AQU-PS-25LB,1
2023-06-30 15:35:00,INT-CT-25LB,4
2023-06-30 08:35:00,CHL-CT-1LB,1
2023-06-30 10:24:00,CHL-PS-17LB,3
2023-06-30 12:36:00,INT-BA-32OZ,2
2023-06-30 11:07:00,AQU-PS-5LB,1
2023-06-30 10:07:00,AQU-PS-5LB,3
2023-06-30 12:25:00,CHL-PS-17LB,1
2023-06-30 11:37:00,CHL-CT-21LB,1
2023-06-30 12:50:00,CHL-PS-17LB,1
2023-06-30 15:25:00,CHL-PS-1LB,4
2023-06-30 10:20:00,CHL-PS-1LB,1
2023-06-30 18:17:00,INT-LS-1GAL,2
2023-07-01 17:53:00,AQU-PS-25LB,1
2023-07-01 18:10:00,CHL-PS-1LB,1
2023-07-01 14:53:00,INT-CT-25LB,1
2023-07-01 12:22:00,INT-BA-32OZ,2
2023-07-01 14:13:00,AQU-BA-32OZ,1
2023-07-01 11:38:00,AQU-CT-11LB,3
2023-07-01 09:29:00,INT-CA-32OZ,1
2023-07-01 10:47:00,CHL-CT-21LB,3
2023-07-01 17:55:00,AQU-CT-11LB,2
2023-07-01 17:40:00,CHL-CT-21LB,1
2023-07-01 12:00:00,CHL-PS-17LB,1
2023-07-01 11:25:00,CHL-PS-17LB,3
2023-07-01 17:16:00,INT-BA-32OZ,2
2023-07-01 16:54:00,INT-CT-25LB,1
2023-07-01 18:05:00,AQU-PS-25LB,3
2023-07-01 18:07:00,CHL-CT-21LB,1
2023-07-01 10:41:00,HTH-F-2LB,1
2023-07-01 14:44:00,AQU-BA-32OZ,3
2023-07-01 14:45:00,AQU-PS-25LB,1
2023-07-01 12:36:00,HTH-AI-11LB,1
2023-07-01 15:05:00,CHL-PS-1LB,1
2023-07-01 17:26:00,INT-CT-25LB,2
2023-07-01 15:43:00,INT-MA-1GAL,3
2023-07-01 08:26:00,INT-MA-1GAL,1
2023-07-01 18:56:00,INT-CA-32OZ,1
2023-07-01 16:14:00,CHL-PS-17LB,2
2023-07-01 11:21:00,CHL-CT-1LB,3
2023-07-01 11:38:00,CHL-PS-1LB,2
2023-07-01 09:02:00,AQU-PS-5LB,1
2023-07-01 09:24:00,AQU-CT-11LB,1
2023-07-01 09:10:00,AQU-CT-11LB,3
2023-07-01 13:50:00,INT-BA-32OZ,1
2023-07-01 17:01:00,CHL-PS-17LB,1
2023-07-01 09:25:00,AQU-CT-11LB,1
2023-07-01 11:36:00,AQU-PS-25LB,2
2023-07-01 17:17:00,AQU-PS-5LB,1
2023-07-01 17:02:00,INT-CT-25LB,1
2023-07-01 09:12:00,BIO-MA-32OZ,1
2023-07-01 11:14:00,INT-BA-32OZ,1
2023-07-01 12:17:00,AQU-BA-32OZ,1
2023-07-01 11:30:00,CHL-CT-1LB,1
2023-07-01 18:26:00,AQU-PS-5LB,1
2023-07-01 15:42:00,CHL-CHI-20LB,1
2023-07-01 11:43:00,AQU-BA-32OZ,1
2023-07-01 12:34:00,AQU-CT-11LB,4
2023-07-01 09:18:00,AQU-PS-5LB,1
2023-07-01 08:52:00,CHL-PU-2LB,3
2023-07-01 17:34:00,AQU-BA-32OZ,3
2023-07-01 12:05:00,INT-BA-32OZ,1
2023-07-01 08:04:00,INT-CA-32OZ,4
2023-07-01 14:31:00,CHL-CT-21LB,1
2023-07-01 17:13:00,INT-CT-25LB,1
2023-07-01 08:04:00,CHL-PS-17LB,2
2023-07-01 12:58:00,INT-CT-25LB,1
2023-07-01 16:05:00,INT-LS-1GAL,1
2023-07-01 09:25:00,INT-CT-25LB,1
2023-07-02 12:37:00,INT-LS-1GAL,1
2023-07-02 18:45:00,HTH-AI-11LB,2
2023-07-02 17:42:00,AQU-BA-32OZ,1
2023-07-02 18:05:00,CHL-CT-21LB,1
2023-07-02 08:03:00,INT-CA-32OZ,1
2023-07-02 12:41:00,INT-CA-32OZ,1
2023-07-02 10:57:00,AQU-PS-5LB,1
2023-07-02 08:09:00,BIO-MA-32OZ,1
2023-07-02 16:35:00,AQU-PS-25LB,3
2023-07-02 14:54:00,INT-BA-32OZ,1
2023-07-02 14:59:00,CHL-PS-17LB,1
2023-07-02 09:25:00,INT-CT-25LB,2
2023-07-02 16:02:00,AQU-PS-25LB,3
2023-07-02 09:56:00,AQU-PS-5LB,1
2023-07-02 17:38:00,INT-AI-5LB,1
2023-07-02 08:15:00,AQU-BA-32OZ,2
2023-07-02 12:09:00,AQU-PS-5LB,1
2023-07-02 09:54:00,CHL-CT-21LB,3
2023-07-02 11:16:00,CHL-CT-1LB,1
2023-07-02 16:57:00,AQU-PS-5LB,1
2023-07-02 13:19:00,CHL-PS-17LB,1
2023-07-02 16:16:00,HTH-F-2LB,1
2023-07-02 10:03:00,CHL-PS-17LB,1
2023-07-02 11:20:00,BIO-MA-32OZ,1
2023-07-02 11:04:00,AQU-PS-5LB,1
2023-07-02 14:03:00,CHL-PS-1LB,1
2023-07-02 15:36:00,INT-CT-25LB,1
2023-07-02 18:06:00,CHL-CT-21LB,2
2023-07-02 15:53:00,CHL-CT-21LB,3
2023-07-02 17:06:00,AQU-CT-11LB,2
2023-07-02 11:58:00,CHL-CT-1LB,1
2023-07-02 16:24:00,AQU-BA-32OZ,1
2023-07-02 08:05:00,INT-CT-25LB,2
2023-07-03 15:06:00,INT-CA-32OZ,1
2023-07-03 09:50:00,AQU-CT-11LB,1
2023-07-03 15:07:00,AQU-BA-32OZ,1
2023-07-03 11:56:00,BIO-MA-32OZ,1
2023-07-03 10:50:00,AQU-PS-25LB,1
2023-07-03 09:37:00,INT-BA-32OZ,1
2023-07-03 18:19:00,CHL-PS-1LB,1
2023-07-03 08:08:00,AQU-PS-25LB,1
2023-07-03 12:57:00,CHL-PS-17LB,2
2023-07-03 15:42:00,CHL-CT-1LB,1
2023-07-03 08:10:00,HTH-S-5LB,1
2023-07-03 16:35:00,BIO-PD-2LB,1
2023-07-03 18:05:00,CHL-CT-1LB,1
2023-07-03 12:05:00,CHL-CT-21LB,1
2023-07-03 09:08:00,AQU-PS-25LB,2
2023-07-03 16:29:00,CHL-CT-21LB,1
2023-07-03 18:19:00,INT-CT-25LB,2
2023-07-03 13:08:00,AQU-PS-25LB,1
2023-07-03 15:59:00,BIO-MA-32OZ,4
2023-07-03 09:49:00,AQU-PS-5LB,3
2023-07-03 17:13:00,CHL-CT-1LB,3
2023-07-03 14:30:00,INT-BA-32OZ,3
2023-07-03 16:23:00,BIO-MA-32OZ,1
2023-07-03 15:24:00,CHL-PS-1LB,1
2023-07-03 12:55:00,AQU-PS-5LB,1
2023-07-03 14:12:00,INT-MA-1GAL,1
2023-07-03 17:04:00,AQU-CT-11LB,1
2023-07-03 11:35:00,INT-CT-25LB,1
2023-07-03 09:02:00,AQU-PS-25LB,3
2023-07-03 18:31:00,BIO-MA-32OZ,2
2023-07-03 12:39:00,INT-CA-32OZ,1
2023-07-03 09:42:00,INT-CA-32OZ,1
2023-07-03 14:07:00,AQU-PS-5LB,1
2023-07-03 17:18:00,CHL-PS-17LB,1
2023-07-03 10:15:00,INT-LS-1GAL,1
2023-07-03 18:09:00,CHL-CT-1LB,2
2023-07-03 09:22:00,CHL-CT-21LB,3
2023-07-04 08:04:00,INT-BA-32OZ,4
2023-07-04 11:05:00,CHL-CT-1LB,1
2023-07-04 13:13:00,CHL-PS-17LB,1
2023-07-04 13:03:00,CHL-CT-21LB,2
2023-07-04 14:38:00,INT-LS-1GAL,1
2023-07-04 18:27:00,AQU-PS-25LB,1
2023-07-04 18:11:00,BIO-PD-2LB,3
2023-07-04 14:04:00,INT-LS-1GAL,1
2023-07-04 14:35:00,AQU-BA-32OZ,1
2023-07-04 12:52:00,INT-CT-25LB,3
2023-07-04 13:21:00,CHL-CT-21LB,1
2023-07-04 10:20:00,AQU-PS-25LB,3
2023-07-04 10:48:00,CHL-PS-1LB,1
2023-07-04 18:31:00,BIO-MA-32OZ,2
2023-07-04 12:57:00,AQU-CT-11LB,1
2023-07-04 09:00:00,INT-CT-25LB,1
2023-07-04 10:40:00,AQU-PS-25LB,2
2023-07-04 13:18:00,CHL-PS-17LB,1
2023-07-04 15:46:00,INT-LS-1GAL,1
2023-07-04 09:59:00,INT-CA-32OZ,2
2023-07-04 15:37:00,INT-BA-32OZ,1
2023-07-04 16:38:00,INT-BA-32OZ,1
2023-07-04 17:17:00,CHL-CT-1LB,1
2023-07-04 16:33:00,CHL-PS-1LB,1
2023-07-04 13:27:00,CHL-CT-1LB,1
2023-07-04 14:38:00,AQU-CT-11LB,2
2023-07-04 12:32:00,AQU-CT-11LB,3
2023-07-04 17:38:00,CHL-CT-1LB,1
2023-07-04 11:03:00,CHL-PS-1LB,1
2023-07-04 08:23:00,AQU-BA-32OZ,1
2023-07-04 09:37:00,AQU-PS-25LB,1
2023-07-04 18:44:00,AQU-PS-5LB,1
2023-07-04 13:27:00,INT-LS-1GAL,1
2023-07-04 15:22:00,BIO-MA-32OZ,1
2023-07-04 18:58:00,AQU-CT-11LB,1
2023-07-04 14:13:00,INT-CA-32OZ,2
2023-07-04 13:23:00,CHL-PS-17LB,1
2023-07-04 16:18:00,INT-LS-1GAL,1
2023-07-04 10:54:00,CHL-PS-1LB,1
2023-07-04 10:28:00,BIO-MA-32OZ,1
2023-07-04 18:46:00,INT-LS-1GAL,1
2023-07-04 09:29:00,INT-CA-32OZ,1
2023-07-04 10:24:00,AQU-CT-11LB,1
2023-07-04 14:08:00,INT-CT-25LB,1
2023-07-04 18:23:00,AQU-CT-11LB,1
2023-07-04 14:23:00,INT-CT-25LB,1
2023-07-04 08:16:00,CHL-CT-1LB,1
2023-07-05 08:30:00,INT-CT-25LB,3
2023-07-05 08:42:00,INT-CA-32OZ,4
2023-07-05 08:05:00,AQU-PS-5LB,1
2023-07-05 12:54:00,CHL-CT-21LB,1
2023-07-05 18:58:00,CHL-PS-1LB,1
2023-07-05 12:07:00,INT-LS-1GAL,1
2023-07-05 11:00:00,INT-MA-1GAL,1
2023-07-05 14:32:00,AQU-PS-5LB,1
2023-07-05 18:26:00,BIO-MA-32OZ,2
2023-07-05 10:16:00,AQU-PS-5LB,1
2023-07-05 08:50:00,INT-CA-32OZ,1
2023-07-05 16:28:00,INT-CHI-7LB,1
2023-07-05 09:56:00,CHL-PS-17LB,3
2023-07-05 08:00:00,INT-LS-1GAL,1
2023-07-05 18:52:00,INT-LS-1GAL,2
2023-07-05 14:26:00,CHL-PS-17LB,1
2023-07-05 16:38:00,CHL-PS-1LB,2
2023-07-05 08:43:00,INT-LS-1GAL,1
2023-07-05 12:51:00,INT-CT-25LB,2
2023-07-05 09:31:00,BIO-MA-32OZ,1
2023-07-05 10:34:00,BIO-MA-32OZ,1
2023-07-05 10:00:00,AQU-PS-5LB,2
2023-07-05 15:26:00,CHL-CT-21LB,1
2023-07-05 10:12:00,INT-MA-1GAL,1
2023-07-05 16:46:00,CHL-PS-1LB,3
2023-07-05 09:07:00,INT-LS-1GAL,1
2023-07-05 13:55:00,CHL-PS-17LB,1
2023-07-05 18:10:00,INT-BA-32OZ,1
2023-07-05 10:14:00,INT-CT-25LB,2
2023-07-05 10:35:00,INT-LS-1GAL,1
2023-07-05 10:11:00,BIO-MA-32OZ,2
2023-07-05 10:35:00,CHL-CT-21LB,1
2023-07-05 10:18:00,CHL-CT-1LB,1
2023-07-06 12:30:00,AQU-PS-5LB,4
2023-07-06 13:55:00,BIO-MA-32OZ,1
2023-07-06 10:33:00,CHL-PS-1LB,2
2023-07-06 11:22:00,INT-CA-32OZ,4
2023-07-06 17:37:00,AQU-PS-25LB,1
2023-07-06 17:19:00,AQU-BA-32OZ,1
2023-07-06 08:00:00,INT-CA-32OZ,1
2023-07-06 12:05:00,INT-CA-32OZ,1
2023-07-06 08:46:00,INT-BA-32OZ,1
2023-07-06 16:17:00,INT-MA-1GAL,1
2023-07-06 15:38:00,INT-LS-1GAL,1
2023-07-06 09:14:00,AQU-BA-32OZ,1
2023-07-06 13:56:00,CHL-CT-21LB,1
2023-07-06 09:45:00,AQU-CT-11LB,1
2023-07-06 09:59:00,INT-LS-1GAL,2
2023-07-06 11:22:00,CHL-PS-1LB,1
2023-07-06 18:01:00,BIO-MA-32OZ,3
2023-07-06 13:12:00,INT-CA-32OZ,1
2023-07-06 13:49:00,INT-CT-25LB,1
2023-07-06 15:59:00,AQU-PS-5LB,1
2023-07-06 10:10:00,AQU-BA-32OZ,1
2023-07-06 18:33:00,AQU-PS-5LB,1
2023-07-06 17:08:00,AQU-PS-25LB,1
2023-07-06 08:50:00,AQU-PS-25LB,1
2023-07-06 14:18:00,CHL-CT-21LB,3
2023-07-06 09:40:00,INT-BA-32OZ,2
2023-07-06 18:23:00,AQU-PS-25LB,3
2023-07-06 15:35:00,CHL-CT-1LB,3
2023-07-06 08:38:00,AQU-CT-11LB,1
2023-07-06 15:33:00,AQU-PS-25LB,1
2023-07-06 11:01:00,AQU-PS-5LB,3
2023-07-06 10:59:00,AQU-PS-25LB,1
2023-07-06 16:01:00,AQU-PS-25LB,1
2023-07-06 09:01:00,INT-BA-32OZ,1
2023-07-06 12:06:00,BIO-MA-32OZ,1
2023-07-06 17:18:00,BIO-PD-2LB,1
2023-07-06 13:15:00,AQU-BA-32OZ,1
2023-07-06 12:04:00,INT-CA-32OZ,1
2023-07-06 17:21:00,CHL-CT-1LB,1
2023-07-06 10:50:00,INT-CT-25LB,1
2023-07-06 16:48:00,CHL-CT-21LB,1
2023-07-06 09:59:00,INT-CA-32OZ,4
2023-07-06 18:16:00,AQU-PS-25LB,1
2023-07-06 12:30:00,INT-LS-1GAL,2
2023-07-07 15:18:00,AQU-PD-5LB,4
2023-07-07 18:08:00,INT-MA-1GAL,3
2023-07-07 16:02:00,CHL-CHI-20LB,1
2023-07-07 10:05:00,INT-MA-1GAL,2
2023-07-07 18:32:00,CHL-PS-17LB,1
2023-07-07 18:35:00,AQU-PS-25LB,2
2023-07-07 17:14:00,INT-CT-25LB,1
2023-07-07 08:24:00,INT-CA-32OZ,1
2023-07-07 11:48:00,BIO-MA-32OZ,2
2023-07-07 13:31:00,HTH-AI-11LB,1
2023-07-07 16:41:00,AQU-BA-32OZ,1
2023-07-07 08:43:00,CHL-CT-1LB,1
2023-07-07 11:29:00,INT-CT-25LB,4
2023-07-07 16:37:00,INT-CT-25LB,3
2023-07-07 09:42:00,AQU-PS-25LB,1
2023-07-07 10:06:00,CHL-CT-21LB,1
2023-07-07 11:52:00,INT-AI-25LB,2
2023-07-07 18:39:00,AQU-CT-11LB,2
2023-07-07 15:16:00,AQU-CT-11LB,1
2023-07-07 11:52:00,CHL-CT-21LB,1
2023-07-07 14:38:00,INT-AI-25LB,1
2023-07-07 17:00:00,CHL-CT-21LB,1
2023-07-07 13:52:00,CHL-PS-17LB,1
2023-07-07 13:35:00,AQU-PS-25LB,2
2023-07-07 13:22:00,CHL-CT-21LB,1
2023-07-07 15:50:00,CHL-CT-21LB,1
2023-07-07 13:37:00,AQU-BA-32OZ,1
2023-07-07 17:19:00,CHL-PS-1LB,1
2023-07-07 08:34:00,HTH-AI-11LB,3
2023-07-07 12:11:00,AQU-PS-25LB,1
2023-07-07 17:57:00,INT-CT-25LB,2
2023-07-08 14:38:00,AQU-PS-5LB,1
2023-07-08 14:36:00,INT-CT-25LB,1
2023-07-08 18:03:00,CHL-PS-17LB,1
2023-07-08 12:22:00,AQU-CT-11LB,1
2023-07-08 10:33:00,CHL-CT-21LB,3
2023-07-08 17:51:00,CHL-PS-1LB,1
2023-07-08 16:27:00,BIO-MA-32OZ,1
2023-07-08 08:24:00,AQU-PS-5LB,1
2023-07-08 09:46:00,INT-BA-32OZ,1
2023-07-08 08:24:00,AQU-PS-25LB,2
2023-07-08 13:26:00,INT-CA-32OZ,1
2023-07-08 15:15:00,INT-CA-32OZ,1
2023-07-08 11:28:00,INT-BA-32OZ,1
2023-07-08 12:23:00,INT-BA-32OZ,1
2023-07-08 15:57:00,INT-CT-25LB,1
2023-07-08 08:05:00,INT-CA-32OZ,1
2023-07-08 14:20:00,CHL-PS-17LB,1
2023-07-08 10:28:00,CHL-PS-1LB,2
2023-07-08 14:05:00,INT-AI-25LB,2
2023-07-08 11:26:00,AQU-BA-32OZ,1
2023-07-08 18:35:00,AQU-PS-5LB,1
2023-07-08 09:19:00,INT-AI-25LB,1
2023-07-08 17:57:00,CHL-CT-1LB,1
2023-07-08 16:03:00,CHL-PS-17LB,1
2023-07-08 10:22:00,INT-CA-32OZ,1
2023-07-08 11:40:00,AQU-BA-32OZ,3
2023-07-08 08:32:00,AQU-BA-32OZ,3
2023-07-08 12:12:00,CHL-PS-1LB,4
2023-07-08 15:46:00,CHL-CT-1LB,3
2023-07-08 14:39:00,CHL-PS-17LB,1
2023-07-08 17:10:00,CHL-PS-1LB,1
2023-07-08 18:39:00,INT-MA-1GAL,2
2023-07-09 12:17:00,CHL-CT-21LB,1
2023-07-09 12:29:00,INT-CA-32OZ,1
2023-07-09 15:55:00,INT-CA-32OZ,1
2023-07-09 10:20:00,INT-BA-32OZ,4
2023-07-09 08:34:00,AQU-CT-11LB,1
2023-07-09 12:43:00,AQU-BA-32OZ,3
2023-07-09 10:15:00,CHL-CHI-20LB,1
2023-07-09 10:57:00,INT-LS-1GAL,1
2023-07-09 12:11:00,CHL-PS-1LB,2
2023-07-09 11:19:00,AQU-PS-25LB,1
2023-07-09 16:00:00,CHL-PU-2LB,4
2023-07-09 08:17:00,CHL-PS-1LB,1
2023-07-09 09:29:00,BIO-MA-32OZ,1
2023-07-09 10:19:00,BIO-MA-32OZ,3
2023-07-09 09:46:00,AQU-CT-11LB,1
2023-07-09 13:21:00,AQU-CT-11LB,1
2023-07-09 11:55:00,CHL-CT-1LB,2
2023-07-09 14:38:00,AQU-BA-32OZ,1
2023-07-09 09:20:00,HTH-S-5LB,1
2023-07-09 16:21:00,AQU-BA-32OZ,1
2023-07-09 13:29:00,AQU-PS-25LB,1
2023-07-09 12:54:00,INT-LS-1GAL,1
2023-07-09 17:59:00,AQU-BA-32OZ,1
2023-07-09 08:24:00,HTH-S-5LB,1
2023-07-09 10:53:00,AQU-PS-5LB,1
2023-07-09 15:36:00,CHL-CHI-20LB,1
2023-07-10 08:10:00,CHL-CT-21LB,1
2023-07-10 12:10:00,INT-LS-1GAL,3
2023-07-10 13:28:00,AQU-BA-32OZ,1
2023-07-10 08:15:00,AQU-PS-25LB,1
2023-07-10 11:14:00,CHL-PS-17LB,1
2023-07-10 18:09:00,INT-LS-1GAL,1
2023-07-10 17:50:00,AQU-CT-11LB,2
2023-07-10 13:43:00,AQU-BA-32OZ,1
2023-07-10 17:18:00,INT-CA-32OZ,1
2023-07-10 13:11:00,CHL-CT-21LB,2
2023-07-10 11:54:00,INT-CA-32OZ,1
2023-07-10 09:20:00,CHL-CT-21LB,3
2023-07-10 18:34:00,INT-CT-25LB,1
2023-07-10 10:33:00,BIO-MA-32OZ,1
2023-07-10 14:14:00,CHL-CT-21LB,4
2023-07-10 08:17:00,CHL-CT-1LB,1
2023-07-10 08:58:00,INT-CT-25LB,1
2023-07-10 10:38:00,CHL-CT-21LB,1
2023-07-10 14:25:00,INT-CT-25LB,1
2023-07-10 10:57:00,CHL-CT-1LB,1
2023-07-10 17:38:00,AQU-PS-25LB,1
2023-07-10 09:28:00,CHL-CT-21LB,1
2023-07-10 10:06:00,BIO-MA-32OZ,2
2023-07-10 15:18:00,AQU-PS-25LB,1
2023-07-10 10:38:00,CHL-PS-1LB,1
2023-07-10 10:53:00,AQU-PS-25LB,1
2023-07-10 10:01:00,CHL-CT-1LB,4
2023-07-10 12:05:00,INT-BA-32OZ,3
2023-07-10 14:29:00,CHL-PS-17LB,1
2023-07-10 16:59:00,CHL-PS-1LB,4
2023-07-10 10:57:00,INT-LS-1GAL,1
2023-07-10 09:22:00,CHL-CT-1LB,2
2023-07-10 18:15:00,INT-LS-1GAL,1
2023-07-10 17:11:00,HTH-F-2LB,1
2023-07-10 14:24:00,CHL-CT-21LB,1
2023-07-10 17:13:00,BIO-MA-32OZ,1
2023-07-10 15:54:00,CHL-PS-17LB,2
2023-07-10 08:25:00,CHL-CT-1LB,3
2023-07-10 11:08:00,INT-BA-32OZ,1
2023-07-10 13:48:00,AQU-PS-5LB,2
2023-07-10 08:13:00,INT-BA-32OZ,1
2023-07-10 09:53:00,AQU-PS-25LB,3
2023-07-10 11:37:00,INT-LS-1GAL,1
2023-07-10 10:32:00,AQU-CHI-11LB,2
2023-07-10 08:19:00,CHL-CT-1LB,3
2023-07-11 13:00:00,AQU-PS-5LB,1
2023-07-11 10:09:00,INT-BA-32OZ,1
2023-07-11 08:26:00,CHL-PU-2LB,2
2023-07-11 09:42:00,INT-LS-1GAL,3
2023-07-11 17:03:00,CHL-PS-1LB,1
2023-07-11 09:36:00,INT-MA-1GAL,3
2023-07-11 11:41:00,CHL-CT-1LB,1
2023-07-11 11:13:00,CHL-PS-17LB,1
2023-07-11 13:39:00,INT-CT-25LB,1
2023-07-11 11:31:00,CHL-CT-1LB,2
2023-07-11 17:31:00,AQU-CT-11LB,1
2023-07-11 09:38:00,INT-MA-1GAL,1
2023-07-11 08:00:00,BIO-MA-32OZ,1
2023-07-11 08:41:00,AQU-CT-11LB,1
2023-07-11 08:11:00,CHL-CT-21LB,1
2023-07-11 17:41:00,AQU-PS-25LB,1
2023-07-11 13:27:00,AQU-CT-11LB,1
2023-07-11 09:24:00,AQU-CHI-11LB,3
2023-07-11 10:11:00,AQU-BA-32OZ,1
2023-07-11 13:24:00,CHL-PS-17LB,1
2023-07-11 18:17:00,BIO-MA-32OZ,1
2023-07-11 15:04:00,CHL-CT-21LB,1
2023-07-11 16:47:00,AQU-PS-25LB,1
2023-07-11 13:22:00,INT-CHI-7LB,2
2023-07-11 17:19:00,INT-LS-1GAL,1
2023-07-11 08:46:00,AQU-PS-25LB,1
2023-07-11 15:37:00,AQU-BA-32OZ,1
2023-07-11 17:51:00,INT-CA-32OZ,1
2023-07-11 10:14:00,CHL-CT-21LB,1
2023-07-11 08:18:00,BIO-MA-32OZ,1
2023-07-11 13:46:00,INT-AI-25LB,2
2023-07-12 11:08:00,AQU-PS-25LB,1
2023-07-12 11:05:00,INT-CT-25LB,1
2023-07-12 14:41:00,AQU-BA-32OZ,1
2023-07-12 18:29:00,CHL-PS-17LB,3
2023-07-12 15:58:00,CHL-PS-1LB,1
2023-07-12 16:49:00,INT-LS-1GAL,2
2023-07-12 09:18:00,CHL-CT-21LB,4
2023-07-12 13:24:00,AQU-PS-25LB,3
2023-07-12 12:28:00,INT-LS-1GAL,1
2023-07-12 12:53:00,CHL-CT-21LB,1
2023-07-12 11:28:00,CHL-CT-1LB,1
2023-07-12 08:50:00,CHL-PS-17LB,3
2023-07-12 09:39:00,CHL-CT-1LB,4
2023-07-12 12:48:00,AQU-BA-32OZ,1
2023-07-12 13:12:00,CHL-CT-21LB,1
2023-07-12 18:39:00,BIO-MA-32OZ,3
2023-07-12 09:58:00,INT-CT-25LB,1
2023-07-12 09:42:00,AQU-CT-11LB,3
2023-07-12 15:31:00,INT-CA-32OZ,3
2023-07-12 14:26:00,INT-BA-32OZ,1
2023-07-12 14:21:00,INT-AI-5LB,3
2023-07-12 08:22:00,AQU-PS-5LB,1
2023-07-12 10:42:00,CHL-CT-21LB,2
2023-07-12 15:41:00,CHL-CT-1LB,1
2023-07-12 14:04:00,CHL-CT-21LB,1
2023-07-12 10:01:00,INT-LS-1GAL,1
2023-07-12 17:10:00,AQU-BA-32OZ,1
2023-07-12 16:05:00,INT-BA-32OZ,1
2023-07-12 18:20:00,CHL-CT-21LB,1
2023-07-12 15:35:00,CHL-CT-1LB,1
2023-07-12 08:26:00,CHL-PU-2LB,2
2023-07-12 18:04:00,INT-CT-25LB,3
2023-07-12 17:03:00,AQU-BA-32OZ,3
2023-07-12 10:08:00,AQU-PS-25LB,2
2023-07-12 11:04:00,INT-CT-25LB,2
2023-07-12 18:07:00,AQU-PS-25LB,1
2023-07-12 14:30:00,CHL-CT-1LB,2
2023-07-12 18:35:00,BIO-MA-32OZ,1
2023-07-12 18:59:00,CHL-PS-17LB,2
2023-07-12 15:01:00,CHL-CT-21LB,1
2023-07-12 14:40:00,INT-CA-32OZ,3
2023-07-12 15:40:00,AQU-PS-25LB,1
2023-07-12 14:13:00,BIO-MA-32OZ,3
2023-07-12 13:15:00,INT-LS-1GAL,1
2023-07-13 11:43:00,AQU-PS-25LB,3
2023-07-13 15:07:00,AQU-CT-11LB,1
2023-07-13 16:22:00,CHL-PS-1LB,1
2023-07-13 17:09:00,INT-BA-32OZ,1
2023-07-13 09:55:00,INT-CT-25LB,1
2023-07-13 10:24:00,INT-LS-1GAL,2
2023-07-13 18:33:00,CHL-PS-17LB,3
2023-07-13 12:41:00,AQU-PS-5LB,1
2023-07-13 16:23:00,AQU-CT-11LB,3
2023-07-13 14:14:00,INT-LS-1GAL,1
2023-07-13 15:05:00,INT-CT-25LB,1
2023-07-13 09:18:00,AQU-PS-25LB,3
2023-07-13 10:38:00,CHL-PS-17LB,1
2023-07-13 12:12:00,HTH-S-5LB,1
2023-07-13 08:02:00,CHL-CT-1LB,1
2023-07-13 08:47:00,AQU-PS-25LB,1
2023-07-13 11:29:00,INT-BA-32OZ,2
2023-07-13 13:49:00,INT-BA-32OZ,3
2023-07-13 11:36:00,CHL-PS-17LB,1
2023-07-13 16:36:00,INT-LS-1GAL,1
2023-07-13 10:55:00,CHL-PS-17LB,1
2023-07-13 11:44:00,BIO-MA-32OZ,4
2023-07-13 09:13:00,AQU-PS-5LB,2
2023-07-13 10:16:00,BIO-MA-32OZ,1
2023-07-13 14:22:00,AQU-PS-5LB,4
2023-07-13 17:42:00,INT-BA-32OZ,4
2023-07-13 18:32:00,AQU-CT-11LB,1
2023-07-13 14:24:00,AQU-PS-25LB,4
2023-07-13 17:13:00,AQU-PS-25LB,1
2023-07-13 10:30:00,CHL-CT-21LB,1
2023-07-13 16:45:00,AQU-PS-25LB,1
2023-07-13 12:06:00,CHL-CT-1LB,1
2023-07-13 15:42:00,CHL-PS-1LB,1
2023-07-13 16:12:00,AQU-PS-5LB,1
2023-07-13 18:31:00,INT-CA-32OZ,1
2023-07-13 14:21:00,CHL-PS-17LB,1
2023-07-13 17:04:00,AQU-PS-25LB,1
2023-07-13 13:57:00,INT-CT-25LB,2
2023-07-13 11:58:00,INT-CA-32OZ,1
2023-07-14 08:06:00,CHL-PS-17LB,1
2023-07-14 09:49:00,INT-BA-32OZ,1
2023-07-14 12:42:00,INT-CA-32OZ,1
2023-07-14 08:52:00,INT-LS-1GAL,3
2023-07-14 14:51:00,CHL-CT-1LB,1
2023-07-14 13:10:00,AQU-PS-5LB,1
2023-07-14 14:25:00,CHL-PS-1LB,1
2023-07-14 12:11:00,AQU-CHI-11LB,3
2023-07-14 14:28:00,INT-CT-25LB,3
2023-07-14 11:55:00,INT-CT-25LB,1
2023-07-14 13:04:00,CHL-PS-17LB,1
2023-07-14 10:31:00,CHL-PS-17LB,1
2023-07-14 10:17:00,BIO-MA-32OZ,1
2023-07-14 13:22:00,AQU-PS-5LB,1
2023-07-14 11:51:00,CHL-CT-21LB,1
2023-07-14 11:31:00,CHL-CT-21LB,1
2023-07-14 13:43:00,CHL-CT-21LB,1
2023-07-14 14:20:00,INT-AI-25LB,1
2023-07-14 14:39:00,INT-CA-32OZ,2
2023-07-14 15:26:00,AQU-CT-11LB,1
2023-07-14 12:33:00,CHL-CT-21LB,1
2023-07-14 15:32:00,AQU-CT-11LB,1
2023-07-14 12:37:00,CHL-PS-1LB,1
2023-07-14 14:10:00,CHL-PS-17LB,3
2023-07-14 10:17:00,CHL-PS-17LB,1
2023-07-14 17:18:00,INT-CA-32OZ,2
2023-07-14 13:53:00,AQU-CT-11LB,1
2023-07-14 09:01:00,AQU-PS-25LB,1
2023-07-14 12:26:00,CHL-CT-1LB,1
2023-07-14 18:08:00,AQU-PS-5LB,3
2023-07-14 13:00:00,CHL-PS-1LB,1
2023-07-14 14:37:00,INT-AI-25LB,1
2023-07-14 10:36:00,CHL-CT-1LB,1
2023-07-14 14:20:00,HTH-S-5LB,1
2023-07-14 14:34:00,INT-BA-32OZ,3
2023-07-14 13:54:00,CHL-PS-1LB,2
2023-07-14 09:09:00,HTH-F-2LB,1
2023-07-14 18:03:00,CHL-CT-1LB,3
2023-07-14 14:49:00,CHL-CT-21LB,2
2023-07-14 10:48:00,INT-CT-25LB,1
2023-07-14 15:56:00,AQU-PS-25LB,1
2023-07-14 14:45:00,AQU-PS-5LB,1
2023-07-14 15:11:00,CHL-CT-1LB,1
2023-07-14 17:14:00,AQU-BA-32OZ,2
2023-07-14 13:44:00,INT-CT-25LB,1
2023-07-14 08:39:00,AQU-PS-25LB,1
2023-07-14 15:37:00,INT-BA-32OZ,2
2023-07-14 11:16:00,AQU-PS-5LB,2
2023-07-15 12:55:00,INT-CA-32OZ,1
2023-07-15 10:04:00,AQU-PS-25LB,1
2023-07-15 10:36:00,CHL-CT-21LB,1
2023-07-15 09:19:00,AQU-CT-11LB,1
2023-07-15 14:55:00,CHL-PS-17LB,1
2023-07-15 18:23:00,AQU-PS-25LB,1
2023-07-15 08:11:00,AQU-PS-25LB,1
2023-07-15 10:50:00,INT-CA-32OZ,2
2023-07-15 11:18:00,INT-LS-1GAL,1
2023-07-15 15:29:00,BIO-MA-32OZ,1
2023-07-15 16:54:00,INT-LS-1GAL,2
2023-07-15 18:46:00,INT-LS-1GAL,1
2023-07-15 08:18:00,CHL-CHI-20LB,1
2023-07-15 13:31:00,AQU-PD-5LB,1
2023-07-15 17:29:00,CHL-CT-21LB,1
2023-07-15 10:23:00,BIO-MA-32OZ,1
2023-07-15 09:55:00,INT-CT-25LB,2
2023-07-15 16:18:00,AQU-CT-11LB,1
2023-07-15 18:03:00,AQU-PS-25LB,1
2023-07-15 15:01:00,AQU-BA-32OZ,1
2023-07-15 11:14:00,CHL-CT-21LB,1
2023-07-15 18:39:00,CHL-CT-1LB,1
2023-07-15 16:08:00,INT-BA-32OZ,4
2023-07-15 09:18:00,BIO-MA-32OZ,1
2023-07-15 15:35:00,INT-CT-25LB,1
2023-07-15 18:53:00,AQU-PS-25LB,1
2023-07-15 10:49:00,INT-LS-1GAL,1
2023-07-15 11:12:00,CHL-CT-21LB,3
2023-07-15 15:41:00,AQU-PS-25LB,1
2023-07-15 10:44:00,INT-LS-1GAL,1
2023-07-15 08:59:00,CHL-CHI-20LB,1
2023-07-15 17:44:00,INT-MA-1GAL,1
2023-07-15 12:20:00,CHL-PS-17LB,1
2023-07-15 09:45:00,AQU-BA-32OZ,1
2023-07-15 14:31:00,HTH-S-5LB,1
2023-07-15 14:49:00,AQU-PS-25LB,1
2023-07-15 15:00:00,AQU-PS-5LB,1
2023-07-16 14:40:00,CHL-CT-21LB,1
2023-07-16 11:42:00,CHL-PS-1LB,1
2023-07-16 10:54:00,CHL-CT-21LB,2
2023-07-16 16:27:00,CHL-CT-21LB,2
2023-07-16 11:00:00,AQU-PS-5LB,1
2023-07-16 09:04:00,CHL-PS-17LB,2
2023-07-16 10:56:00,INT-CA-32OZ,1
2023-07-16 10:01:00,CHL-PS-1LB,1
2023-07-16 08:57:00,AQU-BA-32OZ,2
2023-07-16 18:33:00,CHL-PS-17LB,1
2023-07-16 12:32:00,INT-CA-32OZ,1
2023-07-16 12:08:00,CHL-CT-21LB,1
2023-07-16 14:52:00,AQU-PS-25LB,4
2023-07-16 12:49:00,AQU-BA-32OZ,1
2023-07-16 16:13:00,AQU-PS-5LB,2
2023-07-16 11:48:00,AQU-PS-25LB,1
2023-07-16 11:27:00,CHL-CT-1LB,1
2023-07-16 15:43:00,AQU-PS-5LB,1
2023-07-16 17:24:00,CHL-PS-1LB,3
2023-07-16 08:50:00,BIO-PU-5LB,2
2023-07-16 16:10:00,AQU-CT-11LB,1
2023-07-16 16:38:00,INT-CA-32OZ,3
2023-07-16 14:31:00,CHL-PS-17LB,1
2023-07-16 18:05:00,INT-LS-1GAL,1
2023-07-16 11:24:00,CHL-CT-1LB,4
2023-07-16 08:54:00,AQU-PS-25LB,1
2023-07-16 13:40:00,INT-MA-1GAL,1
2023-07-16 18:16:00,AQU-BA-32OZ,1
2023-07-16 17:58:00,INT-MA-1GAL,1
2023-07-16 12:57:00,INT-AI-25LB,1
2023-07-16 14:56:00,AQU-CT-11LB,1
2023-07-16 17:08:00,AQU-CT-11LB,1
2023-07-16 08:35:00,HTH-S-5LB,1
2023-07-16 13:58:00,INT-BA-32OZ,1
2023-07-16 14:17:00,BIO-MA-32OZ,1
2023-07-17 08:07:00,INT-AI-25LB,1
2023-07-17 11:09:00,CHL-PS-17LB,1
2023-07-17 12:39:00,INT-CA-32OZ,1
2023-07-17 13:48:00,BIO-MA-32OZ,1
2023-07-17 09:58:00,INT-CT-25LB,3
2023-07-17 17:59:00,AQU-PS-5LB,1
2023-07-17 11:23:00,INT-CA-32OZ,1
2023-07-17 08:52:00,INT-BA-32OZ,1
2023-07-17 18:56:00,AQU-CHI-11LB,3
2023-07-17 08:04:00,INT-BA-32OZ,1
2023-07-17 09:57:00,AQU-PS-25LB,3
2023-07-17 13:18:00,INT-CT-25LB,2
2023-07-17 14:07:00,AQU-CT-11LB,1
2023-07-17 15:22:00,INT-LS-1GAL,1
2023-07-17 16:45:00,BIO-MA-32OZ,2
2023-07-17 18:03:00,AQU-PS-5LB,1
2023-07-17 16:56:00,AQU-BA-32OZ,1
2023-07-17 08:13:00,CHL-CT-21LB,1
2023-07-17 16:46:00,AQU-BA-32OZ,1
2023-07-17 16:36:00,AQU-BA-32OZ,2
2023-07-17 18:48:00,BIO-MA-32OZ,4
2023-07-17 08:18:00,INT-CA-32OZ,1
2023-07-17 12:40:00,CHL-PS-17LB,1
2023-07-17 09:03:00,CHL-PS-17LB,1
2023-07-17 12:03:00,CHL-CT-21LB,1
2023-07-17 12:15:00,AQU-CT-11LB,3
2023-07-17 09:22:00,INT-CA-32OZ,3
2023-07-17 14:24:00,AQU-PS-25LB,1
2023-07-17 16:21:00,INT-LS-1GAL,1
2023-07-17 09:43:00,CHL-CT-21LB,1
2023-07-17 11:53:00,AQU-PS-25LB,2
2023-07-17 13:12:00,INT-CA-32OZ,1
2023-07-17 16:40:00,AQU-PS-25LB,1
2023-07-17 18:06:00,AQU-PS-5LB,4
2023-07-17 12:32:00,AQU-BA-32OZ,1
2023-07-17 18:13:00,CHL-PS-17LB,1
2023-07-17 15:19:00,AQU-PS-25LB,3
2023-07-17 15:20:00,INT-CA-32OZ,1
2023-07-17 13:32:00,CHL-PS-1LB,2
2023-07-17 08:12:00,AQU-CT-11LB,1
2023-07-17 08:39:00,INT-LS-1GAL,1
2023-07-17 18:00:00,INT-BA-32OZ,1
2023-07-17 09:59:00,AQU-PS-25LB,1
2023-07-17 14:33:00,INT-CT-25LB,2
2023-07-17 13:24:00,INT-LS-1GAL,2
2023-07-17 12:28:00,CHL-PS-17LB,1
2023-07-17 09:31:00,INT-CA-32OZ,1
2023-07-18 15:35:00,CHL-PS-1LB,2
2023-07-18 12:02:00,AQU-PS-5LB,1
2023-07-18 09:59:00,AQU-PS-25LB,1
2023-07-18 17:02:00,BIO-MA-32OZ,1
2023-07-18 10:56:00,CHL-CT-21LB,1
2023-07-18 15:50:00,AQU-CT-11LB,1
2023-07-18 18:06:00,CHL-PS-17LB,1
2023-07-18 14:57:00,INT-CA-32OZ,2
2023-07-18 17:33:00,CHL-CT-1LB,1
2023-07-18 16:41:00,AQU-PS-25LB,1
2023-07-18 11:30:00,AQU-BA-32OZ,4
2023-07-18 09:27:00,INT-BA-32OZ,1
2023-07-18 09:06:00,INT-BA-32OZ,1
2023-07-18 13:33:00,INT-CT-25LB,1
2023-07-18 14:27:00,AQU-PS-25LB,1
2023-07-18 16:27:00,CHL-CT-1LB,1
2023-07-18 09:05:00,BIO-MA-32OZ,2
2023-07-18 17:36:00,CHL-CHI-20LB,1
2023-07-18 15:52:00,CHL-CT-21LB,1
2023-07-18 14:28:00,BIO-MA-32OZ,1
2023-07-18 13:37:00,CHL-PS-1LB,1
2023-07-18 16:12:00,INT-CHI-7LB,3
2023-07-18 18:12:00,CHL-CT-1LB,3
2023-07-18 10:26:00,CHL-PS-1LB,1
2023-07-18 09:30:00,INT-CA-32OZ,1
2023-07-18 08:46:00,CHL-PS-17LB,3
2023-07-18 13:55:00,INT-CT-25LB,4
2023-07-18 08:21:00,AQU-PS-5LB,1
2023-07-18 16:13:00,INT-LS-1GAL,3
2023-07-18 13:12:00,AQU-PS-25LB,1
2023-07-18 12:22:00,CHL-PS-17LB,2
2023-07-18 18:34:00,AQU-PS-25LB,1
2023-07-18 09:37:00,AQU-CT-11LB,1
2023-07-18 13:27:00,CHL-PS-17LB,1
2023-07-18 13:28:00,AQU-BA-32OZ,1
2023-07-19 16:23:00,AQU-PS-5LB,1
2023-07-19 11:23:00,INT-MA-1GAL,1
2023-07-19 11:15:00,BIO-MA-32OZ,3
2023-07-19 17:41:00,CHL-CT-1LB,1
2023-07-19 17:49:00,INT-BA-32OZ,2
2023-07-19 16:10:00,BIO-MA-32OZ,2
2023-07-19 12:10:00,AQU-PS-25LB,1
2023-07-19 14:25:00,AQU-PS-5LB,1
2023-07-19 18:09:00,INT-CT-25LB,1
2023-07-19 09:29:00,AQU-PS-5LB,1
2023-07-19 15:21:00,CHL-CT-1LB,3
2023-07-19 16:02:00,CHL-CT-21LB,2
2023-07-19 09:43:00,CHL-PS-17LB,1
2023-07-19 13:34:00,AQU-PS-25LB,1
2023-07-19 12:59:00,CHL-CT-21LB,3
2023-07-19 14:27:00,AQU-CT-11LB,1
2023-07-19 16:31:00,CHL-PS-1LB,1
2023-07-19 17:55:00,AQU-PS-5LB,1
2023-07-19 11:00:00,AQU-CT-11LB,1
2023-07-19 11:00:00,INT-CT-25LB,1
2023-07-19 10:50:00,AQU-PS-5LB,1
2023-07-19 16:21:00,INT-CA-32OZ,1
2023-07-19 11:10:00,INT-BA-32OZ,1
2023-07-19 15:11:00,INT-CA-32OZ,3
2023-07-19 15:48:00,AQU-CT-11LB,1
2023-07-19 14:27:00,CHL-CT-1LB,1
2023-07-19 17:35:00,CHL-PS-1LB,1
2023-07-19 18:14:00,CHL-PS-1LB,1
2023-07-19 12:20:00,INT-CA-32OZ,1
2023-07-19 09:40:00,AQU-PS-5LB,1
2023-07-19 13:51:00,AQU-PD-5LB,1
2023-07-19 08:10:00,CHL-CT-1LB,2
2023-07-19 13:08:00,INT-BA-32OZ,1
2023-07-19 16:23:00,CHL-PS-17LB,2
2023-07-19 12:27:00,INT-MA-1GAL,2
2023-07-19 09:15:00,HTH-S-5LB,1
2023-07-19 08:51:00,BIO-PD-2LB,1
2023-07-20 11:58:00,CHL-PS-1LB,1
2023-07-20 08:34:00,INT-LS-1GAL,1
2023-07-20 17:59:00,INT-AI-25LB,1
2023-07-20 15:08:00,AQU-BA-32OZ,4
2023-07-20 08:40:00,CHL-CT-1LB,1
2023-07-20 15:48:00,CHL-PS-17LB,1
2023-07-20 11:35:00,INT-CT-25LB,1
2023-07-20 10:30:00,CHL-CT-1LB,1
2023-07-20 15:30:00,AQU-CT-11LB,1
2023-07-20 15:58:00,AQU-BA-32OZ,1
2023-07-20 09:07:00,CHL-CT-1LB,1
2023-07-20 16:18:00,BIO-MA-32OZ,1
2023-07-20 10:20:00,AQU-PS-5LB,1
2023-07-20 10:44:00,CHL-PU-2LB,3
2023-07-20 15:41:00,AQU-PS-25LB,2
2023-07-20 16:58:00,CHL-PS-1LB,1
2023-07-20 14:12:00,CHL-CT-21LB,1
2023-07-20 08:49:00,BIO-MA-32OZ,3
2023-07-20 17:03:00,CHL-PS-1LB,1
2023-07-20 08:28:00,AQU-CT-11LB,1
2023-07-20 09:09:00,CHL-PU-2LB,3
2023-07-20 09:03:00,INT-BA-32OZ,1
2023-07-20 10:45:00,BIO-MA-32OZ,1
2023-07-20 12:09:00,HTH-S-5LB,1
2023-07-20 11:18:00,INT-CT-25LB,1
2023-07-20 18:18:00,CHL-CT-1LB,1
2023-07-20 15:13:00,INT-BA-32OZ,2
2023-07-20 18:03:00,INT-CT-25LB,1
2023-07-20 13:47:00,AQU-BA-32OZ,2
2023-07-20 18:30:00,CHL-PS-17LB,2
2023-07-20 18:28:00,HTH-AI-11LB,1
2023-07-20 15:06:00,INT-LS-1GAL,1
2023-07-20 17:53:00,INT-LS-1GAL,1
2023-07-20 14:59:00,CHL-CT-21LB,3
2023-07-20 09:43:00,INT-CT-25LB,1
2023-07-21 18:30:00,INT-CA-32OZ,1
2023-07-21 09:24:00,AQU-PS-25LB,1
2023-07-21 13:45:00,CHL-PS-1LB,4
2023-07-21 17:27:00,CHL-CT-21LB,2
2023-07-21 13:49:00,AQU-PS-25LB,2
2023-07-21 14:25:00,INT-CT-25LB,1
2023-07-21 15:26:00,INT-AI-5LB,1
2023-07-21 12:02:00,INT-BA-32OZ,1
2023-07-21 17:39:00,INT-LS-1GAL,3
2023-07-21 18:24:00,INT-CA-32OZ,1
2023-07-21 16:54:00,AQU-BA-32OZ,1
2023-07-21 11:12:00,INT-CT-25LB,1
2023-07-21 12:49:00,INT-CT-25LB,1
2023-07-21 12:01:00,CHL-CT-1LB,4
2023-07-21 08:39:00,AQU-PS-5LB,1
2023-07-21 13:09:00,CHL-PS-1LB,1
2023-07-21 10:59:00,CHL-CT-1LB,1
2023-07-21 12:08:00,CHL-CT-21LB,1
2023-07-21 18:24:00,INT-CA-32OZ,4
2023-07-21 18:45:00,INT-CT-25LB,1
2023-07-21 13:12:00,AQU-PS-5LB,2
2023-07-21 15:39:00,INT-BA-32OZ,1
2023-07-21 11:44:00,AQU-PS-25LB,2
2023-07-21 10:08:00,INT-CT-25LB,1
2023-07-21 09:37:00,CHL-PS-17LB,1
2023-07-21 09:48:00,INT-CA-32OZ,3
2023-07-21 12:15:00,INT-CA-32OZ,1
2023-07-21 17:45:00,INT-BA-32OZ,1
2023-07-21 08:29:00,AQU-PS-25LB,3
2023-07-21 08:23:00,CHL-CT-21LB,1
2023-07-21 12:30:00,AQU-CHI-11LB,4
2023-07-21 18:15:00,INT-CT-25LB,1
2023-07-21 14:03:00,CHL-CT-1LB,3
2023-07-21 09:21:00,INT-LS-1GAL,4
2023-07-21 15:50:00,AQU-PS-5LB,1
2023-07-21 18:37:00,CHL-CT-21LB,1
2023-07-21 09:05:00,INT-MA-1GAL,1
2023-07-21 13:02:00,AQU-PS-25LB,1
2023-07-21 09:02:00,INT-CA-32OZ,1
2023-07-21 09:25:00,AQU-BA-32OZ,1
2023-07-21 10:26:00,AQU-PS-25LB,1
2023-07-21 08:01:00,AQU-PS-5LB,1
2023-07-22 10:25:00,INT-CT-25LB,2
2023-07-22 13:35:00,INT-CA-32OZ,1
2023-07-22 17:45:00,INT-BA-32OZ,1
2023-07-22 11:42:00,CHL-CT-21LB,1
2023-07-22 12:54:00,BIO-MA-32OZ,1
2023-07-22 15:58:00,AQU-PS-25LB,1
2023-07-22 13:38:00,AQU-CT-11LB,1
2023-07-22 15:55:00,INT-CT-25LB,3
2023-07-22 16:58:00,INT-CT-25LB,1
2023-07-22 11:14:00,BIO-MA-32OZ,2
2023-07-22 13:18:00,CHL-CT-1LB,1
2023-07-22 16:32:00,INT-CA-32OZ,1
2023-07-22 11:22:00,CHL-CT-1LB,1
2023-07-22 15:57:00,AQU-CHI-11LB,1
2023-07-22 09:38:00,CHL-PS-17LB,1
2023-07-22 10:06:00,AQU-BA-32OZ,1
2023-07-22 12:36:00,INT-CA-32OZ,1
2023-07-22 14:30:00,INT-BA-32OZ,2
2023-07-22 17:05:00,CHL-PS-1LB,3
2023-07-22 12:24:00,BIO-MA-32OZ,3
2023-07-22 11:57:00,BIO-MA-32OZ,3
2023-07-22 16:59:00,CHL-PS-17LB,1
2023-07-22 14:40:00,INT-LS-1GAL,1
2023-07-22 14:54:00,INT-CA-32OZ,1
2023-07-22 12:43:00,CHL-PS-1LB,2
2023-07-22 11:51:00,AQU-BA-32OZ,2
2023-07-22 10:01:00,BIO-MA-32OZ,1
2023-07-22 11:05:00,AQU-BA-32OZ,1
2023-07-22 15:44:00,AQU-CHI-11LB,1
2023-07-22 10:52:00,BIO-MA-32OZ,1
2023-07-22 18:26:00,INT-CT-25LB,2
2023-07-22 14:23:00,BIO-MA-32OZ,3
2023-07-22 10:49:00,CHL-PS-17LB,1
2023-07-23 12:25:00,CHL-PS-1LB,1
2023-07-23 16:21:00,AQU-PS-25LB,2
2023-07-23 12:54:00,AQU-CT-11LB,2
2023-07-23 17:57:00,AQU-CT-11LB,1
2023-07-23 10:46:00,AQU-PS-5LB,2
2023-07-23 15:42:00,INT-CA-32OZ,1
2023-07-23 10:18:00,INT-LS-1GAL,1
2023-07-23 08:02:00,BIO-MA-32OZ,2
2023-07-23 08:44:00,INT-CT-25LB,1
2023-07-23 18:42:00,CHL-PS-17LB,1
2023-07-23 10:01:00,CHL-PS-1LB,1
2023-07-23 16:25:00,AQU-PS-5LB,1
2023-07-23 18:03:00,CHL-CT-1LB,1
2023-07-23 09:19:00,INT-CT-25LB,1
2023-07-23 18:47:00,INT-BA-32OZ,1
2023-07-23 14:50:00,BIO-MA-32OZ,3
2023-07-23 08:20:00,INT-LS-1GAL,1
2023-07-23 09:37:00,AQU-BA-32OZ,3
2023-07-23 08:35:00,CHL-PS-1LB,1
2023-07-23 13:17:00,BIO-MA-32OZ,1
2023-07-23 11:52:00,AQU-BA-32OZ,1
2023-07-23 10:31:00,AQU-BA-32OZ,1
2023-07-23 09:25:00,AQU-PS-25LB,4
2023-07-23 18:12:00,AQU-PS-25LB,1
2023-07-23 08:56:00,AQU-BA-32OZ,1
2023-07-23 18:44:00,AQU-PS-5LB,1
2023-07-23 11:15:00,INT-BA-32OZ,2
2023-07-23 13:57:00,AQU-BA-32OZ,1
2023-07-23 14:54:00,CHL-CT-1LB,1
2023-07-23 18:58:00,AQU-BA-32OZ,2
2023-07-23 11:24:00,AQU-BA-32OZ,4
2023-07-23 17:45:00,INT-LS-1GAL,1
2023-07-24 11:51:00,CHL-PS-1LB,3
2023-07-24 08:05:00,CHL-CT-21LB,1
2023-07-24 08:03:00,CHL-CT-21LB,2
2023-07-24 08:37:00,CHL-PS-17LB,1
2023-07-24 08:33:00,AQU-CT-11LB,3
2023-07-24 17:37:00,CHL-CT-21LB,3
2023-07-24 11:04:00,CHL-CT-1LB,4
2023-07-24 16:28:00,AQU-BA-32OZ,1
2023-07-24 16:07:00,CHL-CT-1LB,1
2023-07-24 08:51:00,INT-CA-32OZ,1
2023-07-24 12:54:00,CHL-CT-1LB,1
2023-07-24 16:02:00,INT-CA-32OZ,1
2023-07-24 10:33:00,AQU-PS-5LB,1
2023-07-24 18:14:00,AQU-PS-25LB,1
2023-07-24 13:44:00,BIO-MA-32OZ,1
2023-07-24 12:04:00,CHL-PS-1LB,1
2023-07-24 13:34:00,HTH-F-2LB,1
2023-07-24 17:48:00,CHL-S-1LB,1
2023-07-24 10:39:00,CHL-PS-17LB,2
2023-07-24 18:03:00,CHL-CT-21LB,2
2023-07-24 17:47:00,AQU-BA-32OZ,1
2023-07-24 11:03:00,INT-BA-32OZ,1
2023-07-24 12:45:00,AQU-BA-32OZ,1
2023-07-24 11:40:00,CHL-PS-1LB,1
2023-07-24 15:26:00,CHL-S-1LB,1
2023-07-24 14:05:00,AQU-PS-25LB,1
2023-07-24 11:49:00,INT-CA-32OZ,1
2023-07-24 14:25:00,AQU-PS-25LB,1
2023-07-24 10:34:00,CHL-PS-1LB,1
2023-07-24 18:01:00,CHL-CT-1LB,1
2023-07-24 16:50:00,INT-LS-1GAL,1
2023-07-24 09:08:00,CHL-CT-1LB,2
2023-07-25 18:40:00,CHL-CT-1LB,1
2023-07-25 14:33:00,CHL-PS-17LB,1
2023-07-25 09:22:00,AQU-BA-32OZ,1
2023-07-25 17:19:00,INT-LS-1GAL,3
2023-07-25 15:57:00,INT-CA-32OZ,2
2023-07-25 12:49:00,INT-BA-32OZ,1
2023-07-25 15:54:00,CHL-S-1LB,3
2023-07-25 08:55:00,AQU-PS-25LB,2
2023-07-25 13:58:00,CHL-CT-1LB,1
2023-07-25 11:04:00,CHL-PS-17LB,1
2023-07-25 09:02:00,AQU-PS-5LB,1
2023-07-25 13:43:00,AQU-PS-25LB,1
2023-07-25 16:13:00,INT-BA-32OZ,3
2023-07-25 18:49:00,CHL-PS-17LB,3
2023-07-25 11:00:00,CHL-CT-1LB,2
2023-07-25 17:27:00,CHL-CT-21LB,3
2023-07-25 15:59:00,INT-BA-32OZ,1
2023-07-25 11:38:00,INT-LS-1GAL,4
2023-07-25 15:39:00,BIO-MA-32OZ,1
2023-07-25 16:18:00,CHL-PS-17LB,2
2023-07-25 10:06:00,AQU-CHI-11LB,1
2023-07-25 16:37:00,CHL-PU-2LB,1
2023-07-25 09:47:00,INT-MA-1GAL,2
2023-07-25 12:08:00,INT-LS-1GAL,1
2023-07-25 18:27:00,INT-BA-32OZ,1
2023-07-25 17:14:00,CHL-PU-2LB,2
2023-07-25 15:26:00,CHL-CT-21LB,3
2023-07-25 13:41:00,INT-CT-25LB,2
2023-07-25 08:48:00,BIO-MA-32OZ,3
2023-07-25 09:25:00,CHL-PS-1LB,1
2023-07-25 15:27:00,AQU-CT-11LB,1
2023-07-25 15:44:00,AQU-CT-11LB,2
2023-07-25 09:32:00,INT-LS-1GAL,1
2023-07-25 15:30:00,CHL-PS-17LB,1
2023-07-25 14:55:00,INT-BA-32OZ,1
2023-07-25 10:42:00,CHL-PS-17LB,1
2023-07-25 16:34:00,CHL-PS-1LB,1
2023-07-25 11:26:00,AQU-BA-32OZ,2
2023-07-25 11:27:00,INT-LS-1GAL,1
2023-07-25 16:33:00,INT-MA-1GAL,1
2023-07-25 18:42:00,INT-CT-25LB,1
2023-07-25 13:01:00,BIO-MA-32OZ,4
2023-07-25 09:46:00,CHL-CT-1LB,1
2023-07-25 18:25:00,INT-BA-32OZ,4
2023-07-26 18:10:00,AQU-BA-32OZ,1
2023-07-26 15:59:00,CHL-CT-1LB,1
2023-07-26 14:11:00,CHL-PS-17LB,1
2023-07-26 17:10:00,AQU-BA-32OZ,1
2023-07-26 10:27:00,INT-BA-32OZ,1
2023-07-26 14:27:00,INT-BA-32OZ,1
2023-07-26 15:32:00,INT-BA-32OZ,1
2023-07-26 16:00:00,INT-CT-25LB,1
2023-07-26 17:44:00,CHL-CT-21LB,1
2023-07-26 11:28:00,CHL-CT-1LB,1
2023-07-26 18:25:00,INT-CA-32OZ,2
2023-07-26 09:25:00,AQU-BA-32OZ,1
2023-07-26 13:10:00,INT-LS-1GAL,2
2023-07-26 10:35:00,CHL-CT-21LB,1
2023-07-26 18:38:00,INT-CA-32OZ,1
2023-07-26 18:57:00,CHL-PS-17LB,2
2023-07-26 16:38:00,INT-CA-32OZ,2
2023-07-26 08:29:00,INT-LS-1GAL,3
2023-07-26 12:37:00,INT-CA-32OZ,2
2023-07-26 17:15:00,INT-CA-32OZ,1
2023-07-26 13:36:00,AQU-PS-5LB,2
2023-07-26 16:06:00,INT-BA-32OZ,1
2023-07-26 10:20:00,INT-CA-32OZ,1
2023-07-26 13:39:00,CHL-CT-21LB,1
2023-07-26 15:30:00,AQU-PS-5LB,1
2023-07-26 15:09:00,INT-CA-32OZ,1
2023-07-26 14:20:00,CHL-PS-1LB,4
2023-07-26 17:53:00,CHL-PS-17LB,1
2023-07-26 15:24:00,BIO-PD-2LB,1
2023-07-26 12:01:00,BIO-MA-32OZ,4
2023-07-26 16:53:00,AQU-BA-32OZ,1
2023-07-26 11:58:00,CHL-CT-1LB,1
2023-07-26 16:23:00,BIO-MA-32OZ,3
2023-07-26 16:01:00,AQU-BA-32OZ,1
2023-07-26 13:01:00,AQU-CT-11LB,1
2023-07-26 09:58:00,CHL-PS-1LB,2
2023-07-26 12:07:00,AQU-PS-25LB,1
2023-07-26 15:06:00,BIO-MA-32OZ,1
2023-07-26 14:21:00,BIO-PD-2LB,1
2023-07-26 15:35:00,INT-MA-1GAL,1
2023-07-26 17:12:00,AQU-PS-5LB,1
2023-07-26 17:04:00,AQU-BA-32OZ,1
2023-07-27 10:37:00,INT-BA-32OZ,4
2023-07-27 13:55:00,AQU-PS-25LB,2
2023-07-27 14:22:00,INT-LS-1GAL,1
2023-07-27 09:34:00,INT-LS-1GAL,1
2023-07-27 16:28:00,CHL-PS-1LB,1
2023-07-27 09:41:00,AQU-CT-11LB,1
2023-07-27 09:53:00,INT-BA-32OZ,1
2023-07-27 12:33:00,INT-LS-1GAL,3
2023-07-27 14:02:00,CHL-CT-1LB,1
2023-07-27 08:55:00,CHL-CT-21LB,2
2023-07-27 18:23:00,CHL-PS-1LB,1
2023-07-27 08:00:00,BIO-MA-32OZ,1
2023-07-27 17:11:00,CHL-CT-1LB,3
2023-07-27 12:17:00,AQU-PS-5LB,1
2023-07-27 17:45:00,INT-LS-1GAL,1
2023-07-27 18:11:00,AQU-PS-25LB,1
2023-07-27 16:28:00,CHL-PS-1LB,1
2023-07-27 16:53:00,INT-MA-1GAL,2
2023-07-27 15:22:00,INT-LS-1GAL,1
2023-07-27 18:29:00,AQU-CT-11LB,1
2023-07-27 08:40:00,INT-AI-5LB,4
2023-07-27 11:41:00,CHL-CT-1LB,1
2023-07-27 08:49:00,AQU-BA-32OZ,2
2023-07-27 10:37:00,CHL-CT-21LB,1
2023-07-27 11:01:00,AQU-CT-11LB,3
2023-07-27 09:06:00,CHL-PS-17LB,2
2023-07-27 10:21:00,CHL-PS-1LB,3
2023-07-27 18:00:00,CHL-CT-21LB,1
2023-07-27 09:41:00,CHL-PS-1LB,1
2023-07-27 16:25:00,AQU-PS-25LB,1
2023-07-27 18:02:00,AQU-PS-25LB,1
2023-07-27 15:17:00,CHL-CT-21LB,1
2023-07-27 10:36:00,AQU-CT-11LB,1
2023-07-27 08:25:00,INT-CT-25LB,1
2023-07-27 18:41:00,AQU-PS-5LB,1
2023-07-27 17:22:00,CHL-PS-17LB,1
2023-07-27 10:11:00,CHL-CT-21LB,1
2023-07-27 10:14:00,BIO-MA-32OZ,1
2023-07-27 11:26:00,INT-CT-25LB,1
2023-07-27 17:13:00,INT-CA-32OZ,1
2023-07-27 09:40:00,BIO-MA-32OZ,3
2023-07-27 16:01:00,INT-CA-32OZ,2
2023-07-27 14:10:00,INT-LS-1GAL,1
2023-07-27 08:00:00,INT-MA-1GAL,3
2023-07-27 15:40:00,CHL-CT-21LB,1
2023-07-27 11:01:00,AQU-BA-32OZ,1
2023-07-28 12:50:00,CHL-PS-1LB,1
2023-07-28 10:57:00,BIO-MA-32OZ,1
2023-07-28 14:41:00,AQU-PD-5LB,4
2023-07-28 14:08:00,BIO-MA-32OZ,4
2023-07-28 12:44:00,CHL-CT-21LB,1
2023-07-28 17:28:00,BIO-MA-32OZ,1
2023-07-28 13:15:00,CHL-CT-1LB,1
2023-07-28 15:50:00,INT-BA-32OZ,2
2023-07-28 18:18:00,INT-BA-32OZ,2
2023-07-28 08:44:00,INT-BA-32OZ,1
2023-07-28 13:31:00,AQU-PS-5LB,2
2023-07-28 09:51:00,CHL-PS-1LB,4
2023-07-28 18:48:00,BIO-MA-32OZ,1
2023-07-28 12:19:00,HTH-S-5LB,1
2023-07-28 14:42:00,CHL-PS-1LB,1
2023-07-28 17:23:00,AQU-PS-25LB,1
2023-07-28 14:43:00,AQU-CT-11LB,2
2023-07-28 15:16:00,CHL-CT-21LB,1
2023-07-28 08:46:00,INT-LS-1GAL,1
2023-07-28 14:34:00,AQU-PS-25LB,1
2023-07-28 15:50:00,INT-CA-32OZ,1
2023-07-28 11:23:00,CHL-PS-1LB,1
2023-07-28 18:19:00,INT-BA-32OZ,2
2023-07-28 12:23:00,CHL-S-1LB,2
2023-07-28 11:16:00,AQU-CT-11LB,1
2023-07-28 13:46:00,AQU-PS-5LB,1
2023-07-28 09:17:00,CHL-CT-21LB,1
2023-07-28 14:41:00,AQU-PS-25LB,1
2023-07-28 14:57:00,INT-LS-1GAL,2
2023-07-28 16:34:00,CHL-PS-17LB,1
2023-07-28 18:52:00,CHL-PS-1LB,1
2023-07-28 14:22:00,CHL-PS-1LB,1
2023-07-28 16:12:00,AQU-PS-5LB,1
2023-07-28 18:47:00,INT-LS-1GAL,2
2023-07-28 12:32:00,AQU-PS-25LB,1
2023-07-28 11:50:00,INT-CT-25LB,1
2023-07-28 12:35:00,INT-LS-1GAL,1
2023-07-28 11:42:00,BIO-MA-32OZ,1
2023-07-28 13:41:00,CHL-CT-21LB,1
2023-07-28 16:27:00,CHL-PS-1LB,4
2023-07-28 18:10:00,INT-LS-1GAL,1
2023-07-28 14:53:00,HTH-AI-11LB,2
2023-07-28 15:13:00,INT-CT-25LB,1
2023-07-29 14:53:00,INT-CA-32OZ,2
2023-07-29 12:33:00,CHL-PS-1LB,1
2023-07-29 13:15:00,INT-LS-1GAL,1
2023-07-29 10:01:00,CHL-CT-1LB,1
2023-07-29 18:51:00,CHL-PS-17LB,1
2023-07-29 15:30:00,INT-BA-32OZ,1
2023-07-29 13:33:00,AQU-BA-32OZ,2
2023-07-29 15:00:00,HTH-S-5LB,1
2023-07-29 16:57:00,INT-BA-32OZ,3
2023-07-29 17:18:00,BIO-MA-32OZ,2
2023-07-29 11:10:00,CHL-CT-21LB,1
2023-07-29 18:26:00,AQU-BA-32OZ,2
2023-07-29 17:35:00,BIO-MA-32OZ,1
2023-07-29 11:42:00,INT-LS-1GAL,1
2023-07-29 18:16:00,BIO-MA-32OZ,3
2023-07-29 12:15:00,INT-LS-1GAL,1
2023-07-29 14:38:00,AQU-PS-5LB,1
2023-07-29 13:55:00,AQU-CT-11LB,2
2023-07-29 16:02:00,AQU-BA-32OZ,1
2023-07-29 13:01:00,CHL-CT-21LB,1
2023-07-29 12:20:00,INT-LS-1GAL,4
2023-07-29 08:23:00,AQU-BA-32OZ,1
2023-07-29 08:38:00,CHL-CT-21LB,1
2023-07-29 10:34:00,CHL-CT-21LB,1
2023-07-29 12:25:00,AQU-PS-5LB,3
2023-07-29 15:10:00,INT-CT-25LB,4
2023-07-29 08:03:00,CHL-PS-1LB,2
2023-07-29 15:12:00,BIO-MA-32OZ,1
2023-07-29 12:11:00,INT-LS-1GAL,3
2023-07-29 17:48:00,CHL-CT-21LB,1
2023-07-29 11:36:00,AQU-BA-32OZ,1
2023-07-30 15:28:00,INT-CT-25LB,1
2023-07-30 11:58:00,CHL-CT-21LB,2
2023-07-30 15:58:00,INT-CT-25LB,1
2023-07-30 10:54:00,AQU-PS-25LB,2
2023-07-30 17:20:00,AQU-CT-11LB,4
2023-07-30 12:40:00,CHL-PS-1LB,1
2023-07-30 13:42:00,CHL-PS-17LB,1
2023-07-30 18:43:00,AQU-PS-25LB,2
2023-07-30 08:15:00,AQU-BA-32OZ,1
2023-07-30 16:59:00,CHL-PS-17LB,3
2023-07-30 08:04:00,CHL-CT-1LB,1
2023-07-30 14:08:00,AQU-PS-25LB,1
2023-07-30 13:35:00,AQU-PS-25LB,1
2023-07-30 13:07:00,CHL-CT-21LB,2
2023-07-30 13:02:00,INT-LS-1GAL,1
2023-07-30 18:08:00,AQU-PS-25LB,3
2023-07-30 18:00:00,CHL-CT-21LB,1
2023-07-30 12:21:00,AQU-PS-25LB,1
2023-07-30 08:42:00,CHL-PS-1LB,1
2023-07-30 10:35:00,INT-LS-1GAL,4
2023-07-30 09:19:00,CHL-PS-17LB,2
2023-07-30 11:21:00,INT-LS-1GAL,1
2023-07-30 11:56:00,INT-AI-5LB,2
2023-07-30 09:08:00,INT-CT-25LB,1
2023-07-30 15:38:00,CHL-CHI-20LB,1
2023-07-30 12:49:00,AQU-PS-5LB,1
2023-07-30 18:43:00,INT-BA-32OZ,1
2023-07-30 18:43:00,INT-CA-32OZ,1
2023-07-30 11:52:00,INT-MA-1GAL,1
2023-07-30 11:48:00,INT-BA-32OZ,1
2023-07-30 15:39:00,CHL-S-1LB,1
2023-07-30 13:12:00,CHL-CT-21LB,3
2023-07-30 09:51:00,BIO-PD-2LB,1
2023-07-30 09:07:00,AQU-PD-5LB,2
2023-07-30 10:15:00,CHL-PS-1LB,1
2023-07-30 18:22:00,CHL-CT-1LB,1
2023-07-30 17:01:00,INT-BA-32OZ,1
2023-07-30 12:55:00,BIO-MA-32OZ,2
2023-07-30 10:25:00,INT-BA-32OZ,3
2023-07-30 13:11:00,BIO-MA-32OZ,1
2023-07-30 15:52:00,BIO-MA-32OZ,4
2023-07-30 12:09:00,AQU-PS-5LB,4
2023-07-30 16:27:00,CHL-PS-1LB,1
2023-07-30 18:24:00,INT-CA-32OZ,2
2023-07-30 10:51:00,INT-CA-32OZ,1
2023-07-30 18:22:00,INT-BA-32OZ,1
2023-07-30 09:44:00,CHL-CT-21LB,1
2023-07-30 08:33:00,AQU-BA-32OZ,1
2023-07-30 13:31:00,CHL-CT-21LB,1
2023-07-31 11:35:00,INT-BA-32OZ,1
2023-07-31 18:22:00,AQU-CT-11LB,1
2023-07-31 13:18:00,CHL-PS-1LB,1
2023-07-31 13:05:00,AQU-CT-11LB,1
2023-07-31 12:40:00,CHL-PS-17LB,3
2023-07-31 14:02:00,CHL-PS-1LB,3
2023-07-31 17:52:00,INT-CA-32OZ,1
2023-07-31 18:05:00,AQU-CT-11LB,4
2023-07-31 17:14:00,INT-BA-32OZ,1
2023-07-31 13:06:00,AQU-CT-11LB,1
2023-07-31 09:30:00,BIO-MA-32OZ,3
2023-07-31 18:57:00,AQU-PS-5LB,1
2023-07-31 12:22:00,INT-LS-1GAL,4
2023-07-31 13:20:00,CHL-CT-21LB,3
2023-07-31 18:14:00,AQU-CT-11LB,2
2023-07-31 15:44:00,INT-LS-1GAL,3
2023-07-31 08:59:00,AQU-CT-11LB,2
2023-07-31 14:08:00,AQU-PS-25LB,1
2023-07-31 15:11:00,CHL-CT-1LB,1
2023-07-31 16:54:00,CHL-CT-1LB,1
2023-07-31 09:26:00,CHL-PS-17LB,1
2023-07-31 15:12:00,AQU-CT-11LB,1
2023-07-31 11:28:00,AQU-CT-11LB,1
2023-07-31 12:24:00,AQU-PS-5LB,1
2023-07-31 09:53:00,AQU-BA-32OZ,1
2023-07-31 10:54:00,INT-BA-32OZ,1
2023-07-31 09:42:00,INT-AI-5LB,1
2023-07-31 13:53:00,BIO-MA-32OZ,1
2023-07-31 15:23:00,CHL-PS-1LB,1
2023-07-31 14:46:00,CHL-CT-1LB,1
2023-07-31 10:48:00,CHL-CT-1LB,3
2023-07-31 14:16:00,CHL-CT-1LB,1
2023-07-31 09:11:00,INT-CA-32OZ,2
2023-07-31 14:01:00,AQU-PS-5LB,2
2023-08-01 16:07:00,AQU-PS-25LB,1
2023-08-01 16:50:00,CHL-CT-1LB,1
2023-08-01 18:28:00,CHL-CT-1LB,1
2023-08-01 14:10:00,INT-CA-32OZ,1
2023-08-01 08:37:00,INT-BA-32OZ,3
2023-08-01 17:59:00,AQU-BA-32OZ,3
2023-08-01 08:27:00,CHL-PS-17LB,1
2023-08-01 17:14:00,CHL-CT-21LB,1
2023-08-01 09:38:00,AQU-PS-5LB,1
2023-08-01 14:15:00,HTH-AI-11LB,1
2023-08-01 08:50:00,CHL-CT-1LB,1
2023-08-01 11:59:00,INT-CA-32OZ,1
2023-08-01 17:38:00,AQU-PS-5LB,4
2023-08-01 13:04:00,BIO-MA-32OZ,2
2023-08-01 14:47:00,CHL-S-1LB,1
2023-08-01 15:03:00,INT-CA-32OZ,1
2023-08-01 12:21:00,INT-BA-32OZ,1
2023-08-01 08:45:00,AQU-PS-5LB,1
2023-08-01 13:46:00,CHL-PS-1LB,1
2023-08-01 17:52:00,CHL-CT-21LB,1
2023-08-01 17:34:00,AQU-PS-5LB,1
2023-08-01 10:58:00,INT-CT-25LB,1
2023-08-01 10:58:00,CHL-PS-1LB,1
2023-08-01 18:45:00,BIO-MA-32OZ,1
2023-08-01 14:28:00,CHL-CT-1LB,1
2023-08-01 11:43:00,AQU-BA-32OZ,1
2023-08-01 09:11:00,INT-LS-1GAL,3
2023-08-01 11:17:00,INT-LS-1GAL,1
2023-08-02 16:58:00,CHL-PS-1LB,4
2023-08-02 16:33:00,BIO-MA-32OZ,1
2023-08-02 08:19:00,CHL-PS-1LB,1
2023-08-02 16:22:00,CHL-CT-21LB,1
2023-08-02 09:42:00,INT-CT-25LB,1
2023-08-02 12:41:00,BIO-MA-32OZ,1
2023-08-02 10:03:00,INT-CT-25LB,2
2023-08-02 10:23:00,AQU-CT-11LB,2
2023-08-02 17:52:00,AQU-PS-5LB,2
2023-08-02 11:25:00,INT-MA-1GAL,1
2023-08-02 12:23:00,CHL-CT-1LB,1
2023-08-02 08:54:00,INT-BA-32OZ,1
2023-08-02 18:09:00,CHL-PS-1LB,2
2023-08-02 16:11:00,BIO-MA-32OZ,3
2023-08-02 11:06:00,CHL-CT-21LB,1
2023-08-02 11:16:00,AQU-BA-32OZ,1
2023-08-02 10:30:00,INT-BA-32OZ,1
2023-08-02 13:49:00,CHL-CT-1LB,1
2023-08-02 13:28:00,CHL-PS-1LB,1
2023-08-02 14:29:00,AQU-CT-11LB,2
2023-08-02 10:38:00,CHL-CT-1LB,1
2023-08-02 17:04:00,AQU-CT-11LB,1
2023-08-02 09:45:00,AQU-PS-5LB,1
2023-08-02 13:18:00,INT-LS-1GAL,1
2023-08-02 17:01:00,AQU-PS-25LB,2
2023-08-02 12:40:00,AQU-PS-25LB,1
2023-08-02 12:12:00,INT-MA-1GAL,1
2023-08-02 09:33:00,CHL-PS-1LB,1
2023-08-02 11:41:00,INT-CT-25LB,1
2023-08-02 12:15:00,CHL-PS-1LB,1
2023-08-02 14:56:00,BIO-PD-2LB,1
2023-08-02 17:23:00,AQU-CT-11LB,1
2023-08-02 11:58:00,AQU-PS-5LB,1
2023-08-02 09:56:00,BIO-PU-5LB,1
2023-08-02 08:43:00,CHL-CHI-20LB,1
2023-08-02 18:54:00,CHL-CT-1LB,1
2023-08-03 17:30:00,INT-BA-32OZ,1
2023-08-03 15:07:00,CHL-CT-1LB,2
2023-08-03 18:41:00,CHL-PS-1LB,1
2023-08-03 09:20:00,AQU-PS-5LB,1
2023-08-03 08:26:00,BIO-MA-32OZ,1
2023-08-03 10:43:00,INT-MA-1GAL,3
2023-08-03 17:07:00,CHL-CT-1LB,1
2023-08-03 18:59:00,BIO-MA-32OZ,3
2023-08-03 15:38:00,CHL-PS-17LB,3
2023-08-03 10:24:00,AQU-BA-32OZ,1
2023-08-03 13:51:00,BIO-MA-32OZ,1
2023-08-03 09:58:00,INT-CT-25LB,1
2023-08-03 15:13:00,CHL-PS-17LB,2
2023-08-03 10:32:00,CHL-PS-1LB,1
2023-08-03 09:53:00,AQU-BA-32OZ,1
2023-08-03 14:09:00,INT-LS-1GAL,1
2023-08-03 18:39:00,AQU-PS-25LB,2
2023-08-03 09:47:00,CHL-CT-1LB,1
2023-08-03 08:46:00,AQU-PS-25LB,1
2023-08-03 16:31:00,CHL-PS-17LB,1
2023-08-03 11:52:00,AQU-CT-11LB,1
2023-08-03 17:09:00,CHL-PS-1LB,1
2023-08-03 10:06:00,AQU-CT-11LB,2
2023-08-03 17:35:00,INT-CT-25LB,1
2023-08-03 11:25:00,AQU-BA-32OZ,3
2023-08-03 17:57:00,INT-LS-1GAL,1
2023-08-03 09:50:00,AQU-CT-11LB,3
2023-08-03 13:28:00,CHL-CT-21LB,4
2023-08-03 11:43:00,CHL-PS-17LB,1
2023-08-03 15:27:00,BIO-MA-32OZ,2
2023-08-04 09:49:00,INT-CA-32OZ,3
2023-08-04 08:22:00,INT-BA-32OZ,1
2023-08-04 10:36:00,AQU-CT-11LB,1
2023-08-04 16:43:00,CHL-CT-1LB,1
2023-08-04 15:31:00,CHL-CT-1LB,1
2023-08-04 08:28:00,AQU-PS-5LB,3
2023-08-04 18:18:00,CHL-PS-1LB,1
2023-08-04 13:54:00,AQU-CT-11LB,1
2023-08-04 17:47:00,CHL-CT-1LB,1
2023-08-04 17:53:00,AQU-PS-5LB,2
2023-08-04 09:23:00,INT-CA-32OZ,1
2023-08-04 11:03:00,INT-BA-32OZ,1
2023-08-04 12:17:00,INT-CA-32OZ,1
2023-08-04 13:03:00,AQU-PS-25LB,1
2023-08-04 08:51:00,CHL-CT-1LB,1
2023-08-04 10:00:00,CHL-CT-1LB,2
2023-08-04 10:49:00,AQU-CT-11LB,1
2023-08-04 18:24:00,BIO-MA-32OZ,3
2023-08-04 16:15:00,AQU-CT-11LB,1
2023-08-04 16:31:00,INT-CT-25LB,1
2023-08-04 16:39:00,INT-BA-32OZ,2
2023-08-04 08:56:00,CHL-CT-1LB,1
2023-08-04 11:47:00,CHL-PS-1LB,1
2023-08-04 12:40:00,AQU-PS-25LB,1
2023-08-04 13:56:00,CHL-CT-1LB,1
2023-08-04 08:10:00,CHL-CT-21LB,1
2023-08-04 17:20:00,INT-CT-25LB,1
2023-08-04 16:25:00,AQU-PS-25LB,2
2023-08-04 15:48:00,INT-BA-32OZ,2
2023-08-04 14:03:00,AQU-PS-5LB,1
2023-08-04 11:41:00,INT-CT-25LB,3
2023-08-04 08:17:00,AQU-BA-32OZ,2
2023-08-04 08:38:00,CHL-PS-1LB,2
2023-08-04 11:17:00,AQU-BA-32OZ,1
2023-08-04 14:43:00,CHL-CT-1LB,1
2023-08-04 15:43:00,AQU-PS-25LB,1
2023-08-04 13:19:00,AQU-BA-32OZ,3
2023-08-04 18:04:00,INT-MA-1GAL,1
2023-08-04 16:45:00,CHL-CT-1LB,1
2023-08-04 10:15:00,CHL-CT-1LB,1
2023-08-04 14:34:00,INT-CA-32OZ,1
2023-08-04 16:06:00,CHL-PS-1LB,1
2023-08-04 08:04:00,AQU-PD-5LB,1
2023-08-04 11:53:00,AQU-CT-11LB,4
2023-08-04 16:42:00,AQU-CT-11LB,1
2023-08-04 10:28:00,CHL-CT-21LB,1
2023-08-04 10:04:00,AQU-PS-5LB,3
2023-08-04 08:55:00,INT-LS-1GAL,1
2023-08-04 13:06:00,CHL-CT-21LB,1
2023-08-04 11:15:00,CHL-CT-21LB,1
2023-08-04 12:24:00,INT-LS-1GAL,1
2023-08-04 08:06:00,AQU-PS-25LB,1
2023-08-04 16:19:00,CHL-PS-1LB,1
2023-08-04 10:09:00,INT-CA-32OZ,1
2023-08-05 11:34:00,CHL-S-1LB,1
2023-08-05 18:35:00,INT-MA-1GAL,1
2023-08-05 10:23:00,INT-CA-32OZ,3
2023-08-05 11:11:00,CHL-CT-21LB,3
2023-08-05 08:49:00,CHL-CT-21LB,1
2023-08-05 16:47:00,AQU-CT-11LB,1
2023-08-05 11:43:00,CHL-CT-21LB,4
2023-08-05 09:56:00,BIO-MA-32OZ,2
2023-08-05 18:24:00,INT-BA-32OZ,1
2023-08-05 16:07:00,CHL-PS-17LB,1
2023-08-05 18:26:00,CHL-PS-1LB,1
2023-08-05 11:26:00,BIO-MA-32OZ,1
2023-08-05 08:15:00,AQU-PS-5LB,1
2023-08-05 16:36:00,INT-LS-1GAL,1
2023-08-05 18:42:00,AQU-PS-25LB,1
2023-08-05 18:05:00,AQU-BA-32OZ,1
2023-08-05 18:44:00,BIO-MA-32OZ,1
2023-08-05 15:15:00,INT-LS-1GAL,2
2023-08-05 14:38:00,INT-CT-25LB,1
2023-08-05 08:29:00,CHL-PS-1LB,2
2023-08-05 16:37:00,AQU-CT-11LB,1
2023-08-05 12:41:00,CHL-PS-17LB,1
2023-08-05 15:27:00,BIO-MA-32OZ,2
2023-08-05 15:11:00,CHL-CT-21LB,1
2023-08-05 08:02:00,AQU-PD-5LB,1
2023-08-05 08:22:00,BIO-MA-32OZ,1
2023-08-05 10:05:00,AQU-CT-11LB,3
2023-08-05 12:44:00,INT-LS-1GAL,2
2023-08-05 09:49:00,INT-BA-32OZ,1
2023-08-05 08:30:00,BIO-MA-32OZ,1
2023-08-05 08:29:00,INT-CA-32OZ,4
2023-08-05 09:27:00,CHL-S-1LB,2
2023-08-05 11:17:00,CHL-CT-21LB,1
2023-08-05 16:23:00,INT-CA-32OZ,1
2023-08-06 08:50:00,AQU-PS-5LB,1
2023-08-06 18:42:00,CHL-PS-1LB,3
2023-08-06 16:53:00,AQU-CT-11LB,1
2023-08-06 17:20:00,CHL-CT-1LB,3
2023-08-06 09:11:00,BIO-PD-2LB,1
2023-08-06 11:29:00,BIO-MA-32OZ,1
2023-08-06 08:33:00,INT-CT-25LB,2
2023-08-06 13:05:00,AQU-PS-25LB,1
2023-08-06 09:56:00,INT-LS-1GAL,1
2023-08-06 17:48:00,AQU-PS-5LB,1
2023-08-06 09:39:00,INT-CT-25LB,1
2023-08-06 12:51:00,INT-CT-25LB,1
2023-08-06 18:19:00,AQU-BA-32OZ,1
2023-08-06 13:16:00,INT-CHI-7LB,1
2023-08-06 13:26:00,INT-BA-32OZ,1
2023-08-06 17:30:00,INT-CA-32OZ,1
2023-08-06 10:39:00,INT-CT-25LB,1
2023-08-06 14:22:00,CHL-PS-17LB,2
2023-08-06 13:24:00,AQU-BA-32OZ,1
2023-08-06 09:38:00,BIO-PU-5LB,1
2023-08-06 10:29:00,INT-CA-32OZ,4
2023-08-06 14:31:00,CHL-PS-17LB,1
2023-08-06 09:15:00,INT-LS-1GAL,1
2023-08-06 15:28:00,INT-CA-32OZ,1
2023-08-06 18:51:00,INT-AI-5LB,1
2023-08-06 09:44:00,CHL-CT-21LB,1
2023-08-06 18:32:00,CHL-PU-2LB,1
2023-08-06 16:26:00,AQU-CHI-11LB,1
2023-08-06 10:54:00,INT-CT-25LB,1
2023-08-06 14:15:00,AQU-BA-32OZ,1
2023-08-06 17:22:00,INT-BA-32OZ,1
2023-08-06 14:06:00,CHL-CT-1LB,1
2023-08-06 10:47:00,BIO-MA-32OZ,1
2023-08-06 14:48:00,AQU-BA-32OZ,1
2023-08-06 14:59:00,CHL-CT-1LB,1
2023-08-06 15:34:00,INT-BA-32OZ,2
2023-08-06 11:01:00,BIO-MA-32OZ,1
2023-08-06 13:23:00,INT-MA-1GAL,1
2023-08-06 15:13:00,AQU-BA-32OZ,1
2023-08-06 15:06:00,CHL-PS-1LB,1
2023-08-06 11:34:00,INT-LS-1GAL,4
2023-08-06 16:30:00,AQU-PS-5LB,1
2023-08-06 12:52:00,CHL-PS-1LB,1
2023-08-06 08:10:00,INT-CT-25LB,1
2023-08-07 11:43:00,AQU-PS-25LB,1
2023-08-07 18:59:00,INT-CA-32OZ,2
2023-08-07 12:42:00,BIO-MA-32OZ,4
2023-08-07 14:04:00,AQU-BA-32OZ,1
2023-08-07 12:19:00,CHL-CT-1LB,3
2023-08-07 14:56:00,INT-CT-25LB,1
2023-08-07 14:11:00,INT-CT-25LB,4
2023-08-07 15:27:00,AQU-BA-32OZ,1
2023-08-07 11:46:00,INT-MA-1GAL,4
2023-08-07 11:00:00,AQU-PS-25LB,3
2023-08-07 12:43:00,AQU-BA-32OZ,1
2023-08-07 09:04:00,INT-BA-32OZ,1
2023-08-07 15:26:00,INT-BA-32OZ,3
2023-08-07 09:43:00,CHL-CT-21LB,1
2023-08-07 12:11:00,BIO-PU-5LB,4
2023-08-07 18:42:00,CHL-PS-1LB,3
2023-08-07 09:23:00,AQU-PS-5LB,1
2023-08-07 10:18:00,INT-CA-32OZ,2
2023-08-07 16:14:00,INT-CA-32OZ,1
2023-08-07 09:38:00,AQU-PS-5LB,3
2023-08-07 14:34:00,AQU-PS-5LB,1
2023-08-07 14:13:00,BIO-MA-32OZ,1
2023-08-07 14:16:00,INT-LS-1GAL,1
2023-08-07 15:01:00,AQU-BA-32OZ,4
2023-08-07 12:24:00,CHL-PS-1LB,1
2023-08-07 13:24:00,AQU-PS-25LB,2
2023-08-07 16:36:00,INT-LS-1GAL,2
2023-08-07 14:37:00,CHL-CT-21LB,1
2023-08-07 16:57:00,AQU-BA-32OZ,1
2023-08-07 15:59:00,AQU-BA-32OZ,1
2023-08-07 08:13:00,CHL-PS-17LB,1
2023-08-07 14:35:00,CHL-CT-21LB,1
2023-08-08 11:00:00,BIO-MA-32OZ,1
2023-08-08 08:17:00,AQU-BA-32OZ,1
2023-08-08 16:14:00,AQU-PS-25LB,1
2023-08-08 15:43:00,AQU-BA-32OZ,1
2023-08-08 17:58:00,AQU-PS-5LB,1
2023-08-08 18:14:00,AQU-CT-11LB,1
2023-08-08 14:46:00,CHL-PS-1LB,1
2023-08-08 11:44:00,CHL-CT-1LB,2
2023-08-08 09:48:00,BIO-MA-32OZ,1
2023-08-08 13:36:00,AQU-CT-11LB,1
2023-08-08 10:47:00,AQU-BA-32OZ,1
2023-08-08 10:49:00,CHL-CT-1LB,3
2023-08-08 17:07:00,HTH-AI-11LB,3
2023-08-08 18:41:00,HTH-F-2LB,3
2023-08-08 10:30:00,INT-CA-32OZ,1
2023-08-08 08:24:00,INT-MA-1GAL,3
2023-08-08 13:38:00,AQU-PS-25LB,1
2023-08-08 11:17:00,CHL-PS-1LB,4
2023-08-08 09:02:00,INT-CT-25LB,1
2023-08-08 12:03:00,INT-LS-1GAL,4
2023-08-08 14:47:00,INT-CT-25LB,1
2023-08-08 18:09:00,CHL-CT-21LB,1
2023-08-08 17:06:00,AQU-PS-5LB,1
2023-08-08 09:34:00,CHL-CT-21LB,1
2023-08-08 15:10:00,INT-CT-25LB,1
2023-08-08 10:32:00,INT-MA-1GAL,1
2023-08-08 10:17:00,AQU-PS-5LB,1
2023-08-08 15:07:00,AQU-PS-5LB,1
2023-08-08 16:12:00,CHL-CT-1LB,2
2023-08-08 08:05:00,AQU-PS-25LB,1
2023-08-08 16:07:00,BIO-PD-2LB,1
2023-08-08 15:44:00,BIO-MA-32OZ,1
2023-08-08 17:49:00,CHL-PS-17LB,1
2023-08-08 14:41:00,AQU-PS-25LB,3
2023-08-09 15:21:00,INT-CT-25LB,1
2023-08-09 18:28:00,INT-CA-32OZ,1
2023-08-09 16:39:00,INT-CA-32OZ,2
2023-08-09 16:41:00,INT-LS-1GAL,1
2023-08-09 12:53:00,AQU-PS-25LB,1
2023-08-09 17:30:00,CHL-PS-1LB,4
2023-08-09 12:37:00,AQU-CT-11LB,1
2023-08-09 17:28:00,CHL-PS-1LB,1
2023-08-09 17:38:00,CHL-PS-1LB,1
2023-08-09 08:20:00,CHL-PS-1LB,1
2023-08-09 10:59:00,INT-BA-32OZ,3
2023-08-09 10:06:00,CHL-CT-1LB,2
2023-08-09 15:07:00,CHL-PS-1LB,2
2023-08-09 09:17:00,CHL-PS-1LB,2
2023-08-09 16:54:00,AQU-BA-32OZ,2
2023-08-09 14:50:00,BIO-MA-32OZ,1
2023-08-09 13:26:00,AQU-PS-25LB,1
2023-08-09 13:33:00,AQU-CT-11LB,1
2023-08-09 09:35:00,AQU-CT-11LB,1
2023-08-09 17:34:00,CHL-PS-1LB,1
2023-08-09 18:06:00,INT-BA-32OZ,1
2023-08-09 08:27:00,AQU-CT-11LB,4
2023-08-09 09:31:00,AQU-BA-32OZ,1
2023-08-09 11:40:00,INT-LS-1GAL,1
2023-08-09 18:54:00,CHL-PS-1LB,1
2023-08-09 13:26:00,INT-MA-1GAL,4
2023-08-09 11:06:00,BIO-MA-32OZ,1
2023-08-09 14:12:00,CHL-PS-17LB,1
2023-08-09 09:10:00,INT-BA-32OZ,1
2023-08-09 17:29:00,INT-BA-32OZ,2
2023-08-09 13:53:00,BIO-MA-32OZ,1
2023-08-09 13:28:00,BIO-MA-32OZ,1
2023-08-09 10:47:00,INT-BA-32OZ,1
2023-08-09 14:06:00,AQU-PS-25LB,1
2023-08-10 12:38:00,CHL-PS-17LB,4
2023-08-10 14:13:00,CHL-CT-1LB,3
2023-08-10 15:58:00,CHL-PS-17LB,1
2023-08-10 16:32:00,CHL-CT-21LB,1
2023-08-10 09:05:00,INT-BA-32OZ,1
2023-08-10 17:53:00,BIO-MA-32OZ,1
2023-08-10 11:33:00,INT-CT-25LB,1
2023-08-10 17:41:00,INT-BA-32OZ,1
2023-08-10 17:56:00,CHL-CT-1LB,1
2023-08-10 17:03:00,INT-CT-25LB,3
2023-08-10 14:33:00,AQU-PS-5LB,2
2023-08-10 10:44:00,CHL-CT-21LB,1
2023-08-10 08:07:00,CHL-S-1LB,1
2023-08-10 11:41:00,BIO-MA-32OZ,1
2023-08-10 08:31:00,AQU-PS-25LB,1
2023-08-10 09:27:00,BIO-PU-5LB,2
2023-08-10 15:22:00,CHL-PS-17LB,1
2023-08-10 11:50:00,CHL-CT-21LB,1
2023-08-10 18:44:00,CHL-PS-17LB,1
2023-08-10 10:07:00,INT-CA-32OZ,2
2023-08-10 14:14:00,BIO-MA-32OZ,3
2023-08-10 11:26:00,INT-LS-1GAL,3
2023-08-10 09:51:00,INT-BA-32OZ,4
2023-08-10 11:04:00,AQU-PS-25LB,1
2023-08-10 15:39:00,INT-CA-32OZ,3
2023-08-10 16:21:00,BIO-MA-32OZ,2
2023-08-10 12:37:00,CHL-CT-1LB,2
2023-08-10 08:48:00,BIO-MA-32OZ,2
2023-08-10 08:19:00,INT-BA-32OZ,1
2023-08-10 17:53:00,INT-BA-32OZ,1
2023-08-10 08:15:00,CHL-S-1LB,1
2023-08-11 10:38:00,INT-BA-32OZ,1
2023-08-11 13:47:00,INT-LS-1GAL,3
2023-08-11 12:23:00,INT-CT-25LB,1
2023-08-11 16:49:00,INT-LS-1GAL,1
2023-08-11 13:32:00,CHL-CT-21LB,1
2023-08-11 11:21:00,AQU-BA-32OZ,1
2023-08-11 14:57:00,CHL-PS-1LB,1
2023-08-11 11:43:00,INT-CT-25LB,1
2023-08-11 17:58:00,CHL-CT-21LB,3
2023-08-11 17:35:00,INT-LS-1GAL,1
2023-08-11 09:09:00,BIO-MA-32OZ,1
2023-08-11 15:54:00,AQU-PS-5LB,1
2023-08-11 12:46:00,INT-MA-1GAL,3
2023-08-11 11:38:00,AQU-PS-25LB,1
2023-08-11 18:09:00,AQU-PS-5LB,1
2023-08-11 10:58:00,CHL-PS-17LB,1
2023-08-11 13:49:00,BIO-MA-32OZ,1
2023-08-11 13:06:00,AQU-PS-5LB,2
2023-08-11 15:51:00,INT-CA-32OZ,1
2023-08-11 12:04:00,AQU-BA-32OZ,1
2023-08-11 17:44:00,AQU-PS-5LB,1
2023-08-11 10:20:00,INT-LS-1GAL,1
2023-08-11 16:56:00,CHL-CT-21LB,1
2023-08-11 09:40:00,AQU-CT-11LB,1
2023-08-11 12:53:00,CHL-CT-1LB,1
2023-08-11 15:55:00,INT-LS-1GAL,1
2023-08-11 14:57:00,CHL-CHI-20LB,2
2023-08-11 10:57:00,CHL-CT-21LB,1
2023-08-11 09:52:00,INT-CT-25LB,1
2023-08-11 10:45:00,AQU-PS-5LB,1
2023-08-11 11:25:00,CHL-CT-1LB,1
2023-08-11 08:07:00,INT-LS-1GAL,1
2023-08-11 16:25:00,CHL-PU-2LB,1
2023-08-12 17:16:00,CHL-PS-17LB,1
2023-08-12 13:16:00,CHL-CT-21LB,1
2023-08-12 09:52:00,AQU-CT-11LB,1
2023-08-12 11:46:00,BIO-MA-32OZ,1
2023-08-12 16:16:00,CHL-CT-1LB,4
2023-08-12 13:14:00,CHL-PS-17LB,1
2023-08-12 09:20:00,CHL-PS-17LB,1
2023-08-12 14:13:00,AQU-PS-25LB,1
2023-08-12 08:38:00,CHL-PS-17LB,1
2023-08-12 11:00:00,CHL-PS-1LB,2
2023-08-12 15:38:00,BIO-MA-32OZ,1
2023-08-12 14:33:00,INT-CHI-7LB,1
2023-08-12 18:47:00,INT-CA-32OZ,1
2023-08-12 13:49:00,BIO-MA-32OZ,3
2023-08-12 17:02:00,AQU-PS-25LB,1
2023-08-12 18:37:00,INT-CA-32OZ,1
2023-08-12 14:44:00,AQU-CT-11LB,1
2023-08-12 18:19:00,CHL-PS-17LB,1
2023-08-12 13:56:00,CHL-CT-21LB,1
2023-08-12 17:34:00,CHL-PU-2LB,1
2023-08-12 15:08:00,AQU-PS-25LB,1
2023-08-12 18:17:00,AQU-BA-32OZ,1
2023-08-12 08:35:00,INT-CA-32OZ,1
2023-08-12 17:38:00,AQU-CT-11LB,1
2023-08-12 10:44:00,CHL-PS-1LB,2
2023-08-12 09:29:00,CHL-CT-21LB,1
2023-08-12 15:40:00,BIO-MA-32OZ,1
2023-08-12 11:21:00,CHL-PS-1LB,3
2023-08-12 18:48:00,AQU-PS-25LB,2
2023-08-12 09:26:00,BIO-MA-32OZ,1
2023-08-12 14:32:00,AQU-CT-11LB,1
2023-08-13 11:13:00,AQU-PS-25LB,1
2023-08-13 17:30:00,CHL-CT-21LB,1
2023-08-13 11:59:00,INT-BA-32OZ,2
2023-08-13 14:28:00,INT-BA-32OZ,2
2023-08-13 08:30:00,AQU-PS-25LB,1
2023-08-13 10:07:00,CHL-CT-1LB,4
2023-08-13 15:42:00,AQU-CT-11LB,4
2023-08-13 11:45:00,INT-CA-32OZ,2
2023-08-13 12:00:00,AQU-CT-11LB,1
2023-08-13 10:19:00,CHL-CT-21LB,1
2023-08-13 10:41:00,AQU-BA-32OZ,2
2023-08-13 10:41:00,BIO-MA-32OZ,1
2023-08-13 10:47:00,AQU-PS-5LB,1
2023-08-13 12:06:00,CHL-CT-1LB,3
2023-08-13 17:33:00,BIO-MA-32OZ,1
2023-08-13 11:51:00,INT-CT-25LB,1
2023-08-13 08:26:00,INT-CT-25LB,1
2023-08-13 18:58:00,AQU-PS-25LB,1
2023-08-13 11:11:00,INT-CA-32OZ,1
2023-08-13 11:27:00,BIO-MA-32OZ,1
2023-08-13 13:19:00,INT-MA-1GAL,4
2023-08-13 08:06:00,INT-BA-32OZ,1
2023-08-13 16:06:00,AQU-CT-11LB,1
2023-08-13 18:50:00,AQU-PS-5LB,1
2023-08-13 12:18:00,BIO-MA-32OZ,1
2023-08-13 12:10:00,CHL-CT-1LB,1
2023-08-13 12:48:00,AQU-BA-32OZ,1
2023-08-13 16:55:00,AQU-PS-25LB,3
2023-08-13 12:09:00,CHL-PS-1LB,1
2023-08-13 18:42:00,INT-BA-32OZ,1
2023-08-13 08:10:00,AQU-CT-11LB,3
2023-08-13 12:15:00,CHL-PS-17LB,1
2023-08-13 13:00:00,CHL-CT-21LB,1
2023-08-13 17:19:00,INT-CT-25LB,3
2023-08-13 15:26:00,CHL-PU-2LB,1
2023-08-13 13:44:00,INT-LS-1GAL,1
2023-08-13 09:07:00,BIO-PD-2LB,1
2023-08-13 18:47:00,AQU-CT-11LB,2
2023-08-13 16:27:00,CHL-CT-21LB,1
2023-08-13 18:04:00,AQU-CT-11LB,1
2023-08-13 13:26:00,INT-CA-32OZ,1
2023-08-14 08:39:00,AQU-PS-5LB,1
2023-08-14 17:18:00,INT-CA-32OZ,3
2023-08-14 09:19:00,CHL-PS-1LB,1
2023-08-14 15:22:00,INT-BA-32OZ,1
2023-08-14 11:39:00,CHL-PS-17LB,1
2023-08-14 16:39:00,HTH-AI-11LB,1
2023-08-14 09:57:00,AQU-CT-11LB,2
2023-08-14 11:29:00,AQU-PS-25LB,1
2023-08-14 08:20:00,CHL-CT-21LB,1
2023-08-14 12:53:00,BIO-PU-5LB,1
2023-08-14 18:08:00,CHL-PS-1LB,3
2023-08-14 12:53:00,AQU-PS-25LB,1
2023-08-14 13:05:00,CHL-CT-21LB,4
2023-08-14 18:40:00,CHL-CT-21LB,1
2023-08-14 17:03:00,INT-CT-25LB,4
2023-08-14 16:58:00,BIO-MA-32OZ,1
2023-08-14 10:24:00,BIO-MA-32OZ,2
2023-08-14 09:42:00,INT-BA-32OZ,1
2023-08-14 09:01:00,AQU-CT-11LB,1
2023-08-14 18:12:00,INT-CA-32OZ,1
2023-08-14 13:24:00,AQU-PS-25LB,1
2023-08-14 13:39:00,BIO-MA-32OZ,1
2023-08-14 12:11:00,AQU-CT-11LB,2
2023-08-14 17:37:00,INT-CA-32OZ,3
2023-08-14 10:02:00,AQU-PS-5LB,1
2023-08-14 18:11:00,INT-CA-32OZ,1
2023-08-14 11:30:00,INT-LS-1GAL,1
2023-08-14 14:45:00,BIO-MA-32OZ,1
2023-08-14 14:27:00,AQU-CT-11LB,1
2023-08-14 17:42:00,AQU-PS-25LB,3
2023-08-14 14:38:00,INT-LS-1GAL,1
2023-08-14 10:49:00,CHL-PS-17LB,1
2023-08-15 13:14:00,INT-LS-1GAL,1
2023-08-15 11:34:00,INT-BA-32OZ,1
2023-08-15 14:05:00,INT-CA-32OZ,2
2023-08-15 17:16:00,AQU-PS-25LB,2
2023-08-15 09:53:00,AQU-BA-32OZ,1
2023-08-15 09:40:00,BIO-PD-2LB,2
2023-08-15 16:50:00,INT-CT-25LB,3
2023-08-15 11:38:00,INT-CT-25LB,1
2023-08-15 18:01:00,CHL-CT-1LB,3
2023-08-15 17:50:00,AQU-PS-5LB,1
2023-08-15 11:50:00,CHL-CT-21LB,1
2023-08-15 12:08:00,INT-BA-32OZ,1
2023-08-15 12:41:00,AQU-PS-25LB,3
2023-08-15 18:54:00,INT-BA-32OZ,3
2023-08-15 10:18:00,AQU-PS-25LB,1
2023-08-15 08:24:00,INT-CA-32OZ,1
2023-08-15 14:43:00,BIO-MA-32OZ,1
2023-08-15 10:32:00,INT-CT-25LB,1
2023-08-15 11:17:00,CHL-CT-21LB,1
2023-08-15 14:12:00,CHL-PS-17LB,1
2023-08-15 11:51:00,INT-LS-1GAL,1
2023-08-15 12:43:00,INT-LS-1GAL,1
2023-08-15 16:34:00,INT-CT-25LB,2
2023-08-15 17:14:00,AQU-CT-11LB,1
2023-08-15 11:16:00,AQU-CT-11LB,1
2023-08-15 11:30:00,INT-LS-1GAL,1
2023-08-15 13:06:00,CHL-CT-21LB,1
2023-08-16 16:24:00,CHL-PS-17LB,1
2023-08-16 14:57:00,CHL-CT-1LB,1
2023-08-16 17:16:00,INT-CT-25LB,1
2023-08-16 08:32:00,CHL-CT-1LB,1
2023-08-16 14:49:00,INT-CT-25LB,3
2023-08-16 13:51:00,INT-CT-25LB,1
2023-08-16 12:11:00,INT-BA-32OZ,1
2023-08-16 12:15:00,AQU-PS-5LB,1
2023-08-16 16:11:00,AQU-PS-5LB,1
2023-08-16 14:39:00,CHL-CT-21LB,1
2023-08-16 10:35:00,INT-MA-1GAL,3
2023-08-16 13:21:00,INT-AI-5LB,1
2023-08-16 08:28:00,AQU-BA-32OZ,2
2023-08-16 12:13:00,AQU-BA-32OZ,1
2023-08-16 13:52:00,BIO-MA-32OZ,1
2023-08-16 08:36:00,AQU-PS-5LB,1
2023-08-16 13:10:00,AQU-BA-32OZ,1
2023-08-16 16:40:00,AQU-PS-5LB,3
2023-08-16 16:51:00,AQU-PS-5LB,3
2023-08-16 17:23:00,BIO-MA-32OZ,1
2023-08-16 17:17:00,CHL-PS-1LB,1
2023-08-16 15:53:00,HTH-F-2LB,3
2023-08-16 18:55:00,INT-LS-1GAL,1
2023-08-16 08:15:00,CHL-CT-1LB,2
2023-08-16 17:27:00,INT-LS-1GAL,1
2023-08-16 17:55:00,INT-CA-32OZ,1
2023-08-16 14:18:00,AQU-PS-5LB,2
2023-08-16 13:13:00,INT-CT-25LB,1
2023-08-16 13:38:00,INT-BA-32OZ,1
2023-08-16 09:53:00,INT-BA-32OZ,3
2023-08-16 15:25:00,INT-CT-25LB,1
2023-08-16 13:02:00,INT-CT-25LB,1
2023-08-16 12:29:00,CHL-PS-17LB,1
2023-08-16 09:51:00,INT-BA-32OZ,1
2023-08-16 16:33:00,CHL-CT-1LB,2
2023-08-17 08:48:00,INT-LS-1GAL,1
2023-08-17 17:51:00,INT-LS-1GAL,1
2023-08-17 17:21:00,AQU-CT-11LB,1
2023-08-17 12:08:00,AQU-CT-11LB,2
2023-08-17 16:32:00,INT-BA-32OZ,1
2023-08-17 15:13:00,AQU-PS-25LB,1
2023-08-17 12:18:00,INT-MA-1GAL,3
2023-08-17 17:41:00,AQU-PS-5LB,1
2023-08-17 14:42:00,CHL-S-1LB,2
2023-08-17 14:33:00,AQU-CT-11LB,1
2023-08-17 14:27:00,AQU-PS-25LB,2
2023-08-17 15:37:00,BIO-MA-32OZ,1
2023-08-17 16:39:00,AQU-PS-5LB,3
2023-08-17 17:16:00,BIO-MA-32OZ,1
2023-08-17 15:01:00,CHL-PS-1LB,1
2023-08-17 14:44:00,INT-LS-1GAL,1
2023-08-17 09:29:00,AQU-PS-5LB,4
2023-08-17 18:01:00,BIO-MA-32OZ,1
2023-08-17 14:37:00,AQU-BA-32OZ,1
2023-08-18 12:39:00,INT-LS-1GAL,3
2023-08-18 15:58:00,INT-CT-25LB,2
2023-08-18 09:05:00,AQU-CT-11LB,1
2023-08-18 08:48:00,INT-LS-1GAL,1
2023-08-18 11:51:00,INT-CT-25LB,3
2023-08-18 16:16:00,INT-CT-25LB,1
2023-08-18 15:06:00,CHL-PS-1LB,3
2023-08-18 13:25:00,CHL-CT-1LB,1
2023-08-18 15:53:00,BIO-MA-32OZ,3
2023-08-18 13:26:00,INT-CA-32OZ,1
2023-08-18 14:46:00,CHL-CT-1LB,2
2023-08-18 13:00:00,AQU-BA-32OZ,4
2023-08-18 18:21:00,CHL-CT-21LB,2
2023-08-18 09:34:00,CHL-PS-1LB,1
2023-08-18 16:27:00,CHL-CT-1LB,4
2023-08-18 08:43:00,CHL-PS-1LB,1
2023-08-18 09:24:00,AQU-PD-5LB,1
2023-08-18 15:42:00,AQU-PS-25LB,2
2023-08-18 12:16:00,INT-CA-32OZ,1
2023-08-18 17:56:00,INT-MA-1GAL,1
2023-08-18 18:11:00,AQU-BA-32OZ,2
2023-08-18 11:18:00,CHL-CT-1LB,2
2023-08-18 11:23:00,AQU-PS-5LB,1
2023-08-18 17:56:00,AQU-PD-5LB,1
2023-08-18 18:27:00,CHL-PS-1LB,1
2023-08-18 17:33:00,AQU-PS-5LB,3
2023-08-18 13:01:00,BIO-PU-5LB,1
2023-08-18 12:20:00,AQU-CT-11LB,1
2023-08-18 08:41:00,AQU-PS-25LB,1
2023-08-18 13:50:00,AQU-PS-5LB,1
2023-08-18 14:26:00,INT-CT-25LB,3
2023-08-18 17:50:00,INT-CA-32OZ,2
2023-08-19 15:21:00,INT-MA-1GAL,3
2023-08-19 12:02:00,CHL-PS-1LB,1
2023-08-19 10:52:00,INT-BA-32OZ,1
2023-08-19 12:57:00,CHL-CHI-20LB,1
2023-08-19 10:50:00,AQU-PS-25LB,1
2023-08-19 16:27:00,INT-LS-1GAL,3
2023-08-19 09:30:00,AQU-CT-11LB,1
2023-08-19 16:37:00,INT-CT-25LB,1
2023-08-19 10:57:00,INT-CA-32OZ,2
2023-08-19 13:51:00,AQU-CT-11LB,4
2023-08-19 15:07:00,INT-CT-25LB,1
2023-08-19 12:02:00,BIO-PU-5LB,1
2023-08-19 10:21:00,AQU-CT-11LB,1
2023-08-19 08:55:00,INT-CA-32OZ,4
2023-08-19 18:54:00,AQU-CT-11LB,1
2023-08-19 11:34:00,CHL-CT-21LB,2
2023-08-19 13:55:00,CHL-PS-1LB,3
2023-08-19 15:27:00,AQU-BA-32OZ,1
2023-08-19 10:48:00,AQU-PS-5LB,1
2023-08-19 14:55:00,AQU-PS-5LB,1
2023-08-19 12:32:00,AQU-PS-5LB,1
2023-08-19 09:40:00,INT-LS-1GAL,2
2023-08-19 14:48:00,BIO-MA-32OZ,4
2023-08-19 11:33:00,AQU-PS-25LB,1
2023-08-19 18:18:00,AQU-CT-11LB,1
2023-08-19 17:15:00,CHL-PS-17LB,1
2023-08-19 14:55:00,INT-CT-25LB,1
2023-08-19 16:55:00,AQU-CT-11LB,1
2023-08-19 08:42:00,AQU-PS-25LB,3
2023-08-19 14:12:00,CHL-PS-17LB,1
2023-08-19 13:32:00,CHL-PS-17LB,1
2023-08-19 13:14:00,AQU-BA-32OZ,1
2023-08-19 08:46:00,INT-CA-32OZ,1
2023-08-19 09:01:00,INT-BA-32OZ,3
2023-08-19 09:54:00,BIO-MA-32OZ,1
2023-08-19 10:28:00,AQU-BA-32OZ,1
2023-08-19 16:36:00,INT-LS-1GAL,1
2023-08-19 14:38:00,INT-MA-1GAL,1
2023-08-19 13:05:00,INT-CA-32OZ,1
2023-08-19 17:41:00,CHL-CT-1LB,3
2023-08-19 11:00:00,CHL-CT-21LB,1
2023-08-19 12:41:00,CHL-CT-21LB,2
2023-08-20 13:09:00,CHL-CT-21LB,1
2023-08-20 15:29:00,AQU-CT-11LB,3
2023-08-20 13:33:00,INT-BA-32OZ,2
2023-08-20 14:48:00,BIO-MA-32OZ,1
2023-08-20 15:03:00,INT-CT-25LB,1
2023-08-20 11:24:00,AQU-PS-5LB,1
2023-08-20 13:26:00,BIO-MA-32OZ,1
2023-08-20 10:03:00,INT-LS-1GAL,1
2023-08-20 11:47:00,CHL-PS-1LB,1
2023-08-20 14:13:00,INT-CA-32OZ,1
2023-08-20 12:19:00,AQU-PS-5LB,2
2023-08-20 18:18:00,INT-CT-25LB,2
2023-08-20 11:40:00,AQU-PS-25LB,2
2023-08-20 17:16:00,AQU-CT-11LB,1
2023-08-20 14:32:00,AQU-PS-5LB,1
2023-08-20 17:24:00,INT-CA-32OZ,1
2023-08-20 11:14:00,AQU-PS-5LB,1
2023-08-20 09:34:00,CHL-CT-21LB,1
2023-08-20 09:43:00,INT-CT-25LB,1
2023-08-20 10:12:00,CHL-CT-21LB,3
2023-08-20 11:23:00,CHL-CT-21LB,1
2023-08-20 15:43:00,AQU-PS-25LB,3
2023-08-20 14:05:00,CHL-PS-1LB,1
2023-08-20 15:45:00,CHL-CT-1LB,1
2023-08-20 08:28:00,CHL-CT-1LB,2
2023-08-20 11:53:00,CHL-PS-1LB,1
2023-08-20 09:56:00,BIO-MA-32OZ,1
2023-08-20 15:19:00,CHL-PS-1LB,1
2023-08-20 12:55:00,INT-AI-25LB,1
2023-08-20 13:29:00,CHL-PS-1LB,1
2023-08-20 15:56:00,AQU-PS-25LB,1
2023-08-20 14:11:00,BIO-MA-32OZ,1
2023-08-20 18:26:00,INT-CA-32OZ,1
2023-08-20 10:24:00,AQU-BA-32OZ,4
2023-08-20 11:25:00,AQU-CT-11LB,1
2023-08-21 13:44:00,AQU-PS-25LB,4
2023-08-21 08:32:00,AQU-CT-11LB,1
2023-08-21 17:57:00,BIO-MA-32OZ,1
2023-08-21 16:58:00,CHL-PS-17LB,1
2023-08-21 17:31:00,INT-LS-1GAL,3
2023-08-21 15:16:00,AQU-PD-5LB,1
2023-08-21 15:49:00,BIO-MA-32OZ,1
2023-08-21 13:39:00,INT-BA-32OZ,1
2023-08-21 12:43:00,CHL-CT-21LB,1
2023-08-21 12:41:00,CHL-PS-1LB,1
2023-08-21 11:18:00,INT-LS-1GAL,4
2023-08-21 16:45:00,HTH-S-5LB,2
2023-08-21 13:08:00,AQU-PS-25LB,1
2023-08-21 17:22:00,AQU-CT-11LB,1
2023-08-21 11:28:00,CHL-PS-1LB,1
2023-08-21 15:50:00,AQU-PS-5LB,2
2023-08-21 12:56:00,INT-BA-32OZ,1
2023-08-21 08:48:00,INT-BA-32OZ,1
2023-08-21 11:30:00,AQU-PS-25LB,1
2023-08-21 14:29:00,BIO-MA-32OZ,1
2023-08-21 14:35:00,CHL-CT-21LB,1
2023-08-21 15:18:00,INT-LS-1GAL,1
2023-08-21 08:16:00,INT-BA-32OZ,1
2023-08-21 10:01:00,INT-CA-32OZ,1
2023-08-21 15:26:00,CHL-PS-1LB,1
2023-08-21 15:22:00,AQU-PS-5LB,1
2023-08-21 09:19:00,INT-LS-1GAL,2
2023-08-21 17:28:00,INT-CT-25LB,1
2023-08-21 13:12:00,INT-CT-25LB,2
2023-08-21 12:05:00,CHL-CT-1LB,1
2023-08-22 15:49:00,INT-BA-32OZ,1
2023-08-22 11:41:00,AQU-PS-5LB,1
2023-08-22 11:03:00,AQU-CT-11LB,2
2023-08-22 17:37:00,CHL-PS-17LB,1
2023-08-22 08:50:00,CHL-CT-21LB,1
2023-08-22 08:41:00,CHL-CT-1LB,2
2023-08-22 08:36:00,INT-CT-25LB,2
2023-08-22 12:47:00,CHL-PS-17LB,2
2023-08-22 08:50:00,AQU-CT-11LB,1
2023-08-22 14:23:00,AQU-PS-25LB,1
2023-08-22 14:22:00,AQU-CT-11LB,1
2023-08-22 16:09:00,AQU-CHI-11LB,3
2023-08-22 11:47:00,BIO-MA-32OZ,1
2023-08-22 12:46:00,BIO-MA-32OZ,1
2023-08-22 12:21:00,CHL-CT-21LB,1
2023-08-22 11:33:00,CHL-PS-17LB,1
2023-08-22 13:41:00,CHL-CT-21LB,1
2023-08-22 18:27:00,INT-CA-32OZ,3
2023-08-22 13:15:00,CHL-PS-17LB,1
2023-08-22 13:11:00,INT-CA-32OZ,1
2023-08-22 11:55:00,BIO-PU-5LB,3
2023-08-22 18:08:00,AQU-PS-5LB,1
2023-08-22 14:27:00,HTH-AI-11LB,4
2023-08-22 08:40:00,CHL-CT-1LB,1
2023-08-22 18:58:00,INT-CT-25LB,1
2023-08-22 18:48:00,INT-MA-1GAL,2
2023-08-22 08:55:00,INT-BA-32OZ,1
2023-08-22 08:16:00,INT-BA-32OZ,1
2023-08-22 15:01:00,CHL-PS-1LB,1
2023-08-22 17:47:00,AQU-CT-11LB,2
2023-08-22 09:04:00,AQU-BA-32OZ,1
2023-08-22 08:47:00,AQU-CT-11LB,1
2023-08-22 11:52:00,INT-LS-1GAL,2
2023-08-22 12:37:00,CHL-CT-21LB,3
2023-08-22 18:23:00,INT-BA-32OZ,1
2023-08-22 14:04:00,CHL-PS-17LB,1
2023-08-22 09:38:00,INT-LS-1GAL,1
2023-08-22 17:32:00,CHL-PS-17LB,4
2023-08-22 17:37:00,CHL-PS-17LB,1
2023-08-22 14:53:00,CHL-PS-1LB,1
2023-08-23 09:05:00,CHL-CT-21LB,1
2023-08-23 16:06:00,INT-CT-25LB,1
2023-08-23 18:56:00,BIO-MA-32OZ,3
2023-08-23 13:32:00,INT-CA-32OZ,1
2023-08-23 11:47:00,CHL-S-1LB,3
2023-08-23 15:50:00,INT-CA-32OZ,1
2023-08-23 12:25:00,AQU-PS-25LB,2
2023-08-23 14:04:00,AQU-BA-32OZ,1
2023-08-23 12:46:00,INT-CT-25LB,1
2023-08-23 12:30:00,CHL-CT-1LB,2
2023-08-23 15:27:00,CHL-PS-1LB,1
2023-08-23 09:32:00,INT-CA-32OZ,1
2023-08-23 18:48:00,AQU-PS-5LB,2
2023-08-23 18:26:00,CHL-PS-17LB,1
2023-08-23 16:31:00,INT-CA-32OZ,2
2023-08-23 18:00:00,AQU-BA-32OZ,1
2023-08-23 12:46:00,AQU-CT-11LB,2
2023-08-23 15:46:00,CHL-CT-21LB,1
2023-08-23 17:26:00,AQU-CT-11LB,1
2023-08-23 14:42:00,AQU-CT-11LB,1
2023-08-23 18:54:00,INT-LS-1GAL,4
2023-08-23 14:35:00,INT-LS-1GAL,1
2023-08-23 10:45:00,CHL-CT-1LB,1
2023-08-23 17:01:00,AQU-BA-32OZ,2
2023-08-23 13:45:00,BIO-MA-32OZ,3
2023-08-23 10:23:00,BIO-PU-5LB,1
2023-08-23 14:21:00,AQU-CT-11LB,1
2023-08-23 17:37:00,CHL-CT-1LB,1
2023-08-24 16:41:00,CHL-CT-1LB,1
2023-08-24 17:04:00,CHL-CT-1LB,1
2023-08-24 12:45:00,CHL-CT-1LB,2
2023-08-24 10:44:00,INT-CT-25LB,4
2023-08-24 11:44:00,BIO-MA-32OZ,1
2023-08-24 11:00:00,AQU-PS-25LB,1
2023-08-24 10:36:00,INT-CA-32OZ,1
2023-08-24 10:31:00,AQU-PS-25LB,1
2023-08-24 14:58:00,AQU-PS-25LB,3
2023-08-24 12:54:00,INT-CT-25LB,1
2023-08-24 08:20:00,AQU-PS-25LB,2
2023-08-24 12:53:00,INT-CA-32OZ,1
2023-08-24 15:43:00,INT-CT-25LB,1
2023-08-24 11:39:00,CHL-CT-1LB,3
2023-08-24 16:27:00,AQU-CT-11LB,1
2023-08-24 10:58:00,INT-LS-1GAL,1
2023-08-24 10:04:00,CHL-CT-1LB,1
2023-08-24 12:03:00,CHL-PS-1LB,3
2023-08-24 13:04:00,INT-CT-25LB,1
2023-08-24 11:56:00,INT-LS-1GAL,1
2023-08-24 09:34:00,AQU-PS-25LB,1
2023-08-24 14:24:00,CHL-PS-1LB,1
2023-08-24 08:19:00,AQU-PS-5LB,1
2023-08-24 15:19:00,AQU-BA-32OZ,1
2023-08-24 15:55:00,CHL-CT-21LB,1
2023-08-25 16:37:00,AQU-CT-11LB,1
2023-08-25 09:16:00,INT-LS-1GAL,1
2023-08-25 15:46:00,HTH-S-5LB,1
2023-08-25 16:21:00,INT-CT-25LB,1
2023-08-25 10:16:00,BIO-MA-32OZ,1
2023-08-25 15:19:00,INT-CA-32OZ,1
2023-08-25 12:52:00,CHL-CT-1LB,2
2023-08-25 10:00:00,AQU-BA-32OZ,1
2023-08-25 11:20:00,CHL-CT-21LB,1
2023-08-25 17:16:00,AQU-PS-5LB,3
2023-08-25 12:06:00,CHL-CT-21LB,1
2023-08-25 08:59:00,CHL-PS-17LB,1
2023-08-25 18:10:00,AQU-PS-5LB,1
2023-08-25 11:50:00,AQU-CT-11LB,2
2023-08-25 16:30:00,CHL-CT-21LB,1
2023-08-25 18:14:00,CHL-PS-1LB,1
2023-08-25 13:05:00,CHL-CT-1LB,4
2023-08-25 16:58:00,BIO-MA-32OZ,2
2023-08-25 18:44:00,CHL-PS-1LB,2
2023-08-25 14:26:00,CHL-PS-17LB,1
2023-08-25 12:59:00,AQU-CT-11LB,1
2023-08-25 15:30:00,AQU-PS-5LB,1
2023-08-25 12:06:00,CHL-PS-1LB,1
2023-08-25 11:05:00,INT-BA-32OZ,4
2023-08-25 11:58:00,BIO-MA-32OZ,1
2023-08-25 13:04:00,CHL-PS-1LB,1
2023-08-25 16:43:00,CHL-PS-17LB,4
2023-08-25 11:00:00,CHL-CT-1LB,2
2023-08-25 10:22:00,INT-CA-32OZ,1
2023-08-25 16:23:00,INT-MA-1GAL,1
2023-08-25 11:17:00,AQU-CT-11LB,3
2023-08-25 14:49:00,CHL-CT-21LB,1
2023-08-25 13:34:00,CHL-PS-17LB,2
2023-08-26 13:13:00,CHL-PS-1LB,3
2023-08-26 17:59:00,CHL-PS-1LB,1
2023-08-26 16:49:00,INT-CT-25LB,1
2023-08-26 16:23:00,AQU-CT-11LB,3
2023-08-26 18:10:00,INT-BA-32OZ,2
2023-08-26 09:31:00,AQU-PS-5LB,1
2023-08-26 16:38:00,CHL-PS-1LB,1
2023-08-26 13:21:00,INT-BA-32OZ,1
2023-08-26 17:51:00,INT-CA-32OZ,1
2023-08-26 17:03:00,CHL-CT-1LB,3
2023-08-26 17:33:00,INT-MA-1GAL,3
2023-08-26 12:45:00,BIO-MA-32OZ,1
2023-08-26 18:50:00,AQU-BA-32OZ,2
2023-08-26 09:58:00,INT-MA-1GAL,1
2023-08-26 10:35:00,BIO-PU-5LB,1
2023-08-26 14:21:00,AQU-PS-5LB,1
2023-08-26 13:51:00,AQU-BA-32OZ,1
2023-08-26 16:53:00,INT-CHI-7LB,1
2023-08-26 09:24:00,CHL-CT-1LB,1
2023-08-26 15:22:00,CHL-CT-21LB,1
2023-08-26 17:11:00,INT-BA-32OZ,1
2023-08-26 11:34:00,AQU-PS-5LB,1
2023-08-26 11:54:00,AQU-BA-32OZ,1
2023-08-26 09:37:00,CHL-CT-1LB,1
2023-08-26 11:19:00,AQU-BA-32OZ,1
2023-08-26 16:48:00,AQU-PS-5LB,1
2023-08-26 17:05:00,HTH-S-5LB,1
2023-08-26 16:57:00,AQU-PS-25LB,1
2023-08-26 08:46:00,HTH-AI-11LB,1
2023-08-26 08:12:00,CHL-CT-1LB,1
2023-08-26 16:04:00,HTH-S-5LB,2
2023-08-26 12:55:00,INT-BA-32OZ,1
2023-08-26 14:12:00,CHL-CT-21LB,1
2023-08-26 12:08:00,AQU-PS-25LB,3
2023-08-26 17:52:00,CHL-CT-1LB,1
2023-08-26 10:19:00,AQU-PD-5LB,1
2023-08-26 10:06:00,INT-CA-32OZ,1
2023-08-27 13:36:00,CHL-CT-21LB,3
2023-08-27 15:47:00,CHL-PS-1LB,2
2023-08-27 11:48:00,AQU-PS-25LB,1
2023-08-27 08:53:00,AQU-PS-25LB,1
2023-08-27 17:47:00,CHL-CHI-20LB,3
2023-08-27 09:11:00,CHL-CT-21LB,2
2023-08-27 09:32:00,CHL-CT-21LB,2
2023-08-27 13:09:00,BIO-MA-32OZ,1
2023-08-27 15:57:00,AQU-CT-11LB,1
2023-08-27 11:18:00,INT-AI-25LB,1
2023-08-27 09:05:00,AQU-BA-32OZ,2
2023-08-27 12:46:00,INT-CT-25LB,3
2023-08-27 14:05:00,CHL-CT-1LB,1
2023-08-27 11:15:00,BIO-MA-32OZ,1
2023-08-27 09:21:00,INT-LS-1GAL,1
2023-08-27 18:22:00,CHL-CT-1LB,3
2023-08-27 13:12:00,CHL-S-1LB,1
2023-08-27 08:04:00,CHL-CT-21LB,2
2023-08-27 13:14:00,AQU-CT-11LB,1
2023-08-27 08:12:00,INT-CA-32OZ,2
2023-08-27 08:51:00,AQU-PS-25LB,2
2023-08-27 12:18:00,INT-CT-25LB,1
2023-08-27 08:28:00,INT-BA-32OZ,1
2023-08-27 15:34:00,AQU-PS-25LB,2
2023-08-27 09:42:00,BIO-PD-2LB,1
2023-08-27 09:57:00,BIO-PD-2LB,1
2023-08-27 08:39:00,AQU-PS-5LB,1
2023-08-27 14:23:00,AQU-PS-25LB,1
2023-08-27 17:35:00,BIO-PD-2LB,1
2023-08-28 13:20:00,CHL-CT-1LB,2
2023-08-28 15:26:00,INT-LS-1GAL,1
2023-08-28 14:15:00,AQU-CT-11LB,1
2023-08-28 12:20:00,INT-CA-32OZ,1
2023-08-28 12:07:00,INT-LS-1GAL,1
2023-08-28 16:47:00,AQU-CT-11LB,1
2023-08-28 10:38:00,AQU-CT-11LB,1
2023-08-28 17:06:00,INT-CT-25LB,1
2023-08-28 10:26:00,AQU-PD-5LB,4
2023-08-28 17:54:00,INT-CT-25LB,1
2023-08-28 17:17:00,AQU-CT-11LB,1
2023-08-28 13:09:00,AQU-CT-11LB,1
2023-08-28 08:26:00,INT-BA-32OZ,1
2023-08-28 12:43:00,INT-MA-1GAL,1
2023-08-28 09:59:00,INT-BA-32OZ,3
2023-08-28 17:58:00,AQU-PS-25LB,3
2023-08-28 09:01:00,CHL-CT-1LB,4
2023-08-28 14:06:00,INT-AI-5LB,1
2023-08-28 14:41:00,BIO-MA-32OZ,1
2023-08-28 14:44:00,AQU-PS-25LB,1
2023-08-28 17:05:00,CHL-PS-17LB,1
2023-08-28 08:03:00,AQU-CT-11LB,2
2023-08-28 16:40:00,INT-LS-1GAL,4
2023-08-28 10:10:00,CHL-PS-1LB,1
2023-08-28 18:16:00,INT-BA-32OZ,3
2023-08-28 10:51:00,BIO-MA-32OZ,1
2023-08-28 09:25:00,AQU-PS-25LB,1
2023-08-28 16:09:00,CHL-CT-21LB,1
2023-08-28 14:52:00,INT-LS-1GAL,1
2023-08-28 16:59:00,INT-CA-32OZ,2
2023-08-28 10:09:00,AQU-PS-25LB,1
2023-08-28 18:05:00,CHL-PS-17LB,1
2023-08-28 18:51:00,BIO-MA-32OZ,1
2023-08-28 15:22:00,INT-CA-32OZ,1
2023-08-28 18:25:00,AQU-BA-32OZ,1
2023-08-28 10:41:00,AQU-BA-32OZ,1
2023-08-28 14:53:00,AQU-PS-5LB,1
2023-08-28 17:36:00,CHL-PS-17LB,1
2023-08-28 14:09:00,INT-MA-1GAL,1
2023-08-28 08:33:00,INT-CT-25LB,3
2023-08-28 11:40:00,INT-CT-25LB,1
2023-08-29 17:51:00,CHL-PS-1LB,2
2023-08-29 09:47:00,AQU-PS-25LB,1
2023-08-29 08:00:00,AQU-PS-25LB,4
2023-08-29 13:36:00,AQU-BA-32OZ,1
2023-08-29 11:08:00,AQU-PS-5LB,1
2023-08-29 18:51:00,INT-CT-25LB,3
2023-08-29 18:40:00,HTH-S-5LB,2
2023-08-29 18:22:00,INT-CT-25LB,1
2023-08-29 15:08:00,AQU-PS-5LB,1
2023-08-29 10:35:00,CHL-CT-21LB,2
2023-08-29 18:29:00,INT-LS-1GAL,1
2023-08-29 08:45:00,AQU-CT-11LB,4
2023-08-29 11:10:00,BIO-MA-32OZ,1
2023-08-29 10:01:00,AQU-BA-32OZ,1
2023-08-29 08:41:00,CHL-CT-1LB,1
2023-08-29 18:29:00,INT-CT-25LB,1
2023-08-29 12:35:00,INT-BA-32OZ,1
2023-08-29 13:39:00,CHL-PS-17LB,1
2023-08-29 15:47:00,BIO-MA-32OZ,1
2023-08-29 10:16:00,AQU-CT-11LB,1
2023-08-29 11:35:00,CHL-PS-1LB,1
2023-08-29 15:07:00,CHL-PS-1LB,1
2023-08-29 10:39:00,BIO-MA-32OZ,1
2023-08-29 13:05:00,AQU-BA-32OZ,2
2023-08-29 12:21:00,AQU-PS-5LB,1
2023-08-29 10:57:00,CHL-PS-17LB,1
2023-08-29 08:21:00,CHL-PS-17LB,1
2023-08-29 18:32:00,INT-CT-25LB,1
2023-08-29 18:01:00,CHL-PS-17LB,1
2023-08-29 10:58:00,AQU-CT-11LB,3
2023-08-29 18:33:00,CHL-PS-17LB,1
2023-08-29 14:01:00,AQU-CT-11LB,1
2023-08-29 14:02:00,INT-CT-25LB,1
2023-08-29 12:35:00,INT-CA-32OZ,1
2023-08-29 08:11:00,AQU-PS-5LB,1
2023-08-29 10:16:00,INT-CT-25LB,1
2023-08-29 08:26:00,CHL-PS-1LB,1
2023-08-29 13:54:00,CHL-CT-1LB,1
2023-08-29 12:56:00,INT-CT-25LB,2
2023-08-29 15:16:00,AQU-BA-32OZ,1
2023-08-29 15:51:00,INT-BA-32OZ,1
2023-08-29 14:44:00,INT-CHI-7LB,1
2023-08-29 17:21:00,AQU-PS-25LB,1
2023-08-30 17:01:00,AQU-CT-11LB,1
2023-08-30 12:55:00,AQU-PS-25LB,1
2023-08-30 09:40:00,INT-MA-1GAL,4
2023-08-30 16:46:00,INT-CA-32OZ,1
2023-08-30 17:32:00,AQU-BA-32OZ,3
2023-08-30 13:27:00,AQU-BA-32OZ,1
2023-08-30 14:44:00,CHL-PS-17LB,1
2023-08-30 12:13:00,AQU-BA-32OZ,1
2023-08-30 08:06:00,INT-LS-1GAL,1
2023-08-30 14:21:00,CHL-PS-1LB,3
2023-08-30 18:53:00,INT-LS-1GAL,1
2023-08-30 13:27:00,CHL-CHI-20LB,1
2023-08-30 10:14:00,AQU-BA-32OZ,1
2023-08-30 16:35:00,INT-BA-32OZ,1
2023-08-30 15:33:00,CHL-CT-21LB,1
2023-08-30 16:59:00,INT-MA-1GAL,1
2023-08-30 16:28:00,AQU-PS-25LB,3
2023-08-30 14:22:00,AQU-CT-11LB,1
2023-08-30 14:44:00,INT-BA-32OZ,1
2023-08-30 17:39:00,CHL-PS-1LB,3
2023-08-30 11:04:00,AQU-PS-25LB,1
2023-08-30 11:24:00,INT-BA-32OZ,1
2023-08-30 18:03:00,INT-CA-32OZ,1
2023-08-30 14:41:00,AQU-BA-32OZ,1
2023-08-30 10:56:00,CHL-PS-17LB,2
2023-08-30 10:53:00,INT-LS-1GAL,1
2023-08-30 17:01:00,BIO-MA-32OZ,1
2023-08-30 09:06:00,AQU-CT-11LB,1
2023-08-30 11:35:00,INT-CA-32OZ,1
2023-08-30 14:00:00,BIO-PD-2LB,1
2023-08-30 12:30:00,BIO-MA-32OZ,1
2023-08-30 17:17:00,CHL-PS-17LB,1
2023-08-30 18:48:00,AQU-PS-25LB,1
2023-08-31 09:48:00,AQU-PS-5LB,4
2023-08-31 17:39:00,CHL-PS-1LB,1
2023-08-31 08:13:00,AQU-BA-32OZ,3
2023-08-31 16:01:00,CHL-PS-17LB,1
2023-08-31 11:21:00,AQU-PS-5LB,1
2023-08-31 09:48:00,INT-CA-32OZ,1
2023-08-31 12:54:00,INT-LS-1GAL,1
2023-08-31 16:37:00,CHL-PS-1LB,1
2023-08-31 13:46:00,AQU-BA-32OZ,1
2023-08-31 11:35:00,INT-BA-32OZ,2
2023-08-31 10:45:00,INT-CT-25LB,2
2023-08-31 17:18:00,INT-BA-32OZ,1
2023-08-31 12:04:00,CHL-CT-1LB,3
2023-08-31 17:45:00,HTH-AI-11LB,1
2023-08-31 09:16:00,CHL-PS-17LB,1
2023-08-31 15:51:00,CHL-CT-21LB,2
2023-08-31 17:46:00,INT-BA-32OZ,1
2023-08-31 08:23:00,INT-BA-32OZ,1
2023-08-31 11:19:00,BIO-MA-32OZ,1
2023-08-31 15:08:00,INT-BA-32OZ,1
2023-08-31 16:15:00,AQU-PS-5LB,1
2023-08-31 17:22:00,AQU-BA-32OZ,1
2023-08-31 09:47:00,CHL-CT-1LB,2
2023-08-31 14:30:00,INT-CT-25LB,1
2023-08-31 11:40:00,AQU-CT-11LB,1
2023-08-31 08:52:00,AQU-PS-25LB,1
2023-08-31 17:21:00,INT-BA-32OZ,1
2023-08-31 11:08:00,AQU-CT-11LB,1
2023-08-31 18:46:00,CHL-PS-17LB,4
2023-08-31 14:31:00,AQU-PD-5LB,1
2023-08-31 08:51:00,BIO-MA-32OZ,1
2023-08-31 16:16:00,INT-CA-32OZ,1
2023-08-31 16:48:00,AQU-PS-5LB,3
2023-08-31 16:25:00,AQU-BA-32OZ,1
2023-08-31 18:33:00,AQU-BA-32OZ,1
2023-08-31 14:53:00,CHL-PS-17LB,1
2023-08-31 13:24:00,AQU-PS-5LB,2
2023-08-31 18:09:00,INT-CHI-7LB,1
2023-09-01 10:23:00,INT-BA-32OZ,2
2023-09-01 18:42:00,AQU-PS-25LB,1
2023-09-01 16:42:00,CHL-CT-1LB,1
2023-09-01 10:55:00,AQU-BA-32OZ,1
2023-09-01 10:33:00,AQU-CT-11LB,2
2023-09-01 10:45:00,AQU-PS-5LB,1
2023-09-01 16:57:00,CHL-PS-17LB,1
2023-09-01 08:48:00,INT-CA-32OZ,1
2023-09-01 09:33:00,AQU-BA-32OZ,1
2023-09-01 11:09:00,CHL-PS-17LB,1
2023-09-01 11:23:00,AQU-BA-32OZ,1
2023-09-01 11:02:00,INT-LS-1GAL,1
2023-09-01 14:57:00,CHL-CT-1LB,1
2023-09-01 16:32:00,INT-LS-1GAL,2
2023-09-01 13:27:00,INT-AI-5LB,1
2023-09-01 16:46:00,INT-CT-25LB,1
2023-09-01 12:43:00,INT-BA-32OZ,1
2023-09-01 14:31:00,CHL-PS-1LB,2
2023-09-01 14:40:00,AQU-PS-5LB,1
2023-09-01 15:32:00,CHL-S-1LB,4
2023-09-01 08:39:00,CHL-PS-17LB,1
2023-09-01 14:17:00,CHL-CT-21LB,1
2023-09-01 13:51:00,BIO-PU-5LB,2
2023-09-01 16:14:00,INT-CA-32OZ,1
2023-09-01 15:17:00,AQU-CT-11LB,1
2023-09-01 12:36:00,INT-LS-1GAL,1
2023-09-01 13:53:00,AQU-PS-5LB,1
2023-09-01 17:30:00,CHL-PS-17LB,1
2023-09-01 13:09:00,AQU-PS-25LB,1
2023-09-01 09:14:00,CHL-CT-21LB,1
2023-09-01 13:40:00,AQU-BA-32OZ,1
2023-09-01 11:05:00,BIO-MA-32OZ,3
2023-09-01 15:20:00,CHL-PS-17LB,1
2023-09-01 13:43:00,AQU-CT-11LB,1
2023-09-01 13:38:00,CHL-PS-1LB,2
2023-09-01 18:10:00,AQU-PS-5LB,4
2023-09-01 16:44:00,INT-CA-32OZ,1
2023-09-01 17:31:00,CHL-PS-17LB,1
2023-09-01 12:34:00,AQU-PS-25LB,1
2023-09-01 15:17:00,BIO-MA-32OZ,1
2023-09-01 09:43:00,AQU-CT-11LB,2
2023-09-01 09:45:00,AQU-PS-5LB,1
2023-09-01 18:18:00,INT-CT-25LB,1
2023-09-01 16:24:00,BIO-MA-32OZ,3
2023-09-01 18:56:00,AQU-CT-11LB,1
2023-09-01 10:27:00,CHL-CT-21LB,2
2023-09-02 09:53:00,CHL-PS-1LB,3
2023-09-02 18:07:00,AQU-PS-25LB,1
2023-09-02 17:39:00,BIO-MA-32OZ,1
2023-09-02 15:27:00,INT-BA-32OZ,1
2023-09-02 12:21:00,INT-AI-5LB,1
2023-09-02 11:17:00,AQU-CT-11LB,1
2023-09-02 17:26:00,BIO-MA-32OZ,1
2023-09-02 13:50:00,AQU-CT-11LB,1
2023-09-02 13:04:00,INT-LS-1GAL,2
2023-09-02 13:49:00,CHL-PS-1LB,2
2023-09-02 18:27:00,BIO-MA-32OZ,3
2023-09-02 12:56:00,INT-CT-25LB,1
2023-09-02 09:39:00,AQU-CT-11LB,4
2023-09-02 14:28:00,AQU-BA-32OZ,1
2023-09-02 16:38:00,INT-MA-1GAL,2
2023-09-02 14:15:00,AQU-BA-32OZ,1
2023-09-02 08:58:00,AQU-BA-32OZ,3
2023-09-02 08:36:00,AQU-PS-5LB,4
2023-09-02 11:22:00,INT-LS-1GAL,1
2023-09-02 16:52:00,BIO-MA-32OZ,1
2023-09-02 10:03:00,AQU-BA-32OZ,1
2023-09-02 09:25:00,CHL-CT-1LB,1
2023-09-02 11:53:00,AQU-CT-11LB,2
2023-09-02 08:05:00,INT-LS-1GAL,1
2023-09-02 13:36:00,AQU-PS-25LB,2
2023-09-02 15:41:00,CHL-PS-1LB,2
2023-09-02 18:09:00,CHL-CT-1LB,1
2023-09-02 10:59:00,AQU-BA-32OZ,1
2023-09-02 12:09:00,INT-CT-25LB,2
2023-09-02 10:33:00,INT-BA-32OZ,2
2023-09-02 12:48:00,INT-CA-32OZ,1
2023-09-02 16:50:00,CHL-CT-1LB,1
2023-09-02 11:19:00,AQU-BA-32OZ,4
2023-09-02 18:38:00,CHL-CT-1LB,1
2023-09-02 10:30:00,AQU-PS-25LB,1
2023-09-02 14:26:00,CHL-PS-17LB,2
2023-09-02 16:03:00,BIO-PU-5LB,4
2023-09-02 17:40:00,CHL-PS-1LB,4
2023-09-02 16:49:00,INT-CA-32OZ,1
2023-09-03 18:44:00,CHL-CT-1LB,2
2023-09-03 08:05:00,INT-MA-1GAL,1
2023-09-03 18:55:00,AQU-PS-5LB,1
2023-09-03 16:02:00,INT-AI-5LB,4
2023-09-03 12:00:00,AQU-PS-25LB,1
2023-09-03 11:12:00,AQU-BA-32OZ,2
2023-09-03 12:35:00,HTH-AI-11LB,3
2023-09-03 08:04:00,AQU-PS-25LB,2
2023-09-03 13:55:00,CHL-PS-1LB,2
2023-09-03 11:28:00,INT-CT-25LB,4
2023-09-03 11:23:00,CHL-S-1LB,1
2023-09-03 16:25:00,CHL-PS-17LB,1
2023-09-03 14:47:00,AQU-BA-32OZ,2
2023-09-03 15:06:00,HTH-S-5LB,1
2023-09-03 13:20:00,AQU-PS-25LB,1
2023-09-03 12:17:00,AQU-PS-25LB,1
2023-09-03 14:56:00,BIO-PD-2LB,1
2023-09-03 08:22:00,AQU-BA-32OZ,1
2023-09-03 11:37:00,INT-LS-1GAL,1
2023-09-03 10:57:00,AQU-CT-11LB,3
2023-09-03 14:02:00,AQU-CT-11LB,1
2023-09-03 17:56:00,BIO-MA-32OZ,4
2023-09-03 14:31:00,INT-BA-32OZ,1
2023-09-03 12:59:00,AQU-PS-25LB,1
2023-09-03 14:40:00,AQU-PS-5LB,3
2023-09-03 10:31:00,AQU-PS-5LB,1
2023-09-03 10:03:00,INT-BA-32OZ,3
2023-09-03 18:21:00,CHL-PS-17LB,1
2023-09-03 11:25:00,AQU-PS-25LB,1
2023-09-03 12:39:00,INT-LS-1GAL,1
2023-09-03 17:04:00,CHL-PS-1LB,1
2023-09-03 09:38:00,CHL-PS-17LB,4
2023-09-03 10:45:00,INT-CT-25LB,3
2023-09-03 16:52:00,CHL-PS-17LB,2
2023-09-03 13:26:00,CHL-CT-1LB,1
2023-09-03 15:47:00,INT-CA-32OZ,2
2023-09-03 18:59:00,HTH-F-2LB,2
2023-09-03 18:09:00,CHL-PS-17LB,1
2023-09-03 16:23:00,AQU-CT-11LB,1
2023-09-03 08:10:00,BIO-MA-32OZ,1
2023-09-03 09:56:00,INT-MA-1GAL,1
2023-09-03 13:20:00,CHL-CT-21LB,1
2023-09-03 18:53:00,CHL-PS-17LB,2
2023-09-03 18:13:00,CHL-CHI-20LB,1
2023-09-03 16:15:00,BIO-MA-32OZ,1
2023-09-03 08:43:00,CHL-S-1LB,1
2023-09-03 15:29:00,CHL-CT-21LB,1
2023-09-03 13:55:00,CHL-CT-21LB,1
2023-09-03 13:35:00,CHL-CT-21LB,1
2023-09-03 10:05:00,AQU-PS-5LB,2
2023-09-03 10:24:00,INT-CA-32OZ,3
2023-09-03 10:26:00,AQU-CT-11LB,1
2023-09-03 12:13:00,AQU-CT-11LB,1
2023-09-03 17:23:00,INT-BA-32OZ,1
2023-09-04 18:32:00,CHL-PS-1LB,4
2023-09-04 12:18:00,HTH-F-2LB,1
2023-09-04 14:00:00,AQU-PS-25LB,3
2023-09-04 15:35:00,BIO-PU-5LB,3
2023-09-04 17:49:00,CHL-CT-21LB,1
2023-09-04 08:53:00,AQU-PS-5LB,3
2023-09-04 15:53:00,AQU-BA-32OZ,1
2023-09-04 13:05:00,INT-LS-1GAL,1
2023-09-04 18:50:00,BIO-MA-32OZ,2
2023-09-04 17:44:00,INT-CT-25LB,1
2023-09-04 17:06:00,AQU-PS-25LB,2
2023-09-04 17:32:00,BIO-MA-32OZ,1
2023-09-04 09:29:00,CHL-PS-17LB,1
2023-09-04 15:23:00,CHL-CT-1LB,1
2023-09-04 13:04:00,INT-CT-25LB,2
2023-09-04 10:36:00,BIO-MA-32OZ,1
2023-09-04 18:44:00,CHL-CT-21LB,1
2023-09-04 12:19:00,BIO-MA-32OZ,2
2023-09-04 09:50:00,INT-LS-1GAL,1
2023-09-04 12:38:00,CHL-PS-1LB,1
2023-09-04 10:21:00,AQU-PS-5LB,1
2023-09-04 11:43:00,INT-BA-32OZ,1
2023-09-04 09:27:00,AQU-BA-32OZ,1
2023-09-04 12:39:00,AQU-BA-32OZ,1
2023-09-04 16:11:00,AQU-PS-5LB,1
2023-09-04 16:48:00,INT-CT-25LB,1
2023-09-04 18:48:00,INT-CT-25LB,1
2023-09-04 11:33:00,AQU-BA-32OZ,1
2023-09-04 18:21:00,INT-CT-25LB,3
2023-09-04 18:36:00,INT-CA-32OZ,1
2023-09-04 15:17:00,AQU-CT-11LB,1
2023-09-04 15:28:00,CHL-PS-17LB,1
2023-09-04 14:22:00,INT-LS-1GAL,2
2023-09-04 14:49:00,AQU-PS-25LB,1
2023-09-04 13:37:00,AQU-PS-25LB,1
2023-09-04 08:30:00,INT-CT-25LB,1
2023-09-04 08:23:00,INT-LS-1GAL,3
2023-09-04 13:19:00,AQU-CT-11LB,1
2023-09-04 17:16:00,INT-MA-1GAL,4
2023-09-04 18:50:00,INT-BA-32OZ,3
2023-09-04 11:40:00,CHL-CT-21LB,1
2023-09-04 12:14:00,INT-LS-1GAL,1
2023-09-05 14:34:00,INT-CT-25LB,1
2023-09-05 15:42:00,AQU-BA-32OZ,1
2023-09-05 15:06:00,AQU-PS-25LB,1
2023-09-05 13:55:00,INT-AI-5LB,2
2023-09-05 14:51:00,INT-CT-25LB,2
2023-09-05 17:11:00,BIO-MA-32OZ,3
2023-09-05 10:46:00,CHL-CT-1LB,1
2023-09-05 08:53:00,AQU-PS-5LB,4
2023-09-05 17:17:00,INT-CHI-7LB,2
2023-09-05 17:54:00,AQU-CT-11LB,1
2023-09-05 08:31:00,AQU-CT-11LB,1
2023-09-05 14:44:00,CHL-CT-21LB,1
2023-09-05 11:19:00,CHL-CHI-20LB,1
2023-09-05 09:22:00,BIO-PD-2LB,2
2023-09-05 11:23:00,INT-LS-1GAL,1
2023-09-05 17:29:00,HTH-F-2LB,2
2023-09-05 15:07:00,AQU-PS-25LB,1
2023-09-05 08:42:00,INT-BA-32OZ,1
2023-09-05 08:07:00,AQU-PS-25LB,2
2023-09-05 09:21:00,INT-BA-32OZ,1
2023-09-05 18:16:00,INT-MA-1GAL,1
2023-09-05 15:29:00,AQU-BA-32OZ,1
2023-09-05 11:49:00,INT-LS-1GAL,1
2023-09-05 12:39:00,INT-LS-1GAL,4
2023-09-05 12:15:00,HTH-S-5LB,2
2023-09-05 18:04:00,CHL-CT-21LB,2
2023-09-05 18:16:00,CHL-CT-21LB,1
2023-09-05 16:30:00,CHL-CT-21LB,1
2023-09-05 10:11:00,AQU-PS-25LB,1
2023-09-05 13:23:00,AQU-PS-25LB,1
2023-09-05 15:32:00,CHL-PS-17LB,2
2023-09-05 13:25:00,AQU-CT-11LB,1
2023-09-05 12:06:00,BIO-MA-32OZ,1
2023-09-05 11:21:00,CHL-CT-1LB,3
2023-09-05 12:41:00,CHL-CT-1LB,3
2023-09-05 18:31:00,CHL-CT-21LB,1
2023-09-05 12:06:00,INT-CT-25LB,1
2023-09-05 14:34:00,CHL-PS-17LB,1
2023-09-05 13:56:00,AQU-PS-25LB,2
2023-09-05 18:23:00,BIO-MA-32OZ,3
2023-09-05 15:13:00,AQU-PS-25LB,1
2023-09-05 17:42:00,AQU-PS-25LB,1
2023-09-05 13:09:00,AQU-BA-32OZ,1
2023-09-05 11:55:00,INT-CHI-7LB,2
2023-09-05 10:34:00,INT-CA-32OZ,1
2023-09-05 13:23:00,INT-CA-32OZ,4
2023-09-05 13:35:00,INT-CA-32OZ,1
2023-09-05 08:53:00,INT-CT-25LB,1
2023-09-05 18:47:00,INT-AI-5LB,3
2023-09-05 17:50:00,INT-CT-25LB,2
2023-09-06 13:31:00,INT-CT-25LB,1
2023-09-06 17:19:00,INT-CA-32OZ,1
2023-09-06 15:23:00,INT-CA-32OZ,1
2023-09-06 16:06:00,AQU-PS-5LB,1
2023-09-06 18:26:00,AQU-PS-5LB,1
2023-09-06 14:02:00,CHL-CT-21LB,1
2023-09-06 10:50:00,AQU-PS-5LB,1
2023-09-06 16:49:00,INT-CT-25LB,1
2023-09-06 12:40:00,CHL-CT-1LB,2
2023-09-06 18:07:00,CHL-PS-1LB,1
2023-09-06 11:26:00,HTH-F-2LB,2
2023-09-06 10:15:00,AQU-CT-11LB,1
2023-09-06 11:47:00,AQU-BA-32OZ,2
2023-09-06 18:50:00,INT-LS-1GAL,1
2023-09-06 18:19:00,INT-BA-32OZ,1
2023-09-06 15:00:00,INT-MA-1GAL,1
2023-09-06 12:01:00,CHL-CT-1LB,3
2023-09-06 15:06:00,AQU-PS-5LB,1
2023-09-06 12:25:00,INT-BA-32OZ,1
2023-09-06 17:28:00,INT-CA-32OZ,1
2023-09-06 18:45:00,CHL-CT-1LB,1
2023-09-06 09:16:00,INT-CA-32OZ,1
2023-09-06 15:42:00,AQU-CT-11LB,2
2023-09-06 17:31:00,AQU-BA-32OZ,2
2023-09-06 11:18:00,AQU-CT-11LB,1
2023-09-06 09:35:00,INT-BA-32OZ,3
2023-09-06 13:45:00,AQU-BA-32OZ,3
2023-09-06 13:36:00,BIO-MA-32OZ,1
2023-09-06 13:02:00,INT-CA-32OZ,2
2023-09-06 16:45:00,AQU-BA-32OZ,3
2023-09-06 11:31:00,CHL-CT-21LB,1
2023-09-06 12:23:00,CHL-PS-1LB,1
2023-09-06 14:02:00,AQU-CT-11LB,4
2023-09-06 09:29:00,AQU-BA-32OZ,2
2023-09-06 08:12:00,CHL-PS-1LB,1
2023-09-06 17:52:00,INT-BA-32OZ,1
2023-09-06 14:06:00,AQU-PS-25LB,3
2023-09-06 08:04:00,AQU-PS-5LB,1
2023-09-06 15:22:00,INT-CT-25LB,3
2023-09-06 17:43:00,BIO-MA-32OZ,4
2023-09-06 08:42:00,INT-CA-32OZ,1
2023-09-06 08:48:00,INT-MA-1GAL,1
2023-09-06 09:28:00,INT-LS-1GAL,1
2023-09-06 08:24:00,BIO-MA-32OZ,3
2023-09-06 15:36:00,CHL-CT-1LB,1
2023-09-06 18:17:00,AQU-BA-32OZ,1
2023-09-06 17:02:00,BIO-MA-32OZ,1
2023-09-06 15:34:00,CHL-CT-1LB,1
2023-09-06 14:44:00,CHL-CT-1LB,2
2023-09-06 17:11:00,BIO-PD-2LB,1
2023-09-07 13:20:00,BIO-MA-32OZ,2
2023-09-07 18:06:00,INT-LS-1GAL,1
2023-09-07 14:57:00,INT-BA-32OZ,1
2023-09-07 10:07:00,CHL-CT-1LB,4
2023-09-07 13:37:00,INT-BA-32OZ,1
2023-09-07 11:42:00,AQU-PS-25LB,1
2023-09-07 16:49:00,CHL-CT-1LB,1
2023-09-07 17:27:00,AQU-PS-5LB,1
2023-09-07 15:25:00,INT-CT-25LB,1
2023-09-07 18:15:00,CHL-PS-1LB,1
2023-09-07 13:12:00,AQU-PS-25LB,1
2023-09-07 14:31:00,CHL-CT-21LB,1
2023-09-07 11:23:00,INT-LS-1GAL,2
2023-09-07 18:50:00,CHL-CT-21LB,1
2023-09-07 13:45:00,INT-LS-1GAL,4
2023-09-07 16:38:00,INT-AI-25LB,1
2023-09-07 14:02:00,CHL-PS-17LB,1
2023-09-07 15:03:00,AQU-CT-11LB,1
2023-09-07 15:08:00,CHL-CT-21LB,1
2023-09-07 10:34:00,AQU-PS-5LB,1
2023-09-07 16:13:00,AQU-PD-5LB,1
2023-09-07 12:49:00,INT-CA-32OZ,1
2023-09-07 09:13:00,INT-LS-1GAL,3
2023-09-07 11:51:00,AQU-CT-11LB,1
2023-09-07 13:52:00,AQU-CT-11LB,1
2023-09-07 09:48:00,INT-CT-25LB,1
2023-09-07 11:39:00,AQU-PS-5LB,1
2023-09-07 08:04:00,CHL-PS-1LB,1
2023-09-07 12:12:00,BIO-MA-32OZ,1
2023-09-07 08:38:00,INT-BA-32OZ,3
2023-09-07 15:58:00,CHL-PS-17LB,1
2023-09-07 12:10:00,INT-CT-25LB,1
2023-09-07 15:40:00,INT-CT-25LB,1
2023-09-07 12:39:00,CHL-PS-17LB,1
2023-09-07 11:27:00,INT-CA-32OZ,1
2023-09-07 14:54:00,AQU-BA-32OZ,2
2023-09-07 18:59:00,CHL-PS-1LB,1
2023-09-07 11:20:00,INT-LS-1GAL,1
2023-09-07 15:45:00,BIO-MA-32OZ,1
2023-09-07 17:26:00,AQU-PS-25LB,1
2023-09-07 15:49:00,CHL-PS-17LB,1
2023-09-07 09:44:00,AQU-CT-11LB,1
2023-09-07 12:33:00,CHL-CT-21LB,1
2023-09-07 08:12:00,INT-LS-1GAL,1
2023-09-07 18:00:00,CHL-CT-21LB,1
2023-09-07 18:03:00,CHL-PS-17LB,1
2023-09-07 15:43:00,CHL-PS-17LB,1
2023-09-07 11:51:00,AQU-CT-11LB,1
2023-09-07 13:49:00,CHL-CT-1LB,1
2023-09-07 18:27:00,CHL-CT-21LB,2
2023-09-07 13:35:00,AQU-CT-11LB,1
2023-09-07 10:24:00,CHL-PS-1LB,1
2023-09-07 08:32:00,AQU-CT-11LB,1
2023-09-07 10:54:00,INT-LS-1GAL,3
2023-09-08 18:26:00,AQU-BA-32OZ,1
2023-09-08 11:57:00,CHL-PS-17LB,1
2023-09-08 15:51:00,AQU-PS-5LB,1
2023-09-08 17:16:00,BIO-MA-32OZ,1
2023-09-08 09:09:00,AQU-PS-25LB,1
2023-09-08 16:55:00,AQU-PS-5LB,1
2023-09-08 16:24:00,INT-LS-1GAL,2
2023-09-08 14:37:00,CHL-CT-21LB,1
2023-09-08 09:05:00,AQU-PS-5LB,3
2023-09-08 10:43:00,INT-LS-1GAL,2
2023-09-08 10:12:00,INT-MA-1GAL,1
2023-09-08 10:04:00,CHL-CT-21LB,1
2023-09-08 12:40:00,CHL-CT-1LB,3
2023-09-08 18:10:00,AQU-PS-5LB,3
2023-09-08 13:55:00,INT-BA-32OZ,1
2023-09-08 10:51:00,CHL-CT-21LB,1
2023-09-08 14:05:00,AQU-PS-25LB,1
2023-09-08 09:37:00,CHL-CT-1LB,3
2023-09-08 15:50:00,CHL-CT-1LB,1
2023-09-08 18:34:00,CHL-PS-17LB,2
2023-09-08 17:51:00,CHL-CT-21LB,1
2023-09-08 10:53:00,INT-MA-1GAL,3
2023-09-08 13:51:00,INT-BA-32OZ,3
2023-09-08 17:55:00,INT-CT-25LB,2
2023-09-08 12:25:00,CHL-CT-1LB,1
2023-09-08 13:28:00,CHL-CHI-20LB,1
2023-09-08 12:40:00,AQU-PS-25LB,1
2023-09-08 18:17:00,INT-LS-1GAL,1
2023-09-08 14:58:00,INT-CT-25LB,4
2023-09-08 13:44:00,CHL-PS-1LB,2
2023-09-08 11:11:00,AQU-PS-5LB,1
2023-09-08 13:43:00,INT-BA-32OZ,3
2023-09-08 13:17:00,CHL-PS-17LB,1
2023-09-08 12:59:00,CHL-PS-17LB,3
2023-09-08 09:07:00,AQU-PS-25LB,1
2023-09-08 16:06:00,AQU-BA-32OZ,1
2023-09-08 16:42:00,AQU-PD-5LB,3
2023-09-08 13:05:00,AQU-CT-11LB,1
2023-09-08 11:24:00,AQU-PS-25LB,4
2023-09-08 15:12:00,AQU-PS-25LB,2
2023-09-08 16:01:00,INT-LS-1GAL,1
2023-09-08 18:21:00,AQU-PS-5LB,1
2023-09-08 10:03:00,AQU-PS-25LB,1
2023-09-08 11:35:00,AQU-PS-25LB,1
2023-09-08 18:41:00,CHL-CT-21LB,1
2023-09-08 16:06:00,AQU-PS-5LB,1
2023-09-08 17:13:00,BIO-MA-32OZ,1
2023-09-08 15:53:00,HTH-AI-11LB,1
2023-09-08 14:32:00,BIO-MA-32OZ,1
2023-09-08 12:49:00,CHL-CT-21LB,1
2023-09-09 12:55:00,INT-LS-1GAL,1
2023-09-09 15:05:00,INT-CT-25LB,1
2023-09-09 12:24:00,INT-CT-25LB,2
2023-09-09 18:08:00,CHL-CT-1LB,1
2023-09-09 10:01:00,AQU-PS-25LB,1
2023-09-09 09:16:00,AQU-PS-5LB,1
2023-09-09 18:33:00,CHL-PS-1LB,1
2023-09-09 11:12:00,INT-LS-1GAL,4
2023-09-09 11:20:00,CHL-CHI-20LB,1
2023-09-09 12:03:00,AQU-PS-25LB,1
2023-09-09 09:07:00,CHL-PS-17LB,1
2023-09-09 10:28:00,CHL-CT-1LB,1
2023-09-09 10:34:00,BIO-MA-32OZ,2
2023-09-09 11:58:00,AQU-CHI-11LB,1
2023-09-09 14:00:00,AQU-BA-32OZ,1
2023-09-09 11:00:00,INT-CT-25LB,3
2023-09-09 16:30:00,INT-MA-1GAL,2
2023-09-09 14:58:00,INT-LS-1GAL,1
2023-09-09 12:29:00,INT-CT-25LB,2
2023-09-09 15:02:00,INT-BA-32OZ,1
2023-09-09 17:00:00,CHL-CT-1LB,1
2023-09-09 14:42:00,BIO-PU-5LB,1
2023-09-09 18:30:00,INT-CT-25LB,3
2023-09-09 14:06:00,CHL-CT-1LB,2
2023-09-09 16:15:00,BIO-MA-32OZ,1
2023-09-09 15:24:00,CHL-CT-1LB,1
2023-09-09 10:47:00,CHL-CT-1LB,1
2023-09-09 17:23:00,INT-CT-25LB,1
2023-09-09 08:30:00,CHL-CT-1LB,1
2023-09-09 14:41:00,CHL-PS-17LB,1
2023-09-09 15:44:00,INT-CT-25LB,1
2023-09-09 09:40:00,INT-CA-32OZ,1
2023-09-09 14:11:00,BIO-PU-5LB,1
2023-09-09 09:31:00,CHL-PS-17LB,2
2023-09-09 10:02:00,INT-CT-25LB,1
2023-09-09 12:34:00,CHL-CT-1LB,1
2023-09-09 16:54:00,INT-LS-1GAL,1
2023-09-09 16:25:00,CHL-CT-21LB,3
2023-09-09 16:03:00,BIO-MA-32OZ,1
2023-09-09 18:19:00,AQU-BA-32OZ,1
2023-09-09 09:32:00,CHL-PS-17LB,2
2023-09-09 14:52:00,INT-LS-1GAL,1
2023-09-09 17:14:00,CHL-PS-17LB,1
2023-09-09 08:14:00,AQU-PS-5LB,2
2023-09-09 18:10:00,AQU-CT-11LB,1
2023-09-09 14:54:00,CHL-PS-1LB,2
2023-09-09 12:41:00,AQU-CT-11LB,1
2023-09-09 13:50:00,INT-CA-32OZ,1
2023-09-09 14:16:00,CHL-CT-1LB,1
2023-09-10 15:19:00,INT-LS-1GAL,1
2023-09-10 09:37:00,CHL-CHI-20LB,1
2023-09-10 17:05:00,CHL-PS-17LB,2
2023-09-10 14:02:00,CHL-CT-1LB,1
2023-09-10 13:45:00,CHL-CT-21LB,1
2023-09-10 18:48:00,INT-CT-25LB,1
2023-09-10 11:38:00,BIO-MA-32OZ,1
2023-09-10 18:01:00,INT-LS-1GAL,1
2023-09-10 14:50:00,INT-CA-32OZ,1
2023-09-10 12:50:00,INT-CA-32OZ,1
2023-09-10 17:02:00,AQU-PS-5LB,1
2023-09-10 17:46:00,CHL-CT-21LB,1
2023-09-10 15:41:00,CHL-PS-17LB,3
2023-09-10 08:14:00,INT-CA-32OZ,1
2023-09-10 12:08:00,INT-CA-32OZ,1
2023-09-10 13:52:00,CHL-PS-1LB,1
2023-09-10 18:07:00,INT-LS-1GAL,1
2023-09-10 17:28:00,AQU-PS-25LB,3
2023-09-10 18:03:00,AQU-CT-11LB,2
2023-09-10 09:35:00,AQU-PS-25LB,1
2023-09-10 09:47:00,AQU-BA-32OZ,1
2023-09-10 13:35:00,AQU-BA-32OZ,1
2023-09-10 17:06:00,CHL-PU-2LB,1
2023-09-10 11:25:00,CHL-PS-17LB,1
2023-09-10 16:09:00,BIO-MA-32OZ,1
2023-09-10 17:25:00,AQU-CHI-11LB,1
2023-09-10 15:00:00,INT-LS-1GAL,1
2023-09-10 15:17:00,CHL-CT-1LB,1
2023-09-10 10:07:00,CHL-CT-21LB,2
2023-09-10 13:59:00,INT-BA-32OZ,1
2023-09-10 11:04:00,AQU-PS-5LB,4
2023-09-10 17:15:00,AQU-PS-25LB,1
2023-09-10 18:57:00,INT-BA-32OZ,2
2023-09-10 14:46:00,INT-CHI-7LB,4
2023-09-10 10:49:00,AQU-BA-32OZ,1
2023-09-10 13:10:00,CHL-PS-17LB,1
2023-09-10 14:50:00,CHL-PS-1LB,1
2023-09-10 08:08:00,CHL-PS-1LB,1
2023-09-11 14:36:00,AQU-CT-11LB,1
2023-09-11 08:35:00,CHL-CT-1LB,2
2023-09-11 16:29:00,INT-BA-32OZ,3
2023-09-11 13:50:00,AQU-CT-11LB,1
2023-09-11 12:32:00,AQU-PS-5LB,1
2023-09-11 08:09:00,BIO-MA-32OZ,1
2023-09-11 17:14:00,AQU-BA-32OZ,1
2023-09-11 11:49:00,CHL-PS-17LB,1
2023-09-11 13:34:00,CHL-CT-21LB,1
2023-09-11 11:48:00,CHL-CT-1LB,2
2023-09-11 16:52:00,CHL-CT-21LB,1
2023-09-11 12:12:00,BIO-PD-2LB,1
2023-09-11 18:53:00,AQU-PS-25LB,1
2023-09-11 17:40:00,AQU-BA-32OZ,1
2023-09-11 09:00:00,INT-BA-32OZ,4
2023-09-11 14:23:00,BIO-MA-32OZ,1
2023-09-11 15:15:00,BIO-MA-32OZ,2
2023-09-11 13:54:00,AQU-PS-25LB,1
2023-09-11 09:30:00,INT-CA-32OZ,1
2023-09-11 12:21:00,CHL-PS-17LB,2
2023-09-11 12:24:00,AQU-BA-32OZ,1
2023-09-11 17:13:00,AQU-CT-11LB,1
2023-09-11 13:07:00,INT-BA-32OZ,4
2023-09-11 08:56:00,INT-BA-32OZ,1
2023-09-11 10:47:00,AQU-CHI-11LB,1
2023-09-11 09:19:00,AQU-PS-5LB,1
2023-09-11 08:58:00,CHL-CT-1LB,1
2023-09-11 09:09:00,INT-LS-1GAL,1
2023-09-11 16:15:00,AQU-BA-32OZ,1
2023-09-11 11:05:00,CHL-CT-21LB,1
2023-09-11 17:21:00,INT-BA-32OZ,1
2023-09-11 13:32:00,BIO-PD-2LB,1
2023-09-11 18:37:00,AQU-CT-11LB,1
2023-09-11 15:36:00,CHL-CT-21LB,3
2023-09-11 17:00:00,AQU-BA-32OZ,1
2023-09-11 11:21:00,BIO-MA-32OZ,1
2023-09-11 17:29:00,CHL-PS-1LB,3
2023-09-11 09:31:00,AQU-PS-5LB,1
2023-09-11 15:05:00,CHL-CT-1LB,1
2023-09-11 15:44:00,AQU-PS-5LB,2
2023-09-11 08:12:00,CHL-CT-1LB,1
2023-09-11 08:22:00,AQU-PS-25LB,1
2023-09-11 14:32:00,INT-CA-32OZ,3
2023-09-11 15:58:00,INT-AI-5LB,1
2023-09-11 08:57:00,AQU-CHI-11LB,1
2023-09-11 17:19:00,CHL-PS-1LB,2
2023-09-12 12:58:00,BIO-MA-32OZ,3
2023-09-12 14:00:00,CHL-CT-21LB,2
2023-09-12 13:05:00,INT-CA-32OZ,1
2023-09-12 14:16:00,INT-BA-32OZ,1
2023-09-12 16:51:00,AQU-CT-11LB,4
2023-09-12 11:48:00,INT-LS-1GAL,1
2023-09-12 18:40:00,INT-CA-32OZ,1
2023-09-12 16:37:00,CHL-CT-21LB,1
2023-09-12 13:13:00,INT-CT-25LB,3
2023-09-12 11:28:00,INT-CA-32OZ,1
2023-09-12 14:35:00,INT-AI-5LB,1
2023-09-12 12:07:00,AQU-CT-11LB,1
2023-09-12 16:29:00,CHL-CHI-20LB,1
2023-09-12 14:29:00,INT-BA-32OZ,1
2023-09-12 15:55:00,AQU-PS-5LB,3
2023-09-12 18:27:00,INT-CT-25LB,2
2023-09-12 08:00:00,AQU-PS-25LB,2
2023-09-12 14:17:00,BIO-MA-32OZ,1
2023-09-12 11:19:00,INT-CT-25LB,4
2023-09-12 13:41:00,AQU-BA-32OZ,1
2023-09-12 17:51:00,INT-BA-32OZ,2
2023-09-12 15:43:00,CHL-PS-1LB,1
2023-09-12 18:42:00,INT-CHI-7LB,3
2023-09-12 11:53:00,BIO-MA-32OZ,1
2023-09-12 09:40:00,CHL-CHI-20LB,1
2023-09-12 15:48:00,AQU-PS-25LB,1
2023-09-12 11:02:00,AQU-BA-32OZ,1
2023-09-12 11:14:00,CHL-PU-2LB,3
2023-09-12 10:16:00,CHL-PS-1LB,3
2023-09-12 17:50:00,INT-MA-1GAL,1
2023-09-12 14:47:00,INT-LS-1GAL,1
2023-09-12 15:21:00,INT-LS-1GAL,2
2023-09-12 15:57:00,CHL-CT-1LB,4
2023-09-12 12:55:00,CHL-CHI-20LB,1
2023-09-12 13:07:00,CHL-CT-21LB,1
2023-09-12 08:19:00,INT-CT-25LB,1
2023-09-12 16:17:00,CHL-PS-17LB,1
2023-09-12 16:54:00,AQU-PS-5LB,3
2023-09-12 08:37:00,AQU-PS-25LB,1
2023-09-12 12:44:00,INT-CT-25LB,1
2023-09-12 15:46:00,CHL-PS-1LB,1
2023-09-12 11:53:00,INT-CT-25LB,1
2023-09-12 09:34:00,AQU-CT-11LB,1
2023-09-12 09:22:00,CHL-CT-21LB,2
2023-09-12 14:01:00,INT-LS-1GAL,1
2023-09-12 13:54:00,BIO-MA-32OZ,3
2023-09-12 12:10:00,AQU-BA-32OZ,1
2023-09-12 15:03:00,CHL-CT-21LB,1
2023-09-13 17:57:00,AQU-BA-32OZ,2
2023-09-13 13:52:00,INT-LS-1GAL,1
2023-09-13 17:45:00,CHL-CT-1LB,1
2023-09-13 12:51:00,INT-MA-1GAL,1
2023-09-13 15:26:00,CHL-PS-17LB,3
2023-09-13 09:06:00,AQU-PS-5LB,1
2023-09-13 09:03:00,AQU-CT-11LB,1
2023-09-13 15:36:00,INT-LS-1GAL,1
2023-09-13 15:25:00,CHL-PS-17LB,1
2023-09-13 12:56:00,CHL-CT-1LB,2
2023-09-13 15:23:00,CHL-CT-1LB,1
2023-09-13 12:43:00,INT-CT-25LB,1
2023-09-13 13:26:00,CHL-PS-17LB,2
2023-09-13 13:29:00,AQU-PS-25LB,1
2023-09-13 10:32:00,AQU-PS-5LB,2
2023-09-13 17:50:00,AQU-CHI-11LB,1
2023-09-13 15:09:00,CHL-CT-21LB,1
2023-09-13 10:24:00,AQU-BA-32OZ,1
2023-09-13 18:36:00,INT-BA-32OZ,1
2023-09-13 11:18:00,CHL-CT-1LB,1
2023-09-13 16:21:00,AQU-PS-25LB,2
2023-09-13 12:43:00,CHL-PS-1LB,1
2023-09-13 08:48:00,INT-LS-1GAL,1
2023-09-13 11:37:00,CHL-CT-21LB,3
2023-09-13 08:38:00,INT-CT-25LB,2
2023-09-13 16:16:00,INT-CT-25LB,1
2023-09-13 18:24:00,AQU-CT-11LB,3
2023-09-13 16:54:00,CHL-CT-21LB,1
2023-09-13 13:47:00,CHL-CT-21LB,1
2023-09-13 14:00:00,AQU-PS-25LB,1
2023-09-13 14:24:00,INT-CA-32OZ,1
2023-09-13 17:46:00,CHL-CT-1LB,3
2023-09-13 17:11:00,INT-CT-25LB,1
2023-09-13 18:45:00,BIO-MA-32OZ,1
2023-09-13 14:04:00,CHL-CT-21LB,1
2023-09-13 11:33:00,AQU-PS-25LB,1
2023-09-13 10:59:00,CHL-PS-17LB,1
2023-09-13 14:50:00,AQU-PS-25LB,4
2023-09-13 16:30:00,CHL-CT-1LB,3
2023-09-13 08:39:00,CHL-CT-21LB,1
2023-09-13 15:56:00,CHL-PS-17LB,1
2023-09-13 15:56:00,CHL-CT-21LB,3
2023-09-13 15:28:00,CHL-PS-1LB,1
2023-09-13 17:23:00,CHL-PS-1LB,1
2023-09-13 15:02:00,INT-CT-25LB,2
2023-09-13 18:13:00,AQU-PS-5LB,1
2023-09-14 14:09:00,CHL-CT-1LB,1
2023-09-14 14:14:00,AQU-CT-11LB,1
2023-09-14 15:29:00,INT-CA-32OZ,1
2023-09-14 17:11:00,INT-BA-32OZ,1
2023-09-14 15:04:00,INT-CT-25LB,1
2023-09-14 18:50:00,AQU-BA-32OZ,1
2023-09-14 09:03:00,INT-BA-32OZ,2
2023-09-14 15:48:00,CHL-CT-21LB,1
2023-09-14 11:22:00,INT-AI-25LB,1
2023-09-14 09:08:00,INT-MA-1GAL,1
2023-09-14 16:38:00,CHL-CT-1LB,1
2023-09-14 14:11:00,CHL-PS-1LB,1
2023-09-14 10:42:00,AQU-PS-5LB,4
2023-09-14 08:26:00,INT-CA-32OZ,1
2023-09-14 16:57:00,AQU-PS-25LB,1
2023-09-14 18:58:00,CHL-CT-1LB,2
2023-09-14 10:18:00,CHL-CT-21LB,1
2023-09-14 11:10:00,INT-CT-25LB,1
2023-09-14 11:12:00,AQU-PS-25LB,1
2023-09-14 18:49:00,CHL-PS-1LB,1
2023-09-14 11:03:00,AQU-CT-11LB,2
2023-09-14 10:13:00,CHL-PS-17LB,1
2023-09-14 17:37:00,CHL-PS-17LB,1
2023-09-14 11:16:00,AQU-BA-32OZ,2
2023-09-14 12:24:00,INT-MA-1GAL,4
2023-09-14 08:50:00,INT-CA-32OZ,1
2023-09-14 14:52:00,AQU-PS-25LB,1
2023-09-14 08:53:00,CHL-CHI-20LB,1
2023-09-14 14:36:00,CHL-PS-17LB,3
2023-09-14 12:45:00,CHL-CT-1LB,1
2023-09-14 11:43:00,BIO-MA-32OZ,2
2023-09-14 08:25:00,BIO-MA-32OZ,2
2023-09-14 17:22:00,INT-BA-32OZ,1
2023-09-14 18:08:00,INT-BA-32OZ,2
2023-09-14 11:21:00,INT-LS-1GAL,1
2023-09-14 15:34:00,INT-LS-1GAL,1
2023-09-14 14:20:00,CHL-PS-1LB,2
2023-09-14 10:38:00,AQU-PS-5LB,1
2023-09-14 12:05:00,CHL-PS-17LB,1
2023-09-14 10:32:00,INT-LS-1GAL,1
2023-09-14 13:15:00,AQU-PD-5LB,2
2023-09-14 15:45:00,AQU-BA-32OZ,1
2023-09-14 08:02:00,AQU-BA-32OZ,2
2023-09-14 14:55:00,INT-MA-1GAL,1
2023-09-14 12:16:00,CHL-PS-1LB,1
2023-09-14 16:56:00,BIO-PD-2LB,1
2023-09-14 16:21:00,AQU-CT-11LB,1
2023-09-14 12:34:00,BIO-MA-32OZ,3
2023-09-14 15:49:00,INT-CA-32OZ,2
2023-09-14 13:15:00,INT-LS-1GAL,1
2023-09-15 17:40:00,AQU-BA-32OZ,2
2023-09-15 16:50:00,INT-BA-32OZ,1
2023-09-15 08:16:00,CHL-PS-1LB,1
2023-09-15 10:23:00,INT-CT-25LB,1
2023-09-15 13:19:00,INT-MA-1GAL,1
2023-09-15 10:33:00,INT-LS-1GAL,1
2023-09-15 08:20:00,AQU-BA-32OZ,1
2023-09-15 11:28:00,INT-BA-32OZ,1
2023-09-15 14:48:00,AQU-PS-5LB,1
2023-09-15 12:08:00,CHL-CT-1LB,1
2023-09-15 13:21:00,INT-BA-32OZ,1
2023-09-15 08:30:00,INT-AI-5LB,3
2023-09-15 16:55:00,CHL-CT-21LB,1
2023-09-15 14:35:00,INT-BA-32OZ,1
2023-09-15 16:40:00,HTH-F-2LB,1
2023-09-15 15:34:00,AQU-BA-32OZ,4
2023-09-15 14:01:00,INT-CT-25LB,1
2023-09-15 18:11:00,INT-CT-25LB,1
2023-09-15 08:14:00,BIO-MA-32OZ,1
2023-09-16 10:10:00,CHL-CHI-20LB,1
2023-09-16 09:15:00,AQU-BA-32OZ,1
2023-09-16 09:58:00,BIO-MA-32OZ,1
2023-09-16 15:02:00,CHL-S-1LB,1
2023-09-16 09:39:00,CHL-CT-1LB,1
2023-09-16 13:35:00,AQU-PS-25LB,1
2023-09-16 14:26:00,AQU-BA-32OZ,2
2023-09-16 11:37:00,BIO-MA-32OZ,2
2023-09-16 17:42:00,INT-AI-25LB,2
2023-09-16 10:34:00,CHL-PS-17LB,2
2023-09-16 15:36:00,INT-LS-1GAL,4
2023-09-16 16:49:00,CHL-CT-1LB,1
2023-09-16 15:10:00,AQU-PS-25LB,1
2023-09-16 16:31:00,AQU-PS-5LB,4
2023-09-16 11:52:00,INT-LS-1GAL,1
2023-09-16 09:16:00,CHL-PS-1LB,1
2023-09-16 10:51:00,CHL-CT-1LB,1
2023-09-16 12:36:00,AQU-PS-25LB,1
2023-09-16 13:51:00,INT-LS-1GAL,2
2023-09-16 14:11:00,AQU-CT-11LB,1
2023-09-16 17:52:00,INT-LS-1GAL,1
2023-09-16 09:30:00,INT-LS-1GAL,1
2023-09-16 18:36:00,AQU-CHI-11LB,1
2023-09-16 14:19:00,CHL-PS-17LB,1
2023-09-16 12:07:00,AQU-CT-11LB,1
2023-09-16 14:00:00,AQU-CT-11LB,3
2023-09-17 10:34:00,CHL-PS-1LB,1
2023-09-17 16:32:00,INT-CA-32OZ,1
2023-09-17 08:30:00,AQU-PS-5LB,1
2023-09-17 08:01:00,CHL-PS-1LB,2
2023-09-17 13:05:00,CHL-PS-1LB,1
2023-09-17 08:11:00,INT-CA-32OZ,1
2023-09-17 16:31:00,AQU-PS-5LB,1
2023-09-17 12:21:00,AQU-BA-32OZ,2
2023-09-17 18:05:00,CHL-PS-17LB,2
2023-09-17 10:01:00,INT-CA-32OZ,4
2023-09-17 10:43:00,CHL-CT-1LB,3
2023-09-17 10:46:00,AQU-CT-11LB,3
2023-09-17 18:48:00,AQU-PS-5LB,1
2023-09-17 08:05:00,AQU-BA-32OZ,2
2023-09-17 15:23:00,INT-LS-1GAL,1
2023-09-17 12:23:00,CHL-CT-1LB,1
2023-09-17 12:04:00,CHL-PS-1LB,1
2023-09-17 14:17:00,INT-CT-25LB,1
2023-09-17 16:31:00,CHL-PS-17LB,3
2023-09-17 17:08:00,AQU-PS-5LB,1
2023-09-18 09:03:00,CHL-CT-21LB,1
2023-09-18 12:25:00,CHL-CT-21LB,3
2023-09-18 14:08:00,CHL-PS-1LB,2
2023-09-18 15:20:00,AQU-PS-25LB,1
2023-09-18 18:47:00,AQU-PS-5LB,1
2023-09-18 08:49:00,BIO-MA-32OZ,1
2023-09-18 09:22:00,AQU-PS-25LB,1
2023-09-18 10:25:00,AQU-PS-5LB,2
2023-09-18 18:43:00,BIO-MA-32OZ,2
2023-09-18 17:28:00,INT-CT-25LB,1
2023-09-18 12:17:00,AQU-PS-25LB,1
2023-09-18 10:52:00,AQU-CT-11LB,4
2023-09-18 08:14:00,INT-AI-5LB,3
2023-09-18 14:03:00,CHL-CT-1LB,1
2023-09-18 15:34:00,AQU-BA-32OZ,2
2023-09-18 13:18:00,INT-CA-32OZ,1
2023-09-18 16:59:00,BIO-MA-32OZ,1
2023-09-18 11:12:00,AQU-CT-11LB,3
2023-09-18 08:36:00,CHL-CT-1LB,1
2023-09-18 13:32:00,AQU-CT-11LB,1
2023-09-18 15:09:00,CHL-PS-1LB,1
2023-09-18 11:44:00,CHL-CT-21LB,1
2023-09-18 16:13:00,AQU-BA-32OZ,1
2023-09-18 14:34:00,AQU-BA-32OZ,1
2023-09-19 08:27:00,INT-BA-32OZ,1
2023-09-19 08:50:00,CHL-PS-17LB,2
2023-09-19 09:55:00,CHL-PS-1LB,4
2023-09-19 12:21:00,CHL-PS-17LB,3
2023-09-19 15:38:00,CHL-CT-21LB,1
2023-09-19 10:14:00,AQU-PS-5LB,1
2023-09-19 10:25:00,CHL-PS-17LB,1
2023-09-19 15:04:00,CHL-CT-21LB,2
2023-09-19 12:47:00,AQU-BA-32OZ,1
2023-09-19 18:34:00,AQU-PS-25LB,1
2023-09-19 13:32:00,AQU-BA-32OZ,1
2023-09-19 09:39:00,INT-CT-25LB,1
2023-09-19 18:29:00,AQU-PS-25LB,1
2023-09-19 08:06:00,AQU-CT-11LB,1
2023-09-19 13:02:00,INT-BA-32OZ,1
2023-09-19 09:36:00,AQU-PS-25LB,1
2023-09-19 14:31:00,CHL-CT-21LB,1
2023-09-20 15:42:00,AQU-PS-5LB,2
2023-09-20 10:01:00,CHL-CT-21LB,1
2023-09-20 17:08:00,CHL-CT-21LB,1
2023-09-20 13:04:00,CHL-PU-2LB,2
2023-09-20 17:08:00,INT-LS-1GAL,1
2023-09-20 08:07:00,AQU-BA-32OZ,2
2023-09-20 16:09:00,CHL-PS-17LB,1
2023-09-20 16:46:00,INT-CA-32OZ,2
2023-09-20 13:08:00,CHL-PS-17LB,1
2023-09-20 11:14:00,AQU-PS-25LB,1
2023-09-20 10:36:00,INT-LS-1GAL,1
2023-09-20 15:53:00,BIO-MA-32OZ,1
2023-09-20 08:53:00,INT-LS-1GAL,3
2023-09-20 12:36:00,CHL-PS-1LB,2
2023-09-20 18:54:00,BIO-MA-32OZ,1
2023-09-20 11:48:00,CHL-PS-17LB,3
2023-09-20 15:37:00,CHL-CT-21LB,1
2023-09-20 13:32:00,AQU-BA-32OZ,1
2023-09-20 10:37:00,INT-LS-1GAL,1
2023-09-20 09:21:00,INT-BA-32OZ,1
2023-09-20 16:40:00,CHL-PS-17LB,1
2023-09-20 13:58:00,INT-CT-25LB,3
2023-09-20 13:51:00,AQU-CT-11LB,1
2023-09-20 09:04:00,CHL-PS-1LB,3
2023-09-20 14:53:00,INT-LS-1GAL,1
2023-09-20 11:51:00,CHL-PU-2LB,2
2023-09-20 17:41:00,INT-BA-32OZ,2
2023-09-21 12:38:00,BIO-PU-5LB,2
2023-09-21 10:01:00,INT-CT-25LB,1
2023-09-21 15:21:00,CHL-PS-17LB,1
2023-09-21 15:19:00,INT-LS-1GAL,1
2023-09-21 09:50:00,INT-BA-32OZ,1
2023-09-21 12:58:00,CHL-PS-1LB,1
2023-09-21 10:19:00,INT-LS-1GAL,1
2023-09-21 16:51:00,AQU-PD-5LB,2
2023-09-21 15:52:00,INT-LS-1GAL,1
2023-09-21 11:37:00,INT-CT-25LB,1
2023-09-21 14:10:00,AQU-CT-11LB,1
2023-09-21 14:08:00,CHL-PS-1LB,1
2023-09-21 13:38:00,AQU-CT-11LB,2
2023-09-21 09:33:00,AQU-BA-32OZ,1
2023-09-21 16:15:00,BIO-MA-32OZ,4
2023-09-21 09:11:00,INT-CA-32OZ,2
2023-09-21 12:41:00,AQU-BA-32OZ,1
2023-09-21 17:50:00,CHL-PS-1LB,4
2023-09-21 15:46:00,AQU-CT-11LB,2
2023-09-21 15:15:00,BIO-MA-32OZ,1
2023-09-21 18:27:00,CHL-CT-21LB,1
2023-09-21 15:30:00,AQU-PS-25LB,1
2023-09-21 10:56:00,CHL-CT-21LB,1
2023-09-21 12:19:00,INT-LS-1GAL,1
2023-09-21 11:40:00,INT-CA-32OZ,3
2023-09-21 12:12:00,INT-CT-25LB,1
2023-09-21 18:56:00,HTH-F-2LB,1
2023-09-22 12:39:00,CHL-CT-1LB,1
2023-09-22 15:33:00,AQU-PS-25LB,1
2023-09-22 15:10:00,CHL-CT-21LB,1
2023-09-22 17:55:00,INT-BA-32OZ,1
2023-09-22 14:23:00,CHL-PS-17LB,2
2023-09-22 15:07:00,AQU-CT-11LB,1
2023-09-22 13:57:00,CHL-PS-17LB,2
2023-09-22 14:48:00,INT-BA-32OZ,1
2023-09-22 12:14:00,INT-LS-1GAL,1
2023-09-22 16:55:00,INT-BA-32OZ,3
2023-09-22 18:41:00,CHL-CT-21LB,1
2023-09-22 08:53:00,CHL-PS-1LB,1
2023-09-22 10:39:00,INT-BA-32OZ,1
2023-09-22 17:03:00,AQU-CT-11LB,1
2023-09-22 11:17:00,INT-LS-1GAL,1
2023-09-22 16:41:00,INT-CT-25LB,1
2023-09-23 12:08:00,AQU-BA-32OZ,1
2023-09-23 12:30:00,CHL-CT-1LB,2
2023-09-23 17:55:00,INT-CA-32OZ,2
2023-09-23 14:03:00,INT-BA-32OZ,1
2023-09-23 18:01:00,INT-LS-1GAL,1
2023-09-23 08:36:00,AQU-PS-5LB,2
2023-09-23 12:00:00,CHL-CT-1LB,1
2023-09-23 17:04:00,CHL-CT-21LB,1
2023-09-23 14:44:00,INT-CA-32OZ,1
2023-09-23 13:30:00,AQU-PS-25LB,1
2023-09-23 11:30:00,BIO-MA-32OZ,3
2023-09-23 14:08:00,CHL-PS-17LB,1
2023-09-23 12:56:00,INT-LS-1GAL,3
2023-09-23 10:25:00,CHL-PS-17LB,1
2023-09-23 14:44:00,CHL-PS-17LB,2
2023-09-24 10:08:00,AQU-PS-5LB,1
2023-09-24 13:16:00,CHL-PS-17LB,1
2023-09-24 17:09:00,AQU-BA-32OZ,3
2023-09-24 08:14:00,HTH-AI-11LB,1
2023-09-24 14:50:00,INT-LS-1GAL,2
2023-09-24 17:14:00,CHL-PS-17LB,1
2023-09-24 08:38:00,AQU-PS-25LB,4
2023-09-24 09:45:00,INT-CA-32OZ,1
2023-09-24 12:59:00,AQU-PS-5LB,2
2023-09-24 18:03:00,BIO-MA-32OZ,1
2023-09-24 09:43:00,CHL-PS-17LB,1
2023-09-24 13:09:00,INT-CT-25LB,3
2023-09-24 15:15:00,CHL-PS-17LB,1
2023-09-24 09:45:00,CHL-PS-17LB,1
2023-09-24 09:48:00,CHL-PS-17LB,2
2023-09-24 15:11:00,AQU-PS-25LB,1
2023-09-24 10:25:00,CHL-CT-1LB,3
2023-09-24 12:58:00,INT-CA-32OZ,1
2023-09-24 09:16:00,CHL-PS-1LB,1
2023-09-24 15:55:00,AQU-CT-11LB,1
2023-09-24 13:26:00,BIO-MA-32OZ,1
2023-09-24 17:50:00,HTH-AI-11LB,1
2023-09-25 08:40:00,AQU-PS-5LB,1
2023-09-25 09:33:00,CHL-CT-21LB,1
2023-09-25 12:08:00,INT-CA-32OZ,1
2023-09-25 17:51:00,CHL-PS-1LB,3
2023-09-25 11:13:00,INT-MA-1GAL,1
2023-09-25 13:39:00,BIO-MA-32OZ,1
2023-09-25 16:47:00,AQU-PS-25LB,1
2023-09-25 12:28:00,CHL-S-1LB,1
2023-09-25 12:10:00,CHL-PS-1LB,1
2023-09-25 10:36:00,CHL-PS-1LB,1
2023-09-25 16:40:00,AQU-CT-11LB,1
2023-09-25 11:53:00,CHL-PS-1LB,1
2023-09-25 18:48:00,CHL-CT-21LB,1
2023-09-25 13:39:00,CHL-CT-1LB,2
2023-09-25 14:43:00,CHL-PS-17LB,1
2023-09-25 14:58:00,BIO-MA-32OZ,1
2023-09-25 15:50:00,AQU-CT-11LB,3
2023-09-25 15:51:00,AQU-CT-11LB,1
2023-09-25 09:22:00,INT-MA-1GAL,1
2023-09-25 11:55:00,INT-BA-32OZ,1
2023-09-25 17:01:00,AQU-CT-11LB,1
2023-09-25 10:10:00,CHL-CT-1LB,2
2023-09-26 10:47:00,AQU-PS-5LB,4
2023-09-26 12:29:00,AQU-CT-11LB,1
2023-09-26 11:25:00,INT-CT-25LB,1
2023-09-26 13:00:00,AQU-CT-11LB,1
2023-09-26 08:46:00,AQU-BA-32OZ,1
2023-09-26 11:09:00,AQU-PS-25LB,1
2023-09-26 17:36:00,AQU-PS-5LB,3
2023-09-26 08:36:00,INT-MA-1GAL,2
2023-09-26 08:45:00,INT-BA-32OZ,2
2023-09-26 18:03:00,CHL-PS-1LB,1
2023-09-26 14:19:00,INT-LS-1GAL,2
2023-09-26 15:26:00,AQU-CT-11LB,1
2023-09-26 09:55:00,AQU-PS-25LB,1
2023-09-26 18:19:00,AQU-BA-32OZ,1
2023-09-26 12:09:00,INT-CT-25LB,1
2023-09-26 15:32:00,BIO-MA-32OZ,1
2023-09-26 15:15:00,INT-LS-1GAL,1
2023-09-26 13:20:00,AQU-PS-5LB,3
2023-09-26 12:42:00,CHL-S-1LB,1
2023-09-26 08:45:00,AQU-PS-25LB,1
2023-09-27 10:41:00,AQU-CT-11LB,1
2023-09-27 11:07:00,CHL-PS-1LB,3
2023-09-27 14:39:00,BIO-MA-32OZ,2
2023-09-27 15:38:00,AQU-CT-11LB,2
2023-09-27 10:46:00,INT-CT-25LB,1
2023-09-27 08:47:00,BIO-MA-32OZ,4
2023-09-27 14:28:00,AQU-BA-32OZ,2
2023-09-27 13:51:00,INT-CA-32OZ,1
2023-09-27 12:36:00,AQU-BA-32OZ,1
2023-09-27 11:39:00,CHL-PS-17LB,2
2023-09-27 11:19:00,CHL-PU-2LB,1
2023-09-27 11:43:00,BIO-MA-32OZ,1
2023-09-27 17:25:00,INT-MA-1GAL,1
2023-09-27 17:01:00,INT-CT-25LB,2
2023-09-27 12:20:00,BIO-MA-32OZ,3
2023-09-27 11:47:00,AQU-BA-32OZ,1
2023-09-27 18:37:00,AQU-PS-5LB,2
2023-09-27 10:50:00,INT-MA-1GAL,1
2023-09-27 13:11:00,CHL-PS-1LB,1
2023-09-27 16:30:00,CHL-CT-1LB,2
2023-09-27 16:44:00,CHL-PS-1LB,1
2023-09-27 11:21:00,AQU-BA-32OZ,1
2023-09-27 15:12:00,INT-CA-32OZ,1
2023-09-27 11:52:00,INT-BA-32OZ,1
2023-09-27 16:06:00,INT-LS-1GAL,1
2023-09-28 11:01:00,CHL-PS-1LB,2
2023-09-28 15:14:00,CHL-PS-1LB,3
2023-09-28 12:21:00,AQU-PS-25LB,1
2023-09-28 11:40:00,AQU-PS-5LB,1
2023-09-28 18:13:00,CHL-CT-21LB,1
2023-09-28 08:11:00,CHL-PS-1LB,3
2023-09-28 11:27:00,BIO-MA-32OZ,1
2023-09-28 12:06:00,INT-CT-25LB,1
2023-09-28 10:09:00,CHL-PS-17LB,3
2023-09-28 12:48:00,INT-LS-1GAL,1
2023-09-28 15:59:00,INT-CT-25LB,1
2023-09-28 12:01:00,AQU-BA-32OZ,1
2023-09-28 18:36:00,INT-CA-32OZ,1
2023-09-28 16:23:00,AQU-PS-5LB,1
2023-09-28 11:45:00,BIO-MA-32OZ,1
2023-09-28 15:10:00,AQU-CT-11LB,1
2023-09-28 08:15:00,INT-CT-25LB,3
2023-09-28 11:22:00,CHL-PS-17LB,1
2023-09-28 08:20:00,AQU-CT-11LB,1
2023-09-28 09:25:00,CHL-PU-2LB,1
2023-09-28 08:08:00,AQU-PS-5LB,2
2023-09-28 11:52:00,AQU-PS-25LB,2
2023-09-28 10:20:00,BIO-MA-32OZ,1
2023-09-28 09:52:00,CHL-PS-17LB,1
2023-09-28 08:31:00,CHL-PS-17LB,1
2023-09-29 13:22:00,AQU-BA-32OZ,2
2023-09-29 13:34:00,CHL-PS-1LB,3
2023-09-29 15:03:00,AQU-PS-5LB,1
2023-09-29 17:17:00,CHL-PS-17LB,1
2023-09-29 18:44:00,INT-CA-32OZ,1
2023-09-29 08:17:00,INT-CT-25LB,1
2023-09-29 10:09:00,CHL-PS-1LB,2
2023-09-29 18:52:00,BIO-MA-32OZ,1
2023-09-29 18:43:00,CHL-CT-1LB,1
2023-09-29 12:21:00,INT-CT-25LB,1
2023-09-29 14:19:00,INT-BA-32OZ,4
2023-09-29 09:05:00,CHL-CT-1LB,1
2023-09-29 17:39:00,INT-BA-32OZ,1
2023-09-29 10:23:00,CHL-CT-1LB,1
2023-09-29 13:54:00,INT-BA-32OZ,1
2023-09-29 09:08:00,CHL-PS-17LB,1
2023-09-29 13:14:00,AQU-BA-32OZ,3
2023-09-29 16:51:00,INT-CA-32OZ,1
2023-09-29 08:31:00,CHL-PS-17LB,1
2023-09-29 16:04:00,AQU-PS-5LB,2
2023-09-29 17:05:00,INT-LS-1GAL,2
2023-09-29 11:52:00,BIO-MA-32OZ,3
2023-09-29 13:57:00,INT-CA-32OZ,1
2023-09-29 08:22:00,INT-CT-25LB,1
2023-09-29 11:46:00,CHL-PS-17LB,1
2023-09-29 12:39:00,CHL-PS-17LB,3
2023-09-29 12:59:00,CHL-PS-17LB,2
2023-09-30 09:39:00,CHL-CT-1LB,2
2023-09-30 15:07:00,AQU-PS-25LB,2
2023-09-30 13:44:00,INT-BA-32OZ,1
2023-09-30 15:54:00,CHL-PS-1LB,2
2023-09-30 13:22:00,AQU-PS-25LB,3
2023-09-30 15:07:00,AQU-PS-5LB,1
2023-09-30 14:27:00,INT-BA-32OZ,1
2023-09-30 11:11:00,INT-LS-1GAL,3
2023-09-30 16:40:00,INT-CA-32OZ,1
2023-09-30 18:08:00,INT-CT-25LB,1
2023-09-30 12:26:00,INT-MA-1GAL,3
2023-09-30 11:01:00,AQU-PS-25LB,1
2023-09-30 14:07:00,INT-CHI-7LB,1
2023-09-30 14:08:00,INT-MA-1GAL,1
2023-09-30 09:42:00,CHL-PS-1LB,1
2023-09-30 18:55:00,AQU-CT-11LB,2
2023-09-30 16:42:00,INT-LS-1GAL,1
2023-09-30 13:57:00,BIO-PU-5LB,1
2023-10-01 14:15:00,CHL-CT-21LB,1
2023-10-01 13:08:00,CHL-PS-1LB,1
2023-10-01 08:55:00,CHL-CT-1LB,1
2023-10-01 08:29:00,AQU-CT-11LB,1
2023-10-01 14:04:00,INT-BA-32OZ,1
2023-10-01 13:02:00,CHL-CT-1LB,1
2023-10-01 12:09:00,AQU-PS-25LB,1
2023-10-01 08:20:00,BIO-PU-5LB,1
2023-10-01 17:35:00,CHL-CT-1LB,2
2023-10-02 16:51:00,CHL-CT-21LB,3
2023-10-02 13:42:00,INT-BA-32OZ,1
2023-10-02 18:26:00,AQU-PS-5LB,3
2023-10-02 17:28:00,AQU-CT-11LB,3
2023-10-02 15:56:00,INT-CA-32OZ,4
2023-10-02 09:19:00,AQU-BA-32OZ,1
2023-10-02 11:43:00,INT-CA-32OZ,1
2023-10-02 11:44:00,AQU-PS-25LB,1
2023-10-02 14:01:00,CHL-CT-1LB,1
2023-10-03 16:02:00,CHL-PS-17LB,1
2023-10-03 17:02:00,INT-MA-1GAL,1
2023-10-03 09:02:00,CHL-CT-1LB,1
2023-10-03 09:58:00,CHL-PS-17LB,1
2023-10-03 12:48:00,AQU-BA-32OZ,1
2023-10-03 14:46:00,CHL-CT-21LB,2
2023-10-03 09:54:00,CHL-PS-1LB,1
2023-10-03 08:46:00,INT-CA-32OZ,1
2023-10-03 11:38:00,CHL-PS-1LB,1
2023-10-03 10:31:00,INT-BA-32OZ,1
2023-10-03 16:33:00,BIO-MA-32OZ,1
2023-10-03 16:35:00,CHL-PS-17LB,1
2023-10-04 17:13:00,BIO-MA-32OZ,3
2023-10-04 08:17:00,CHL-CT-1LB,4
2023-10-04 14:42:00,AQU-BA-32OZ,4
2023-10-04 09:24:00,AQU-BA-32OZ,2
2023-10-04 11:35:00,INT-MA-1GAL,1
2023-10-04 16:07:00,BIO-MA-32OZ,1
2023-10-04 14:32:00,INT-CA-32OZ,2
2023-10-04 15:45:00,INT-CA-32OZ,2
2023-10-05 13:05:00,CHL-CT-1LB,1
2023-10-05 16:52:00,CHL-PS-1LB,1
2023-10-05 18:22:00,INT-BA-32OZ,1
2023-10-05 14:59:00,CHL-PS-17LB,1
2023-10-05 17:02:00,INT-LS-1GAL,2
2023-10-05 13:40:00,INT-CT-25LB,1
2023-10-05 08:42:00,INT-CA-32OZ,1
2023-10-05 17:24:00,INT-BA-32OZ,1
2023-10-05 13:25:00,HTH-F-2LB,1
2023-10-05 16:34:00,INT-CA-32OZ,1
2023-10-05 10:24:00,AQU-PS-5LB,1
2023-10-05 15:11:00,CHL-CT-1LB,2
2023-10-05 16:02:00,CHL-PS-1LB,2
2023-10-06 10:45:00,AQU-PS-5LB,3
2023-10-06 15:10:00,INT-LS-1GAL,1
2023-10-06 08:46:00,INT-BA-32OZ,1
2023-10-06 18:35:00,AQU-CT-11LB,1
2023-10-06 09:43:00,CHL-CHI-20LB,1
2023-10-06 18:55:00,HTH-F-2LB,1
2023-10-07 10:40:00,INT-LS-1GAL,3
2023-10-07 11:29:00,INT-LS-1GAL,1
2023-10-07 11:22:00,AQU-PS-5LB,4
2023-10-07 14:18:00,AQU-PS-5LB,2
2023-10-07 08:29:00,CHL-CT-21LB,1
2023-10-07 16:14:00,CHL-PS-1LB,3
2023-10-07 08:34:00,INT-CA-32OZ,1
2023-10-07 11:03:00,AQU-CT-11LB,1
2023-10-07 14:38:00,INT-BA-32OZ,1
2023-10-07 15:56:00,INT-CA-32OZ,1
2023-10-07 16:48:00,AQU-CHI-11LB,1
2023-10-08 18:36:00,INT-CA-32OZ,1
2023-10-08 13:06:00,CHL-PS-1LB,1
2023-10-08 18:16:00,AQU-PS-25LB,1
2023-10-08 13:18:00,AQU-PS-25LB,1
2023-10-08 17:35:00,CHL-PS-1LB,3
2023-10-08 11:26:00,CHL-CT-21LB,1
2023-10-08 15:57:00,INT-BA-32OZ,2
2023-10-08 09:16:00,INT-CT-25LB,1
2023-10-09 12:36:00,AQU-PS-5LB,3
2023-10-09 08:27:00,AQU-PS-25LB,1
2023-10-09 14:33:00,INT-BA-32OZ,1
2023-10-09 16:46:00,CHL-CHI-20LB,3
2023-10-09 14:28:00,INT-CT-25LB,2
2023-10-09 13:04:00,AQU-CT-11LB,2
2023-10-09 16:21:00,INT-BA-32OZ,1
2023-10-09 15:57:00,INT-MA-1GAL,3
2023-10-09 09:05:00,INT-MA-1GAL,2
2023-10-09 14:19:00,CHL-CT-1LB,1
2023-10-09 13:27:00,CHL-PS-17LB,1
2023-10-09 08:22:00,AQU-PS-25LB,1
2023-10-10 13:52:00,CHL-CT-21LB,1
2023-10-10 14:13:00,INT-BA-32OZ,4
2023-10-11 11:59:00,INT-BA-32OZ,1
2023-10-11 09:32:00,AQU-CT-11LB,2
2023-10-11 08:58:00,CHL-CT-21LB,4
2023-10-11 18:41:00,CHL-PS-1LB,1
2023-10-11 15:13:00,AQU-PS-25LB,2
2023-10-11 17:59:00,CHL-CT-21LB,1
2023-10-12 08:08:00,HTH-F-2LB,1
2023-10-13 13:27:00,CHL-PS-17LB,1
2023-10-14 11:15:00,AQU-CT-11LB,1
2023-10-14 15:45:00,AQU-BA-32OZ,1
2023-10-15 11:01:00,BIO-MA-32OZ,3
2023-10-16 09:24:00,BIO-MA-32OZ,2
2023-10-16 15:44:00,AQU-PS-25LB,1
2023-10-16 16:30:00,INT-CT-25LB,1
2023-10-17 10:53:00,INT-CA-32OZ,1
2023-10-18 13:18:00,INT-CT-25LB,1
2023-10-18 16:30:00,AQU-PS-25LB,2
2023-10-19 08:54:00,INT-BA-32OZ,2
2023-10-19 09:09:00,INT-CA-32OZ,1
2023-10-19 12:42:00,CHL-PS-17LB,3
2023-10-19 08:08:00,CHL-CT-1LB,4
2023-10-20 12:21:00,AQU-BA-32OZ,2
2023-10-20 13:01:00,BIO-MA-32OZ,1
2023-10-20 18:03:00,AQU-BA-32OZ,1
2023-10-20 13:18:00,AQU-CT-11LB,3
2023-10-21 08:32:00,INT-BA-32OZ,1
2023-10-21 08:42:00,CHL-CT-21LB,1
2023-10-21 17:37:00,AQU-BA-32OZ,1
2023-10-22 11:36:00,AQU-PS-5LB,1
2023-10-22 15:25:00,INT-CT-25LB,2
2023-10-22 18:29:00,CHL-CT-21LB,2
2023-10-22 11:33:00,INT-CT-25LB,1
2023-10-22 16:30:00,CHL-PS-1LB,1
2023-10-23 14:06:00,INT-CA-32OZ,2
2023-10-24 08:12:00,INT-CT-25LB,1
2023-10-24 12:15:00,INT-BA-32OZ,1
2023-10-24 16:14:00,INT-CT-25LB,1
2023-10-25 08:01:00,INT-CA-32OZ,1
2023-10-25 08:37:00,CHL-CT-1LB,1
2023-10-25 09:18:00,INT-CA-32OZ,1
2023-10-25 11:20:00,CHL-PS-17LB,4
2023-10-25 10:39:00,CHL-CT-21LB,1
2023-10-26 11:01:00,CHL-CT-21LB,1
2023-10-26 15:44:00,CHL-PS-17LB,1
2023-10-27 12:06:00,CHL-PS-17LB,1
2023-10-27 15:36:00,CHL-CT-21LB,1
2023-10-27 17:41:00,INT-CT-25LB,1
2023-10-27 14:20:00,INT-LS-1GAL,1
2023-10-27 12:26:00,AQU-PS-25LB,1
2023-10-27 14:09:00,INT-CA-32OZ,2
2023-10-28 15:44:00,INT-LS-1GAL,2
2023-10-28 11:22:00,INT-CT-25LB,1
2023-10-28 09:33:00,AQU-BA-32OZ,1
2023-10-29 14:10:00,CHL-CT-21LB,1
2023-10-29 10:21:00,BIO-MA-32OZ,3
2023-10-29 10:28:00,INT-MA-1GAL,1
2023-10-29 13:40:00,INT-BA-32OZ,1
2023-10-30 08:10:00,AQU-CT-11LB,1
2023-10-30 10:15:00,CHL-PS-17LB,1
2023-10-31 11:57:00,AQU-PS-25LB,1
2023-11-01 08:23:00,AQU-PS-5LB,3
2023-11-01 14:47:00,INT-BA-32OZ,1
2023-11-01 15:28:00,INT-CT-25LB,1
2023-11-01 09:11:00,BIO-MA-32OZ,3
2023-11-02 18:23:00,CHL-PS-1LB,1
2023-11-03 08:52:00,AQU-BA-32OZ,1
2023-11-03 12:06:00,CHL-CT-1LB,1
2023-11-04 18:10:00,INT-BA-32OZ,1
2023-11-04 16:56:00,AQU-BA-32OZ,1
2023-11-04 08:21:00,INT-AI-25LB,1
2023-11-04 09:26:00,INT-CA-32OZ,1
2023-11-04 14:27:00,AQU-CT-11LB,1
2023-11-05 16:51:00,INT-LS-1GAL,1
2023-11-06 10:13:00,CHL-CT-21LB,2
2023-11-07 15:33:00,AQU-BA-32OZ,1
2023-11-07 16:18:00,AQU-BA-32OZ,2
2023-11-07 12:31:00,AQU-PS-25LB,1
2023-11-08 08:37:00,INT-LS-1GAL,1
2023-11-08 16:24:00,INT-CT-25LB,1
2023-11-08 11:26:00,INT-CT-25LB,1
2023-11-09 10:30:00,AQU-CT-11LB,4
2023-11-10 13:53:00,INT-LS-1GAL,1
2023-11-10 16:51:00,INT-BA-32OZ,3
2023-11-11 12:19:00,CHL-PU-2LB,1
2023-11-11 12:09:00,INT-LS-1GAL,1
2023-11-11 08:09:00,AQU-PS-25LB,1
2023-11-11 10:51:00,AQU-BA-32OZ,1
2023-11-12 16:09:00,AQU-PS-5LB,1
2023-11-12 12:34:00,INT-CT-25LB,1
2023-11-12 16:53:00,INT-BA-32OZ,2
2023-11-12 14:12:00,AQU-CT-11LB,4
2023-11-13 11:55:00,CHL-PS-17LB,1
2023-11-13 15:15:00,AQU-CT-11LB,1
2023-11-13 15:04:00,AQU-PS-5LB,1
2023-11-14 08:14:00,CHL-PS-1LB,1
2023-11-15 09:58:00,AQU-PS-5LB,3
2023-11-15 16:02:00,AQU-PS-5LB,1
2023-11-15 10:24:00,AQU-PS-25LB,2
2023-11-15 18:24:00,CHL-PS-1LB,4
2023-11-15 18:37:00,CHL-PS-1LB,1
2023-11-16 12:50:00,AQU-CT-11LB,2
2023-11-16 09:38:00,INT-MA-1GAL,1
2023-11-16 11:42:00,INT-CA-32OZ,2
2023-11-16 17:26:00,INT-CT-25LB,1
2023-11-17 09:01:00,BIO-MA-32OZ,1
2023-11-18 09:55:00,AQU-BA-32OZ,2
2023-11-19 09:53:00,CHL-PS-1LB,1
2023-11-19 09:52:00,AQU-PS-5LB,1
2023-11-20 17:08:00,HTH-S-5LB,1
2023-11-20 13:54:00,INT-CA-32OZ,1
2023-11-21 18:43:00,CHL-CT-1LB,1
2023-11-21 17:09:00,INT-BA-32OZ,1
2023-11-21 12:46:00,AQU-PS-5LB,2
2023-11-21 15:26:00,AQU-CT-11LB,1
2023-11-22 18:49:00,CHL-CT-1LB,1
2023-11-22 11:18:00,CHL-PS-1LB,1
2023-11-22 09:02:00,CHL-CHI-20LB,3
2023-11-23 09:17:00,CHL-CT-1LB,1
2023-11-24 09:33:00,AQU-CT-11LB,1
2023-11-25 16:40:00,AQU-CT-11LB,3
2023-11-26 08:21:00,HTH-F-2LB,3
2023-11-27 11:10:00,AQU-BA-32OZ,2
2023-11-27 13:40:00,AQU-CT-11LB,1
2023-11-27 09:28:00,AQU-PS-25LB,1
2023-11-27 17:42:00,INT-AI-25LB,3
2023-11-28 12:28:00,CHL-PS-17LB,1
2023-11-29 13:26:00,INT-BA-32OZ,2
2023-11-30 12:50:00,CHL-PS-17LB,3
2023-12-01 14:29:00,CHL-CT-1LB,1
2023-12-02 18:52:00,CHL-CT-1LB,1
2023-12-03 16:13:00,INT-BA-32OZ,1
2023-12-03 09:01:00,AQU-PS-25LB,1
2023-12-04 12:51:00,INT-LS-1GAL,3
2023-12-05 14:17:00,HTH-AI-11LB,1
2023-12-05 13:30:00,INT-CA-32OZ,1
2023-12-05 10:48:00,CHL-PS-1LB,1
2023-12-05 10:29:00,AQU-PS-5LB,1
2023-12-06 15:38:00,AQU-PS-25LB,2
2023-12-06 12:50:00,INT-CA-32OZ,4
2023-12-07 12:01:00,INT-CT-25LB,1
2023-12-08 15:16:00,INT-BA-32OZ,2
2023-12-09 18:37:00,INT-CA-32OZ,4
2023-12-10 16:28:00,AQU-BA-32OZ,1
2023-12-10 08:38:00,INT-CA-32OZ,3
2023-12-11 11:38:00,BIO-MA-32OZ,1
2023-12-11 09:45:00,INT-CT-25LB,1
2023-12-11 11:25:00,INT-LS-1GAL,1
2023-12-11 17:18:00,AQU-BA-32OZ,2
2023-12-12 18:25:00,CHL-CT-21LB,1
2023-12-13 09:00:00,CHL-CT-21LB,1
2023-12-13 14:01:00,INT-MA-1GAL,1
2023-12-13 11:10:00,AQU-CHI-11LB,1
2023-12-13 14:48:00,AQU-PS-5LB,1
2023-12-13 15:22:00,AQU-CT-11LB,1
2023-12-14 09:44:00,CHL-CT-21LB,1
2023-12-15 08:22:00,BIO-MA-32OZ,2
2023-12-15 15:59:00,INT-MA-1GAL,1
2023-12-15 14:15:00,CHL-PS-1LB,1
2023-12-15 09:43:00,INT-LS-1GAL,1
2023-12-16 09:01:00,AQU-BA-32OZ,2
2023-12-16 16:38:00,AQU-PS-25LB,1
2023-12-16 14:41:00,INT-BA-32OZ,4
2023-12-16 13:18:00,CHL-PS-1LB,1
2023-12-17 09:10:00,INT-LS-1GAL,3
2023-12-17 13:14:00,INT-LS-1GAL,1
2023-12-18 14:59:00,INT-CA-32OZ,1
2023-12-18 12:01:00,CHL-CT-1LB,1
2023-12-19 15:18:00,CHL-CT-21LB,3
2023-12-20 14:29:00,INT-CT-25LB,1
2023-12-20 17:19:00,INT-CT-25LB,2
2023-12-20 16:24:00,AQU-PS-5LB,3
2023-12-20 18:40:00,CHL-PS-1LB,1
2023-12-20 17:52:00,INT-CT-25LB,1
2023-12-20 16:37:00,CHL-PS-1LB,1
2023-12-21 12:33:00,AQU-BA-32OZ,1
2023-12-22 08:57:00,INT-LS-1GAL,3
2023-12-23 14:51:00,CHL-CT-1LB,1
2023-12-23 09:01:00,AQU-PS-25LB,1
2023-12-23 08:58:00,INT-LS-1GAL,1
2023-12-23 15:51:00,CHL-PS-17LB,1
2023-12-24 09:28:00,CHL-CT-21LB,1
2023-12-24 15:48:00,CHL-PS-17LB,1
2023-12-25 18:30:00,AQU-PS-25LB,1
2023-12-25 13:36:00,AQU-PS-5LB,1
2023-12-25 12:38:00,CHL-PS-17LB,1
2023-12-25 11:51:00,AQU-PS-25LB,1
2023-12-26 08:28:00,AQU-PS-5LB,1
2023-12-27 09:59:00,CHL-PS-17LB,1
2023-12-27 09:28:00,CHL-CT-21LB,2
2023-12-28 14:53:00,CHL-PS-1LB,1
2023-12-29 08:17:00,AQU-BA-32OZ,3
2023-12-30 10:59:00,CHL-PS-1LB,1
2023-12-30 09:17:00,INT-BA-32OZ,4
2023-12-30 12:18:00,BIO-MA-32OZ,1
2023-12-30 09:51:00,AQU-PS-25LB,2
2023-12-31 17:27:00,INT-CT-25LB,1
2023-12-31 15:17:00,AQU-BA-32OZ,3
